# Blender v2.90.0 OBJ File: ''
# www.blender.org
mtllib Монета.mtl
o Circle
v -0.048992 3.804443 3.215601
v -0.235668 3.799860 3.215601
v -0.421893 3.786124 3.215601
v -0.607220 3.763265 3.215601
v -0.791202 3.731341 3.215601
v -0.973397 3.690429 3.215601
v -1.153364 3.640625 3.215601
v -1.330671 3.582050 3.215601
v -1.504890 3.514847 3.215601
v -1.675601 3.439176 3.215601
v -1.842394 3.355219 3.215601
v -2.004867 3.263180 3.215601
v -2.162627 3.163279 3.215601
v -2.315296 3.055757 3.215601
v -2.462506 2.940874 3.215601
v -2.603900 2.818906 3.215601
v -2.739140 2.690147 3.215601
v -2.867899 2.554907 3.215601
v -2.989867 2.413513 3.215601
v -3.104750 2.266304 3.215601
v -3.212272 2.113635 3.215601
v -3.312172 1.955874 3.215601
v -3.404212 1.793401 3.215601
v -3.488168 1.626608 3.215601
v -3.563840 1.455896 3.215601
v -3.631044 1.281677 3.215601
v -3.689618 1.104370 3.215601
v -3.739421 0.924403 3.215601
v -3.780334 0.742209 3.215601
v -3.812259 0.558226 3.215601
v -3.835116 0.372899 3.215601
v -3.848853 0.186674 3.215601
v -3.853435 -0.000002 3.215600
v -3.848853 -0.186677 3.215600
v -3.835116 -0.372902 3.215600
v -3.812258 -0.558230 3.215600
v -3.780334 -0.742212 3.215600
v -3.739420 -0.924406 3.215600
v -3.689617 -1.104374 3.215600
v -3.631042 -1.281680 3.215600
v -3.563839 -1.455900 3.215600
v -3.488167 -1.626611 3.215600
v -3.404211 -1.793403 3.215600
v -3.312171 -1.955876 3.215600
v -3.212271 -2.113636 3.215600
v -3.104749 -2.266304 3.215600
v -2.989866 -2.413513 3.215600
v -2.867899 -2.554908 3.215600
v -2.739141 -2.690147 3.215600
v -2.603901 -2.818906 3.215600
v -2.462507 -2.940873 3.215600
v -2.315298 -3.055756 3.215600
v -2.162630 -3.163277 3.215600
v -2.004869 -3.263178 3.215600
v -1.842397 -3.355218 3.215600
v -1.675604 -3.439174 3.215600
v -1.504893 -3.514846 3.215600
v -1.330675 -3.582049 3.215600
v -1.153368 -3.640624 3.215600
v -0.973402 -3.690427 3.215600
v -0.791208 -3.731341 3.215600
v -0.607226 -3.763265 3.215600
v -0.421899 -3.786123 3.215600
v -0.235674 -3.799860 3.215600
v -0.048999 -3.804443 3.215600
v 0.137675 -3.799861 3.215600
v 0.323901 -3.786124 3.215600
v 0.509227 -3.763267 3.215600
v 0.693209 -3.731344 3.215600
v 0.875403 -3.690431 3.215600
v 1.055370 -3.640628 3.215600
v 1.232677 -3.582054 3.215600
v 1.406896 -3.514851 3.215600
v 1.577607 -3.439180 3.215600
v 1.744400 -3.355225 3.215600
v 1.906873 -3.263185 3.215600
v 2.064634 -3.163285 3.215600
v 2.217302 -3.055765 3.215600
v 2.364512 -2.940882 3.215600
v 2.505906 -2.818915 3.215600
v 2.641146 -2.690157 3.215600
v 2.769906 -2.554918 3.215600
v 2.891874 -2.413523 3.215600
v 3.006758 -2.266314 3.215600
v 3.114280 -2.113645 3.215600
v 3.214182 -1.955884 3.215600
v 3.306221 -1.793412 3.215600
v 3.390179 -1.626618 3.215600
v 3.465851 -1.455906 3.215600
v 3.533055 -1.281687 3.215600
v 3.591630 -1.104380 3.215600
v 3.641434 -0.924412 3.215600
v 3.682348 -0.742218 3.215600
v 3.714272 -0.558235 3.215600
v 3.737130 -0.372907 3.215600
v 3.750868 -0.186681 3.215600
v 3.755451 -0.000006 3.215600
v 3.750868 0.186670 3.215601
v 3.737131 0.372896 3.215601
v 3.714274 0.558224 3.215601
v 3.682350 0.742207 3.215601
v 3.641437 0.924401 3.215601
v 3.591634 1.104369 3.215601
v 3.533059 1.281677 3.215601
v 3.465855 1.455896 3.215601
v 3.390183 1.626608 3.215601
v 3.306227 1.793402 3.215601
v 3.214187 1.955875 3.215601
v 3.114285 2.113636 3.215601
v 3.006764 2.266305 3.215601
v 2.891881 2.413515 3.215601
v 2.769912 2.554910 3.215601
v 2.641153 2.690150 3.215601
v 2.505913 2.818909 3.215601
v 2.364517 2.940877 3.215601
v 2.217308 3.055760 3.215601
v 2.064638 3.163281 3.215601
v 1.906877 3.263182 3.215601
v 1.744404 3.355222 3.215601
v 1.577610 3.439178 3.215601
v 1.406898 3.514850 3.215601
v 1.232679 3.582053 3.215601
v 1.055371 3.640627 3.215601
v 0.875403 3.690431 3.215601
v 0.693208 3.731344 3.215601
v 0.509225 3.763267 3.215601
v 0.323898 3.786124 3.215601
v 0.137672 3.799860 3.215601
v 0.025517 3.543496 3.240000
v 0.032110 3.538984 3.232600
v -0.022655 3.502769 3.232600
v -0.030073 3.506735 3.240000
v 0.179685 3.476751 3.240000
v 0.199053 3.503652 3.232600
v 0.101890 3.273111 3.232600
v 0.094513 3.274661 3.240000
v -0.048992 3.592600 3.240000
v -0.048992 3.600000 3.232600
v -0.048992 3.212289 3.232600
v -0.048992 3.219689 3.240000
v -0.130094 3.538984 3.232600
v -0.123501 3.543496 3.240000
v -0.067911 3.506735 3.240000
v -0.075330 3.502769 3.232600
v -0.297037 3.503652 3.232600
v -0.277669 3.476751 3.240000
v -0.192497 3.274661 3.240000
v -0.199875 3.273111 3.232600
v 0.028841 3.344008 3.240000
v 0.027528 3.352711 3.232600
v -0.029449 3.370199 3.240000
v -0.022071 3.374997 3.232600
v -0.126825 3.344008 3.240000
v -0.125513 3.352711 3.232600
v -0.068535 3.370199 3.240000
v -0.075913 3.374997 3.232600
v 0.072566 3.218974 3.240000
v 0.075567 3.211556 3.232600
v 0.093985 3.239947 3.240000
v 0.101338 3.236790 3.232600
v -0.173551 3.211556 3.232600
v -0.170550 3.218974 3.240000
v -0.191970 3.239947 3.240000
v -0.199322 3.236790 3.232600
v 0.033295 3.579311 3.240000
v 0.041277 3.581200 3.232600
v 0.022582 3.592600 3.240000
v 0.026122 3.600000 3.232600
v -0.131279 3.579311 3.240000
v -0.139262 3.581200 3.232600
v -0.120566 3.592600 3.240000
v -0.124106 3.600000 3.232600
v 0.188399 3.133676 3.232600
v 0.174729 3.126072 3.240000
v -0.048992 1.297383 3.232600
v -0.048992 1.306036 3.240000
v -0.048992 3.122742 3.240000
v -0.048992 3.130143 3.232600
v -0.272713 3.126072 3.240000
v -0.286383 3.133676 3.232600
v 0.055699 2.895902 3.240000
v 0.062973 2.894286 3.232600
v 0.089864 2.993782 3.240000
v 0.096563 2.990520 3.232600
v 0.034839 2.637406 3.240000
v 0.042239 2.637225 3.232600
v 0.040090 2.742314 3.240000
v 0.047472 2.741754 3.232600
v 0.059575 1.641669 3.240000
v 0.066588 1.644180 3.232600
v 0.035955 1.742719 3.240000
v 0.043354 1.743577 3.232600
v 0.120523 1.408769 3.240000
v 0.126820 1.403932 3.232600
v 0.140554 1.477399 3.240000
v 0.148464 1.478088 3.232600
v -0.153683 2.895902 3.240000
v -0.160957 2.894286 3.232600
v -0.187848 2.993782 3.240000
v -0.194547 2.990520 3.232600
v -0.132823 2.637406 3.240000
v -0.140224 2.637225 3.232600
v -0.138075 2.742314 3.240000
v -0.145456 2.741754 3.232600
v -0.157560 1.641669 3.240000
v -0.164572 1.644180 3.232600
v -0.133940 1.742719 3.240000
v -0.141338 1.743577 3.232600
v -0.224805 1.403932 3.232600
v -0.218508 1.408769 3.240000
v -0.238538 1.477399 3.240000
v -0.246448 1.478088 3.232600
v 1.593720 2.291498 3.239999
v 1.607978 2.284989 3.232599
v 1.884916 2.302571 3.232599
v 1.851532 2.307867 3.239999
v 1.276090 2.544344 3.232599
v 1.273807 2.537289 3.239999
v 0.972776 2.621271 3.232599
v 0.971990 2.613836 3.239999
v 0.623305 2.608084 3.232599
v 0.637311 2.601207 3.239999
v 0.766170 2.408072 3.232599
v 0.764699 2.422863 3.239999
v 0.814525 2.515771 3.232599
v 0.810386 2.524619 3.239999
v 1.065089 2.445437 3.232599
v 1.068929 2.452045 3.239999
v 1.247517 2.265207 3.232599
v 1.261734 2.261563 3.239999
v 0.854087 2.153112 3.232599
v 0.901690 2.158981 3.239999
v 1.399174 2.135529 3.232599
v 1.404500 2.142761 3.239999
v 0.423195 -0.233554 3.239999
v 0.414336 -0.248622 3.232599
v 0.862318 0.089967 3.239999
v 0.867135 0.084349 3.232599
v 0.715135 -0.032922 3.239999
v 0.719612 -0.038824 3.232599
v 1.200128 0.401655 3.239999
v 1.205522 0.396583 3.232599
v 1.064575 0.266622 3.239999
v 1.069625 0.261208 3.232599
v 1.556017 0.833330 3.239999
v 1.562216 0.829274 3.232599
v 1.444175 0.678916 3.239999
v 1.449962 0.674291 3.232599
v 1.814561 1.339850 3.239999
v 1.821746 1.337953 3.232599
v 1.750323 1.163504 3.239999
v 1.757044 1.160335 3.232599
v 1.849711 1.779303 3.239999
v 1.857075 1.780365 3.232599
v 1.857143 1.592842 3.239999
v 1.864568 1.592370 3.232599
v 1.725835 2.117997 3.239999
v 1.732177 2.121883 3.232599
v 1.806858 1.949669 3.239999
v 1.813852 1.952202 3.232599
v 1.526008 1.661768 3.239999
v 1.518560 1.662314 3.232599
v 1.516077 1.820630 3.239999
v 1.508754 1.819161 3.232599
v 1.408088 1.255750 3.239999
v 1.401567 1.259322 3.232599
v 1.471504 1.404236 3.239999
v 1.464414 1.406476 3.232599
v 1.072457 0.795467 3.239999
v 1.067102 0.800591 3.232599
v 1.178476 0.919196 3.239999
v 1.172592 0.923702 3.232599
v 0.687600 0.443465 3.239999
v 0.682853 0.449144 3.232599
v 0.810875 0.550518 3.239999
v 0.805919 0.556014 3.232599
v 0.463681 0.272778 3.232599
v 0.470754 0.268971 3.239999
v -0.048994 -0.606956 3.239999
v -0.048994 -0.616278 3.232599
v -0.048994 -0.142902 3.232599
v -0.048994 -0.152464 3.239999
v -1.691704 2.291498 3.240000
v -1.705962 2.284989 3.232600
v -1.982901 2.302571 3.232600
v -1.949517 2.307867 3.240000
v -1.374075 2.544344 3.232600
v -1.371791 2.537289 3.240000
v -1.070760 2.621271 3.232600
v -1.069974 2.613836 3.240000
v -0.721289 2.608084 3.232600
v -0.735295 2.601207 3.240000
v -0.864155 2.408072 3.232600
v -0.862684 2.422863 3.240000
v -0.912509 2.515771 3.232600
v -0.908370 2.524619 3.240000
v -1.163073 2.445437 3.232600
v -1.166914 2.452045 3.240000
v -1.345501 2.265207 3.232600
v -1.359718 2.261563 3.240000
v -0.952072 2.153112 3.232600
v -0.999674 2.158981 3.240000
v -1.497159 2.135529 3.232600
v -1.502485 2.142761 3.240000
v 0.232612 -2.506498 3.232599
v 0.243262 -2.486805 3.239999
v 0.634833 -0.882228 3.232599
v 0.632283 -0.891302 3.239999
v 0.929356 -0.005254 3.232599
v 0.937232 -0.010228 3.239999
v 2.686188 1.491178 3.240000
v 2.696491 1.524505 3.232600
v 1.490585 -0.210917 3.239999
v 1.516203 -0.205266 3.232599
v 3.212751 -0.047222 3.239999
v 3.239379 -0.029432 3.232599
v 1.517710 -0.407816 3.239999
v 1.535984 -0.418465 3.232599
v 2.994327 -1.241111 3.239999
v 3.041566 -1.249282 3.232599
v 1.413332 -0.682028 3.239999
v 1.430483 -0.706394 3.232599
v 2.130407 -1.659323 3.239999
v 2.164592 -1.677879 3.232599
v 1.222543 -1.059718 3.239999
v 1.230472 -1.077844 3.232599
v 1.363714 -1.699186 3.239999
v 1.388723 -1.735025 3.232599
v 1.029055 -1.048093 3.239999
v 1.030461 -1.086636 3.232599
v 0.935663 -1.497662 3.239999
v 0.931553 -1.541607 3.232599
v -0.550090 -0.242793 3.239999
v -0.554650 -0.248622 3.232599
v -0.396866 -0.358327 3.239999
v -0.401322 -0.364456 3.232599
v -0.960303 0.089967 3.240000
v -0.965119 0.084349 3.232599
v -0.812934 -0.033077 3.239999
v -0.817596 -0.038824 3.232599
v -1.298112 0.401655 3.240000
v -1.303506 0.396583 3.232599
v -1.162559 0.266622 3.240000
v -1.167610 0.261208 3.232599
v -1.654001 0.833330 3.240000
v -1.660200 0.829274 3.232599
v -1.542160 0.678916 3.240000
v -1.547946 0.674291 3.232599
v -1.912545 1.339850 3.240000
v -1.919730 1.337953 3.232600
v -1.848307 1.163504 3.240000
v -1.855028 1.160335 3.232600
v -1.947695 1.779303 3.240000
v -1.955059 1.780365 3.232600
v -1.955127 1.592842 3.240000
v -1.962552 1.592370 3.232600
v -1.823819 2.117997 3.240000
v -1.830161 2.121883 3.232600
v -1.904842 1.949669 3.240000
v -1.911836 1.952202 3.232600
v 0.417431 -1.960975 3.239999
v 0.410702 -1.957893 3.232599
v 0.494052 -1.784516 3.239999
v 0.487206 -1.781702 3.232599
v 0.550734 -1.510004 3.239999
v 0.543276 -1.510038 3.232599
v 0.528141 -1.696753 3.239999
v 0.520907 -1.694941 3.232599
v 0.474146 -1.216090 3.239999
v 0.467390 -1.219200 3.232599
v 0.535818 -1.395643 3.239999
v 0.528577 -1.397341 3.232599
v 0.249688 -0.881585 3.239999
v 0.244106 -0.886465 3.232599
v 0.366637 -1.033441 3.239999
v 0.360493 -1.037591 3.232599
v 0.020789 -0.664234 3.239999
v 0.013260 -0.667386 3.232599
v 0.160305 -0.791325 3.239999
v 0.155180 -0.796668 3.232599
v -1.623993 1.661768 3.240000
v -1.616544 1.662314 3.232600
v -1.614061 1.820630 3.240000
v -1.606738 1.819161 3.232600
v -1.506072 1.255750 3.240000
v -1.499551 1.259322 3.232600
v -1.569488 1.404236 3.240000
v -1.562398 1.406476 3.232600
v -1.170442 0.795467 3.240000
v -1.165087 0.800591 3.232599
v -1.276460 0.919196 3.240000
v -1.270576 0.923702 3.232599
v -0.785585 0.443465 3.240000
v -0.780838 0.449144 3.232599
v -0.908860 0.550518 3.240000
v -0.903903 0.556014 3.232599
v -0.223261 -0.009882 3.239999
v -0.218585 -0.004147 3.232599
v -0.349885 0.092862 3.240000
v -0.345240 0.098623 3.232599
v 0.156698 -0.332894 3.239999
v 0.161865 -0.327592 3.232599
v 0.037162 -0.222955 3.239999
v 0.042014 -0.217363 3.232599
v 0.483551 -0.686796 3.239999
v 0.489383 -0.682233 3.232599
v 0.379186 -0.562653 3.239999
v 0.384683 -0.557692 3.232599
v 0.864109 -0.778257 3.239999
v 0.859433 -0.772478 3.232599
v 0.796457 -0.823050 3.239999
v 0.792962 -0.816489 3.232599
v 0.957818 -0.650927 3.239999
v 0.950674 -0.648649 3.232599
v 0.921803 -0.721673 3.239999
v 0.915757 -0.717237 3.232599
v 0.977097 -0.454731 3.239999
v 0.969688 -0.454957 3.232599
v 0.974766 -0.536203 3.239999
v 0.967381 -0.535554 3.232599
v 0.905111 -1.181137 3.239999
v 0.897855 -1.182626 3.232599
v 0.917681 -1.258985 3.239999
v 0.910326 -1.259855 3.232599
v 0.830228 -1.013581 3.239999
v 0.825596 -1.019591 3.232599
v 0.877513 -1.070744 3.239999
v 0.870741 -1.074167 3.232599
v 0.734535 -1.016248 3.239999
v 0.741866 -1.020386 3.232599
v 0.777623 -0.989227 3.239999
v 0.778155 -0.997628 3.232599
v 0.741292 -1.150331 3.239999
v 0.748616 -1.149186 3.232599
v 0.733593 -1.071862 3.239999
v 0.740999 -1.071563 3.232599
v 0.804063 -1.455519 3.232599
v 0.796647 -1.455600 3.239999
v 0.790651 -1.379027 3.239999
v 0.797990 -1.377953 3.232599
v 0.785519 -1.653130 3.239999
v 0.792873 -1.654143 3.232599
v 0.754068 -1.795378 3.239999
v 0.761165 -1.797560 3.232599
v 0.643916 -2.021800 3.239999
v 0.650160 -2.025798 3.232599
v 0.714999 -1.893505 3.239999
v 0.721700 -1.896680 3.232599
v 0.465906 -2.264404 3.239999
v 0.471653 -2.269080 3.232599
v 0.367345 -2.373917 3.239999
v 0.372599 -2.379142 3.232599
v 0.977647 -1.340924 3.239999
v 0.984845 -1.342652 3.232599
v 0.997835 -1.245816 3.239999
v 1.005114 -1.247160 3.232599
v 1.250302 -1.425142 3.239999
v 1.257441 -1.423100 3.232599
v 1.230191 -1.323523 3.239999
v 1.237570 -1.322692 3.232599
v 1.335890 -1.639948 3.239999
v 1.342649 -1.636933 3.232599
v 1.295350 -1.544180 3.239999
v 1.302220 -1.541426 3.232599
v 1.188322 -1.500585 3.239999
v 1.182034 -1.504524 3.232599
v 1.248415 -1.582499 3.239999
v 1.242770 -1.587313 3.232599
v 1.080700 -1.269134 3.239999
v 1.073602 -1.271281 3.232599
v 1.116434 -1.364650 3.239999
v 1.109670 -1.367689 3.232599
v 2.530856 -1.216487 3.239999
v 2.529862 -1.223825 3.232599
v 2.746475 -1.237070 3.239999
v 2.746063 -1.244464 3.232599
v 2.135496 -1.131755 3.239999
v 2.133465 -1.138875 3.232599
v 2.345942 -1.183975 3.239999
v 2.344409 -1.191218 3.232599
v 1.796803 -0.990527 3.239999
v 1.793086 -0.996947 3.232599
v 1.989689 -1.084662 3.239999
v 1.986915 -1.091542 3.232599
v 1.607233 -0.847512 3.239999
v 1.602585 -0.853275 3.232599
v 1.779937 -0.979096 3.239999
v 1.775614 -0.985105 3.232599
v 1.615759 -1.134727 3.239999
v 1.622034 -1.130774 3.232599
v 1.512606 -0.943905 3.239999
v 1.519351 -0.940820 3.232599
v 1.883167 -1.455802 3.239999
v 1.888233 -1.450388 3.232599
v 1.734353 -1.297794 3.239999
v 1.740062 -1.293062 3.232599
v 1.668391 -1.469151 3.239999
v 1.664151 -1.475261 3.232599
v 1.853798 -1.571973 3.239999
v 1.850860 -1.578806 3.232599
v 1.373136 -1.207238 3.239999
v 1.368053 -1.212618 3.232599
v 1.533615 -1.354050 3.239999
v 1.528703 -1.359587 3.232599
v 1.690080 -0.590600 3.239999
v 1.694905 -0.584973 3.232599
v 1.581703 -0.486030 3.239999
v 1.587154 -0.481006 3.232599
v 2.114939 -0.893889 3.239999
v 2.118450 -0.887363 3.232599
v 1.986115 -0.815641 3.239999
v 1.990287 -0.809517 3.232599
v 2.616556 -1.119433 3.239999
v 2.619004 -1.112445 3.232599
v 2.475951 -1.064595 3.239999
v 2.478881 -1.057795 3.232599
v 2.917231 -1.215025 3.239999
v 2.919556 -1.208000 3.232599
v 2.773933 -1.168467 3.239999
v 2.776175 -1.161414 3.232599
v 2.633871 1.006572 3.240000
v 2.641161 1.005280 3.232599
v 2.659345 1.180127 3.240000
v 2.666698 1.179269 3.232600
v 2.539503 0.644414 3.240000
v 2.546424 0.641769 3.232599
v 2.592999 0.810387 3.240000
v 2.600163 0.808492 3.232599
v 2.382585 0.367713 3.240000
v 2.388314 0.362981 3.232599
v 2.479609 0.509652 3.240000
v 2.486097 0.506031 3.232599
v 2.121020 0.138175 3.240000
v 2.125085 0.131970 3.232599
v 2.259075 0.243111 3.240000
v 2.263966 0.237534 3.232599
v 1.806907 -0.036846 3.239999
v 1.810483 -0.043325 3.232599
v 1.960922 0.048611 3.240000
v 1.964525 0.042146 3.232599
v 1.927080 -0.233602 3.232599
v 1.926904 -0.241007 3.239999
v 2.998818 -0.126724 3.239999
v 2.996653 -0.119635 3.232599
v 2.828152 -0.167947 3.239999
v 2.826617 -0.160705 3.232599
v 2.838018 -0.397539 3.239999
v 2.841601 -0.404062 3.232599
v 2.977948 -0.299962 3.239999
v 2.982831 -0.305579 3.232599
v 2.486737 -0.508658 3.239999
v 2.487526 -0.516051 3.232599
v 2.654691 -0.474119 3.239999
v 2.656883 -0.481223 3.232599
v 2.047864 -0.497602 3.239999
v 2.046959 -0.504954 3.232599
v 2.222154 -0.511291 3.239999
v 2.221900 -0.518694 3.232599
v 1.591085 -0.420427 3.239999
v 1.589841 -0.427722 3.232599
v 1.764747 -0.449962 3.239999
v 1.763514 -0.457259 3.232599
v 2.346601 -0.224668 3.232599
v 2.346976 -0.232062 3.239999
v 2.512068 -0.218812 3.239999
v 2.511291 -0.211450 3.232599
v 2.646409 -0.201182 3.239999
v 2.645261 -0.193870 3.232599
v 1.535016 0.231723 3.240000
v 1.531666 0.238328 3.232599
v 1.306533 0.126611 3.240000
v 1.303697 0.133452 3.232599
v 1.982610 0.525564 3.240000
v 1.977580 0.531024 3.232599
v 1.786182 0.371390 3.240000
v 1.782074 0.377573 3.232599
v 2.356497 0.959157 3.240000
v 2.350492 0.963492 3.232599
v 2.201185 0.761428 3.240000
v 2.195551 0.766235 3.232599
v 2.619632 1.373193 3.240000
v 2.613252 1.376945 3.232600
v 2.488264 1.158416 3.240000
v 2.482018 1.162386 3.232600
v 0.324736 -2.153459 3.239999
v 0.317836 -2.150732 3.232599
v 0.267342 -2.336511 3.239999
v 0.260120 -2.334810 3.232599
v 1.205430 1.205794 3.240000
v 1.223891 1.188402 3.232600
v 0.353059 0.849653 3.240000
v 0.364562 0.851081 3.232599
v -0.048992 0.411495 3.232599
v -0.048992 0.422295 3.240000
v -0.048992 1.171258 3.240000
v -0.048992 1.180161 3.232600
v -1.303414 1.205794 3.240000
v -1.321875 1.188402 3.232600
v -0.462546 0.851081 3.232599
v -0.451043 0.849653 3.240000
v 0.291995 1.372389 3.240000
v 0.291152 1.379836 3.232600
v 0.222959 1.353160 3.240000
v 0.219831 1.359970 3.232600
v 0.803197 1.370954 3.240000
v 0.800330 1.377862 3.232600
v 0.728725 1.352184 3.240000
v 0.727976 1.359627 3.232600
v 0.918843 1.417097 3.240000
v 0.917905 1.424509 3.232600
v 0.848436 1.398072 3.240000
v 0.845513 1.404948 3.232600
v 1.032158 1.393839 3.240000
v 1.035586 1.400498 3.232600
v 0.963888 1.416548 3.240000
v 0.965131 1.423933 3.232600
v 1.163925 1.278427 3.240000
v 1.169961 1.282778 3.232600
v 1.114145 1.334057 3.240000
v 1.119138 1.339575 3.232600
v 1.037749 1.269269 3.240000
v 1.036866 1.261874 3.232600
v 1.113290 1.251389 3.240000
v 1.110764 1.244382 3.232600
v 0.466072 1.254299 3.240000
v 0.468602 1.247291 3.232600
v 0.541596 1.271915 3.240000
v 0.542428 1.264511 3.232600
v 0.244741 1.105042 3.240000
v 0.251888 1.102353 3.232599
v 0.286054 1.164290 3.240000
v 0.291048 1.158514 3.232600
v 0.260360 0.908937 3.240000
v 0.266127 0.914033 3.232599
v 0.230012 0.972479 3.240000
v 0.237600 0.973762 3.232599
v -0.389979 1.372389 3.240000
v -0.389136 1.379836 3.232600
v -0.320943 1.353160 3.240000
v -0.317815 1.359970 3.232600
v -0.901182 1.370954 3.240000
v -0.898314 1.377862 3.232600
v -0.826710 1.352184 3.240000
v -0.825960 1.359627 3.232600
v -1.016827 1.417097 3.240000
v -1.015890 1.424509 3.232600
v -0.946420 1.398072 3.240000
v -0.943497 1.404948 3.232600
v -1.130142 1.393839 3.240000
v -1.133571 1.400498 3.232600
v -1.061872 1.416548 3.240000
v -1.063115 1.423933 3.232600
v -1.261909 1.278427 3.240000
v -1.267946 1.282778 3.232600
v -1.212130 1.334057 3.240000
v -1.217122 1.339575 3.232600
v -1.135733 1.269269 3.240000
v -1.134850 1.261874 3.232600
v -1.211274 1.251389 3.240000
v -1.208748 1.244382 3.232600
v -0.564057 1.254299 3.240000
v -0.566586 1.247291 3.232600
v -0.639580 1.271915 3.240000
v -0.640413 1.264511 3.232600
v -0.342725 1.105042 3.240000
v -0.349872 1.102353 3.232599
v -0.384039 1.164290 3.240000
v -0.389032 1.158514 3.232600
v -0.358344 0.908937 3.240000
v -0.364111 0.914033 3.232599
v -0.327996 0.972479 3.240000
v -0.335584 0.973762 3.232599
v 0.357437 0.722614 3.232599
v 0.348384 0.701767 3.240000
v 0.281120 -0.252971 3.232599
v 0.274778 -0.239158 3.239999
v 0.011421 0.333731 3.240000
v 0.004024 0.336610 3.232599
v 0.003589 -0.049796 3.232599
v 0.010993 -0.046045 3.239999
v -0.429846 0.303003 3.232599
v -0.422727 0.306723 3.240000
v -0.464952 0.730378 3.232599
v -0.455801 0.709367 3.240000
v -0.100157 0.330477 3.232599
v -0.107588 0.327643 3.240000
v -0.110580 0.049119 3.240000
v -0.103347 0.033555 3.232599
v -0.048994 -3.700000 3.232599
v -0.048939 -3.642405 3.239999
v -0.048994 -0.805012 3.239999
v -0.048994 -0.795063 3.232599
v 0.225036 -1.045626 3.232599
v 0.217481 -1.048671 3.239999
v 0.182836 -1.923918 3.232599
v 0.175459 -1.923261 3.239999
v -0.344288 -0.544112 3.239999
v -0.352685 -0.526746 3.232599
v -0.262890 -1.978529 3.239999
v -0.270263 -1.979211 3.232599
v -0.330596 -2.506498 3.232599
v -0.341246 -2.486805 3.239999
v -0.732817 -0.882228 3.232599
v -0.730267 -0.891302 3.240000
v -1.027340 -0.005254 3.232600
v -1.035216 -0.010228 3.240000
v -2.784172 1.491178 3.240000
v -2.794475 1.524505 3.232600
v -1.588569 -0.210917 3.240000
v -1.614187 -0.205266 3.232600
v -3.310735 -0.047222 3.240000
v -3.337364 -0.029432 3.232600
v -1.615694 -0.407816 3.240000
v -1.633969 -0.418465 3.232600
v -3.092312 -1.241111 3.240000
v -3.139550 -1.249282 3.232600
v -1.511317 -0.682028 3.240000
v -1.528467 -0.706394 3.232600
v -2.228392 -1.659323 3.240000
v -2.262577 -1.677879 3.232600
v -1.320528 -1.059718 3.240000
v -1.328456 -1.077844 3.232600
v -1.461699 -1.699186 3.240000
v -1.486707 -1.735025 3.232600
v -1.127039 -1.048093 3.240000
v -1.128445 -1.086636 3.232600
v -1.033648 -1.497662 3.240000
v -1.029537 -1.541607 3.232599
v -0.515416 -1.960975 3.239999
v -0.508687 -1.957893 3.232599
v -0.592036 -1.784516 3.240000
v -0.585190 -1.781702 3.232599
v -0.648719 -1.510004 3.240000
v -0.641261 -1.510038 3.232599
v -0.626126 -1.696753 3.240000
v -0.618891 -1.694941 3.232599
v -0.572130 -1.216090 3.240000
v -0.565374 -1.219200 3.232599
v -0.633802 -1.395643 3.240000
v -0.626561 -1.397341 3.232599
v -0.458477 -1.037591 3.232599
v -0.465980 -1.035749 3.240000
v -0.581536 -0.686796 3.240000
v -0.587367 -0.682233 3.232599
v -0.489111 -0.576856 3.240000
v -0.482668 -0.557692 3.232599
v -0.962093 -0.778257 3.240000
v -0.957418 -0.772478 3.232600
v -0.894441 -0.823050 3.240000
v -0.890946 -0.816489 3.232600
v -1.055802 -0.650927 3.240000
v -1.048659 -0.648649 3.232600
v -1.019787 -0.721673 3.240000
v -1.013741 -0.717237 3.232600
v -1.075082 -0.454731 3.240000
v -1.067672 -0.454957 3.232600
v -1.072750 -0.536203 3.240000
v -1.065366 -0.535554 3.232600
v -1.003095 -1.181137 3.240000
v -0.995840 -1.182626 3.232600
v -1.015665 -1.258985 3.240000
v -1.008310 -1.259855 3.232600
v -0.928212 -1.013581 3.240000
v -0.923580 -1.019591 3.232599
v -0.975497 -1.070744 3.240000
v -0.968725 -1.074167 3.232600
v -0.832520 -1.016248 3.240000
v -0.839851 -1.020386 3.232599
v -0.875607 -0.989227 3.240000
v -0.876139 -0.997628 3.232599
v -0.839277 -1.150331 3.240000
v -0.846600 -1.149186 3.232599
v -0.831577 -1.071862 3.240000
v -0.838983 -1.071563 3.232599
v -0.902048 -1.455519 3.232599
v -0.894631 -1.455600 3.240000
v -0.888635 -1.379027 3.240000
v -0.895974 -1.377953 3.232599
v -0.883503 -1.653130 3.240000
v -0.890858 -1.654143 3.232599
v -0.852053 -1.795378 3.240000
v -0.859149 -1.797560 3.232599
v -0.741900 -2.021800 3.240000
v -0.748144 -2.025798 3.232599
v -0.812984 -1.893505 3.240000
v -0.819685 -1.896680 3.232599
v -0.563890 -2.264404 3.239999
v -0.569638 -2.269080 3.232599
v -0.465330 -2.373917 3.239999
v -0.470583 -2.379142 3.232599
v -1.075631 -1.340924 3.240000
v -1.082829 -1.342652 3.232600
v -1.095819 -1.245816 3.240000
v -1.103099 -1.247160 3.232600
v -1.348287 -1.425142 3.240000
v -1.355426 -1.423100 3.232600
v -1.328176 -1.323523 3.240000
v -1.335555 -1.322692 3.232600
v -1.433874 -1.639948 3.240000
v -1.440634 -1.636933 3.232600
v -1.393334 -1.544180 3.240000
v -1.400204 -1.541426 3.232600
v -1.286306 -1.500585 3.240000
v -1.280019 -1.504524 3.232600
v -1.346400 -1.582499 3.240000
v -1.340754 -1.587313 3.232600
v -1.178684 -1.269134 3.240000
v -1.171586 -1.271281 3.232600
v -1.214418 -1.364650 3.240000
v -1.207654 -1.367689 3.232600
v -2.628840 -1.216487 3.240000
v -2.627846 -1.223825 3.232600
v -2.844460 -1.237070 3.240000
v -2.844047 -1.244464 3.232600
v -2.233480 -1.131755 3.240000
v -2.231450 -1.138875 3.232600
v -2.443927 -1.183975 3.240000
v -2.442393 -1.191218 3.232600
v -1.894787 -0.990527 3.240000
v -1.891070 -0.996947 3.232600
v -2.087673 -1.084662 3.240000
v -2.084899 -1.091542 3.232600
v -1.705218 -0.847512 3.240000
v -1.700570 -0.853275 3.232600
v -1.877922 -0.979096 3.240000
v -1.873598 -0.985105 3.232600
v -1.713743 -1.134727 3.240000
v -1.720018 -1.130774 3.232600
v -1.610590 -0.943905 3.240000
v -1.617335 -0.940820 3.232600
v -1.981151 -1.455802 3.240000
v -1.986218 -1.450388 3.232600
v -1.832337 -1.297794 3.240000
v -1.838046 -1.293062 3.232600
v -1.766375 -1.469151 3.240000
v -1.762135 -1.475261 3.232600
v -1.951782 -1.571973 3.240000
v -1.948844 -1.578806 3.232600
v -1.471120 -1.207238 3.240000
v -1.466038 -1.212618 3.232600
v -1.631599 -1.354050 3.240000
v -1.626688 -1.359587 3.232600
v -1.788064 -0.590600 3.240000
v -1.792889 -0.584973 3.232600
v -1.679687 -0.486030 3.240000
v -1.685139 -0.481006 3.232600
v -2.212923 -0.893889 3.240000
v -2.216435 -0.887363 3.232600
v -2.084100 -0.815641 3.240000
v -2.088271 -0.809517 3.232600
v -2.714540 -1.119433 3.240000
v -2.716989 -1.112445 3.232600
v -2.573936 -1.064595 3.240000
v -2.576866 -1.057795 3.232600
v -3.015215 -1.215025 3.240000
v -3.017541 -1.208000 3.232600
v -2.871917 -1.168467 3.240000
v -2.874160 -1.161414 3.232600
v -2.731855 1.006572 3.240000
v -2.739145 1.005280 3.232600
v -2.757330 1.180127 3.240000
v -2.764683 1.179269 3.232600
v -2.637487 0.644414 3.240000
v -2.644409 0.641769 3.232600
v -2.690984 0.810387 3.240000
v -2.698148 0.808492 3.232600
v -2.480569 0.367713 3.240000
v -2.486298 0.362981 3.232600
v -2.577593 0.509652 3.240000
v -2.584081 0.506031 3.232600
v -2.219004 0.138175 3.240000
v -2.223069 0.131970 3.232600
v -2.357059 0.243111 3.240000
v -2.361950 0.237534 3.232600
v -1.904891 -0.036846 3.240000
v -1.908467 -0.043325 3.232600
v -2.058907 0.048611 3.240000
v -2.062509 0.042146 3.232600
v -2.025064 -0.233602 3.232600
v -2.024889 -0.241007 3.240000
v -3.096802 -0.126724 3.240000
v -3.094637 -0.119635 3.232600
v -2.926137 -0.167947 3.240000
v -2.924602 -0.160705 3.232600
v -2.936002 -0.397539 3.240000
v -2.939585 -0.404062 3.232600
v -3.075932 -0.299962 3.240000
v -3.080815 -0.305579 3.232600
v -2.584721 -0.508658 3.240000
v -2.585510 -0.516051 3.232600
v -2.752676 -0.474119 3.240000
v -2.754867 -0.481223 3.232600
v -2.145849 -0.497602 3.240000
v -2.144943 -0.504954 3.232600
v -2.320138 -0.511291 3.240000
v -2.319884 -0.518694 3.232600
v -1.689069 -0.420427 3.240000
v -1.687826 -0.427722 3.232600
v -1.862731 -0.449962 3.240000
v -1.861498 -0.457259 3.232600
v -2.444586 -0.224668 3.232600
v -2.444960 -0.232062 3.240000
v -2.610053 -0.218812 3.240000
v -2.609275 -0.211450 3.232600
v -2.744393 -0.201182 3.240000
v -2.743246 -0.193870 3.232600
v -1.633000 0.231723 3.240000
v -1.629651 0.238328 3.232600
v -1.404517 0.126611 3.240000
v -1.401681 0.133452 3.232600
v -2.080594 0.525564 3.240000
v -2.075564 0.531024 3.232600
v -1.884166 0.371390 3.240000
v -1.880058 0.377573 3.232600
v -2.454481 0.959157 3.240000
v -2.448476 0.963492 3.232600
v -2.299169 0.761428 3.240000
v -2.293535 0.766235 3.232600
v -2.717616 1.373193 3.240000
v -2.711237 1.376945 3.232600
v -2.586248 1.158416 3.240000
v -2.580002 1.162386 3.232600
v -0.422721 -2.153459 3.239999
v -0.415820 -2.150732 3.232599
v -0.365326 -2.336511 3.239999
v -0.358105 -2.334810 3.232599
v 2.037134 3.122108 3.215600
v 2.333108 2.902598 3.215600
v -2.951593 -2.382098 3.215599
v -3.171102 -2.086124 3.215599
v 3.687854 0.368047 3.215600
v 3.705935 -0.000001 3.215599
v -3.731771 0.732547 3.215600
v -3.642235 1.089994 3.215600
v 2.606141 -2.655136 3.215599
v 2.333107 -2.902599 3.215599
v -1.819061 3.311546 3.215600
v -1.485951 3.469096 3.215600
v -0.417043 -3.736846 3.215599
v -0.781546 -3.682777 3.215599
v 2.606142 2.655134 3.215600
v -3.360544 -1.770059 3.215599
v 3.687854 -0.368048 3.215599
v -3.518095 1.436944 3.215600
v 2.037132 -3.122109 3.215599
v -1.139001 3.593238 3.215600
v -1.138994 -3.593240 3.215599
v 2.853606 2.382101 3.215600
v -3.518094 -1.436947 3.215599
v 3.633785 -0.732551 3.215599
v -3.360545 1.770056 3.215600
v -0.048992 3.754927 3.215600
v 0.319055 3.736846 3.215600
v 1.721066 -3.311551 3.215599
v -0.781554 3.682775 3.215600
v -1.485944 -3.469099 3.215599
v 3.073116 2.086126 3.215600
v -3.642234 -1.089997 3.215599
v 3.544248 -1.089999 3.215599
v -3.171104 2.086121 3.215600
v 1.387954 -3.469102 3.215599
v -0.417052 3.736845 3.215600
v 0.683558 3.682777 3.215600
v -1.819056 -3.311549 3.215599
v 3.262558 1.770060 3.215600
v -3.731770 -0.732550 3.215599
v 3.420108 -1.436950 3.215599
v -2.951595 2.382095 3.215600
v 1.041003 -3.593242 3.215599
v 1.041005 3.593241 3.215600
v -2.135121 -3.122106 3.215599
v 3.420108 1.436948 3.215600
v -3.785839 -0.368048 3.215599
v 3.262558 -1.770062 3.215599
v -2.704133 2.655129 3.215600
v 0.683555 -3.682778 3.215599
v 1.387956 3.469100 3.215600
v -2.431096 -2.902596 3.215599
v 3.544249 1.089998 3.215600
v -3.803920 -0.000002 3.215599
v 3.073115 -2.086127 3.215599
v -2.431100 2.902592 3.215600
v 0.319052 -3.736847 3.215599
v 1.721068 3.311550 3.215600
v -2.704130 -2.655132 3.215599
v 3.633785 0.732550 3.215600
v -3.785839 0.368045 3.215600
v 2.853605 -2.382102 3.215599
v -2.135126 3.122103 3.215600
v -0.048995 -3.754928 3.215599
v 2.746063 -1.244464 3.215599
v 3.041566 -1.249282 3.215599
v 2.919556 -1.208000 3.215599
v 2.776175 -1.161414 3.215599
v 2.619004 -1.112445 3.215599
v 2.529862 -1.223825 3.215599
v 2.344409 -1.191218 3.215599
v 2.133465 -1.138875 3.215599
v 2.164592 -1.677879 3.215599
v 1.850860 -1.578806 3.215599
v 1.986915 -1.091542 3.215599
v 1.888233 -1.450388 3.215599
v 1.740062 -1.293062 3.215599
v 1.664151 -1.475261 3.215599
v 1.109670 -1.367689 3.215599
v 1.237570 -1.322692 3.215599
v 1.368053 -1.212618 3.215599
v 1.182034 -1.504524 3.215599
v 1.388723 -1.735025 3.215599
v 1.073602 -1.271281 3.215599
v 1.528703 -1.359587 3.215599
v 1.342649 -1.636933 3.215599
v 1.257441 -1.423100 3.215599
v 1.302220 -1.541426 3.215599
v 1.242770 -1.587313 3.215599
v 1.622034 -1.130774 3.215599
v 1.030461 -1.086636 3.215599
v 0.792873 -1.654143 3.215599
v 0.748616 -1.149186 3.215599
v 0.761165 -1.797560 3.215599
v 0.984845 -1.342652 3.215599
v 0.797990 -1.377953 3.215599
v 0.931553 -1.541607 3.215599
v 0.721700 -1.896680 3.215599
v 0.804063 -1.455519 3.215599
v 0.910326 -1.259855 3.215599
v 0.897855 -1.182626 3.215599
v 1.005114 -1.247160 3.215599
v 0.543276 -1.510038 3.215599
v 0.467390 -1.219200 3.215599
v 0.528577 -1.397341 3.215599
v 0.520907 -1.694941 3.215599
v 0.487206 -1.781702 3.215599
v 0.410702 -1.957893 3.215599
v 0.650160 -2.025798 3.215599
v 0.182836 -1.923918 3.215599
v -0.048994 -3.700000 3.215599
v 0.317836 -2.150732 3.215599
v 0.471653 -2.269080 3.215599
v 0.260120 -2.334810 3.215599
v 0.372599 -2.379142 3.215599
v 0.232612 -2.506498 3.215599
v -0.626561 -1.397341 3.215599
v -0.565374 -1.219200 3.215599
v -0.618891 -1.694941 3.215599
v -0.585190 -1.781702 3.215599
v -0.641261 -1.510038 3.215599
v -0.508687 -1.957893 3.215599
v -0.415820 -2.150732 3.215599
v -0.161301 -2.826595 3.215599
v -0.270263 -1.979211 3.215599
v -0.748144 -2.025798 3.215599
v -0.569638 -2.269080 3.215599
v -0.358105 -2.334810 3.215599
v -0.470583 -2.379142 3.215599
v -0.330596 -2.506498 3.215599
v -0.819685 -1.896680 3.215599
v -0.859149 -1.797560 3.215599
v -1.082829 -1.342652 3.215599
v -0.890858 -1.654143 3.215599
v -1.029537 -1.541607 3.215599
v -1.008310 -1.259855 3.215599
v -1.103099 -1.247160 3.215599
v -1.128445 -1.086636 3.215599
v -0.895974 -1.377953 3.215599
v -0.902048 -1.455519 3.215599
v -0.995840 -1.182626 3.215599
v -0.846600 -1.149186 3.215599
v -1.762135 -1.475261 3.215599
v -1.626688 -1.359587 3.215599
v -1.486707 -1.735025 3.215599
v -1.400204 -1.541426 3.215599
v -1.440634 -1.636933 3.215599
v -1.355426 -1.423100 3.215599
v -1.466038 -1.212618 3.215599
v -1.340754 -1.587313 3.215599
v -1.335554 -1.322692 3.215599
v -1.280019 -1.504524 3.215599
v -1.207654 -1.367689 3.215599
v -1.171586 -1.271281 3.215599
v -1.948844 -1.578806 3.215599
v -1.838046 -1.293062 3.215599
v -1.720018 -1.130774 3.215599
v -1.986218 -1.450388 3.215599
v -2.262577 -1.677879 3.215599
v -2.442393 -1.191218 3.215599
v -2.231450 -1.138875 3.215599
v -2.084899 -1.091542 3.215599
v -2.844047 -1.244464 3.215599
v -2.627846 -1.223825 3.215599
v -2.874160 -1.161414 3.215599
v -2.716989 -1.112445 3.215599
v -3.139550 -1.249283 3.215599
v -3.017541 -1.208000 3.215599
v 2.046959 -0.504954 3.215599
v 2.478881 -1.057795 3.215599
v 1.990287 -0.809517 3.215599
v 1.694905 -0.584973 3.215599
v 2.118450 -0.887363 3.215599
v 2.221900 -0.518694 3.215599
v 2.487526 -0.516051 3.215599
v 2.841601 -0.404062 3.215599
v 1.793086 -0.996947 3.215599
v 2.656883 -0.481223 3.215599
v 1.763514 -0.457259 3.215599
v 1.430483 -0.706394 3.215599
v 1.519351 -0.940820 3.215599
v 1.230472 -1.077844 3.215599
v 1.775614 -0.985105 3.215599
v 1.587154 -0.481006 3.215599
v 1.602585 -0.853275 3.215599
v 1.535984 -0.418465 3.215599
v 1.589841 -0.427722 3.215599
v 0.778155 -0.997628 3.215599
v 0.967381 -0.535554 3.215599
v 0.915757 -0.717237 3.215599
v 0.859433 -0.772478 3.215599
v 0.792962 -0.816489 3.215599
v 0.950674 -0.648649 3.215599
v 0.969688 -0.454957 3.215599
v 0.825596 -1.019591 3.215599
v 0.870741 -1.074167 3.215599
v 0.741866 -1.020386 3.215599
v 0.634833 -0.882228 3.215599
v 0.489383 -0.682233 3.215599
v 0.384683 -0.557692 3.215599
v -0.048994 -0.795063 3.215599
v 0.225036 -1.045626 3.215599
v 0.155180 -0.796668 3.215599
v 0.244106 -0.886465 3.215599
v 0.360493 -1.037591 3.215599
v 0.740999 -1.071563 3.215599
v -0.048994 -0.616278 3.215599
v -0.401322 -0.364456 3.215599
v -0.352685 -0.526746 3.215599
v -0.587367 -0.682233 3.215599
v -0.458477 -1.037591 3.215599
v -0.482668 -0.557692 3.215599
v 0.013260 -0.667386 3.215599
v -0.732817 -0.882228 3.215599
v -0.890946 -0.816489 3.215599
v -0.968725 -1.074167 3.215599
v -1.048659 -0.648649 3.215599
v -1.065366 -0.535554 3.215599
v -0.839851 -1.020386 3.215599
v -0.838983 -1.071563 3.215599
v -0.923580 -1.019591 3.215599
v -0.957418 -0.772478 3.215599
v -0.876139 -0.997628 3.215599
v -1.013741 -0.717237 3.215599
v -1.067672 -0.454957 3.215599
v -1.873598 -0.985105 3.215599
v -1.687826 -0.427722 3.215599
v -1.700570 -0.853275 3.215599
v -1.861498 -0.457259 3.215599
v -1.792889 -0.584973 3.215599
v -1.617335 -0.940820 3.215599
v -1.685139 -0.481006 3.215599
v -1.528467 -0.706394 3.215599
v -1.328456 -1.077844 3.215599
v -1.633969 -0.418465 3.215599
v -2.939585 -0.404062 3.215599
v -2.754867 -0.481223 3.215599
v -2.576866 -1.057795 3.215599
v -2.585510 -0.516051 3.215599
v -2.319884 -0.518694 3.215599
v -2.216435 -0.887363 3.215599
v -2.088271 -0.809517 3.215599
v -1.891070 -0.996947 3.215599
v -2.144943 -0.504954 3.215599
v 2.600163 0.808492 3.215600
v 2.546424 0.641769 3.215600
v 2.486097 0.506031 3.215600
v 3.239379 -0.029432 3.215599
v 2.982831 -0.305579 3.215599
v 2.388314 0.362981 3.215599
v 2.996653 -0.119635 3.215599
v 2.263966 0.237534 3.215599
v 2.826617 -0.160705 3.215599
v 2.645261 -0.193870 3.215599
v 2.511291 -0.211450 3.215599
v 2.346601 -0.224668 3.215599
v 1.977580 0.531024 3.215600
v 2.195551 0.766235 3.215600
v 1.782074 0.377573 3.215599
v 1.531666 0.238328 3.215599
v 1.964525 0.042146 3.215599
v 2.125085 0.131970 3.215599
v 1.810483 -0.043325 3.215599
v 1.516203 -0.205266 3.215599
v 1.927080 -0.233602 3.215599
v 1.067102 0.800591 3.215600
v 1.562216 0.829274 3.215600
v 0.934537 0.676455 3.215600
v 0.805919 0.556014 3.215600
v 1.449962 0.674291 3.215600
v 1.205522 0.396583 3.215599
v 0.867135 0.084349 3.215599
v 1.069625 0.261208 3.215599
v 1.303697 0.133452 3.215599
v 0.929356 -0.005254 3.215599
v 0.719612 -0.038824 3.215599
v 0.266127 0.914033 3.215600
v 0.364562 0.851081 3.215600
v 0.357437 0.722614 3.215600
v 0.004024 0.336610 3.215599
v -0.048992 0.411495 3.215599
v 0.281120 -0.252971 3.215599
v 0.682853 0.449144 3.215600
v 0.003589 -0.049796 3.215599
v 0.463681 0.272778 3.215599
v 0.414336 -0.248622 3.215599
v -0.048994 -0.142902 3.215599
v 0.042014 -0.217363 3.215599
v 0.161865 -0.327592 3.215599
v -0.364111 0.914033 3.215600
v -0.462546 0.851081 3.215600
v -0.100157 0.330477 3.215599
v -0.464952 0.730378 3.215600
v -0.429846 0.303003 3.215599
v -0.780838 0.449144 3.215600
v -0.345240 0.098623 3.215599
v -0.103347 0.033555 3.215599
v -0.218585 -0.004147 3.215599
v -0.554650 -0.248622 3.215599
v -0.817596 -0.038824 3.215599
v -1.270576 0.923703 3.215600
v -1.547946 0.674291 3.215600
v -1.165087 0.800591 3.215600
v -1.032520 0.676454 3.215600
v -1.660200 0.829274 3.215600
v -0.903903 0.556014 3.215600
v -1.303506 0.396583 3.215599
v -1.167610 0.261208 3.215599
v -1.401681 0.133452 3.215599
v -0.965119 0.084349 3.215599
v -1.629651 0.238328 3.215599
v -1.027340 -0.005254 3.215599
v -2.293535 0.766235 3.215600
v -2.075564 0.531024 3.215600
v -1.880058 0.377573 3.215599
v -2.223069 0.131970 3.215599
v -2.361950 0.237534 3.215599
v -2.062509 0.042146 3.215599
v -1.908467 -0.043325 3.215599
v -2.025064 -0.233602 3.215599
v -1.614187 -0.205266 3.215599
v -2.444585 -0.224668 3.215599
v -2.644409 0.641769 3.215600
v -2.698148 0.808492 3.215600
v -2.584081 0.506031 3.215600
v -2.486298 0.362981 3.215599
v -3.337364 -0.029432 3.215599
v -3.080815 -0.305579 3.215599
v -3.094637 -0.119635 3.215599
v -2.924602 -0.160705 3.215599
v -2.743246 -0.193870 3.215599
v -2.609275 -0.211450 3.215599
v 1.857075 1.780365 3.215600
v 1.813851 1.952202 3.215600
v 1.864568 1.592370 3.215600
v 2.666698 1.179269 3.215600
v 1.821746 1.337953 3.215600
v 2.613252 1.376945 3.215600
v 2.696491 1.524505 3.215600
v 2.482018 1.162386 3.215600
v 2.641161 1.005280 3.215600
v 2.350492 0.963492 3.215600
v 1.399174 2.135529 3.215600
v 0.854087 2.153112 3.215600
v 1.247517 2.265207 3.215600
v 1.508754 1.819161 3.215600
v 1.518559 1.662313 3.215600
v 1.732177 2.121883 3.215600
v 1.401567 1.259322 3.215600
v 1.464414 1.406476 3.215600
v 1.223891 1.188402 3.215600
v 1.169961 1.282778 3.215600
v 1.757044 1.160335 3.215600
v 1.172592 0.923702 3.215600
v 1.110764 1.244382 3.215600
v 1.035586 1.400498 3.215600
v 0.917905 1.424509 3.215600
v 0.727976 1.359627 3.215600
v 1.119138 1.339575 3.215600
v 0.800330 1.377862 3.215600
v 0.845513 1.404948 3.215600
v 0.542428 1.264511 3.215600
v 1.036866 1.261874 3.215600
v 0.965130 1.423933 3.215600
v 0.291152 1.379836 3.215600
v 0.468602 1.247291 3.215600
v 0.066588 1.644180 3.215600
v 0.043354 1.743577 3.215600
v 0.148464 1.478088 3.215600
v 0.126820 1.403932 3.215600
v -0.048992 1.297383 3.215600
v 0.219831 1.359970 3.215600
v -0.048992 1.180161 3.215600
v 0.291048 1.158514 3.215600
v 0.251888 1.102353 3.215600
v 0.237600 0.973762 3.215600
v -0.164572 1.644180 3.215600
v -0.141338 1.743577 3.215600
v -0.246448 1.478089 3.215600
v -0.224805 1.403933 3.215600
v -0.825960 1.359627 3.215600
v -0.389136 1.379836 3.215600
v -0.317815 1.359970 3.215600
v -0.566586 1.247291 3.215600
v -0.389032 1.158514 3.215600
v -0.349872 1.102353 3.215600
v -0.335584 0.973762 3.215600
v -1.133571 1.400498 3.215600
v -1.497159 2.135529 3.215600
v -1.345501 2.265207 3.215600
v -0.952072 2.153112 3.215600
v -1.217123 1.339575 3.215600
v -0.898314 1.377862 3.215600
v -0.943497 1.404948 3.215600
v -1.015890 1.424509 3.215600
v -1.063115 1.423934 3.215600
v -1.134850 1.261874 3.215600
v -0.640413 1.264511 3.215600
v -1.208748 1.244382 3.215600
v -1.606738 1.819161 3.215600
v -1.616544 1.662314 3.215600
v -1.562398 1.406476 3.215600
v -1.499551 1.259322 3.215600
v -1.267946 1.282778 3.215600
v -1.321875 1.188402 3.215600
v -1.830161 2.121883 3.215600
v -1.911836 1.952202 3.215600
v -1.955059 1.780365 3.215600
v -1.962552 1.592370 3.215600
v -1.919730 1.337953 3.215600
v -2.764683 1.179269 3.215600
v -2.794475 1.524504 3.215600
v -2.711237 1.376945 3.215600
v -2.580002 1.162386 3.215600
v -2.739145 1.005280 3.215600
v -1.855028 1.160335 3.215600
v -2.448476 0.963492 3.215600
v 1.276090 2.544344 3.215600
v 1.607978 2.284988 3.215600
v 1.884916 2.302571 3.215600
v 0.972776 2.621271 3.215600
v 1.065089 2.445437 3.215600
v 0.814525 2.515771 3.215600
v 0.623305 2.608084 3.215600
v 0.766170 2.408072 3.215600
v 0.042239 2.637225 3.215600
v -1.070760 2.621272 3.215600
v -0.721289 2.608084 3.215600
v -0.864155 2.408072 3.215600
v -0.140224 2.637225 3.215600
v -1.163073 2.445437 3.215600
v -0.912509 2.515771 3.215600
v -1.374075 2.544344 3.215600
v -1.982901 2.302571 3.215600
v -1.705962 2.284989 3.215600
v -0.286383 3.133676 3.215600
v -0.048992 3.130143 3.215600
v -0.194547 2.990520 3.215600
v 0.188399 3.133676 3.215600
v 0.096563 2.990520 3.215600
v 0.062973 2.894286 3.215600
v 0.047472 2.741754 3.215600
v -0.160957 2.894286 3.215600
v -0.145456 2.741754 3.215600
v -0.048992 3.212289 3.215600
v -0.173551 3.211556 3.215600
v -0.075913 3.374997 3.215600
v -0.125513 3.352711 3.215600
v 0.199053 3.503652 3.215600
v -0.199322 3.236790 3.215600
v -0.022071 3.374997 3.215600
v 0.027528 3.352711 3.215600
v -0.075330 3.502769 3.215600
v 0.101338 3.236790 3.215600
v 0.101890 3.273111 3.215600
v -0.022655 3.502769 3.215600
v -0.199875 3.273111 3.215600
v 0.075567 3.211556 3.215600
v -0.130094 3.538984 3.215600
v -0.048992 3.600000 3.215600
v -0.297038 3.503653 3.215600
v -0.124106 3.600000 3.215600
v 0.041277 3.581200 3.215600
v 0.026122 3.600000 3.215600
v -0.139262 3.581200 3.215600
v 0.032110 3.538984 3.215600
v 0.049626 -2.944453 3.215599
v 0.004019 0.332094 3.232599
v 1.482582 -3.697575 3.245600
v 1.662168 -3.617970 3.245600
v -3.481813 2.057552 3.245601
v -3.578637 1.886634 3.245601
v 0.731793 3.925322 3.245601
v 0.538245 3.958905 3.245601
v 1.837632 -3.529650 3.245600
v -3.666958 1.711169 3.245601
v 0.343283 3.982951 3.245601
v 2.008551 -3.432826 3.245600
v -3.746563 1.531583 3.245601
v 0.147376 3.997401 3.245601
v 2.174513 -3.327732 3.245600
v -3.817261 1.348307 3.245601
v -0.048992 4.002222 3.245601
v 2.335118 -3.214622 3.245600
v -3.878880 1.161782 3.245601
v 2.489981 -3.093767 3.245600
v -3.931273 0.972459 3.245601
v 2.638726 -2.965459 3.245600
v -3.974313 0.780793 3.245601
v 2.780996 -2.830008 3.245600
v -4.007896 0.587246 3.245600
v 2.916449 -2.687738 3.245600
v -4.031942 0.392285 3.245600
v 3.044759 -2.538993 3.245600
v -4.046393 0.196378 3.245600
v 3.165615 -2.384131 3.245600
v -4.051214 -0.000002 3.245600
v 3.278727 -2.223526 3.245600
v -4.046393 -0.196381 3.245600
v 3.383822 -2.057563 3.245600
v -4.031942 -0.392288 3.245600
v 3.480646 -1.886644 3.245600
v -4.007896 -0.587250 3.245600
v 3.568969 -1.711180 3.245600
v -3.974312 -0.780797 3.245600
v 3.648574 -1.531593 3.245600
v -3.931272 -0.972463 3.245600
v 3.719273 -1.348317 3.245600
v -3.878879 -1.161786 3.245600
v 3.780892 -1.161792 3.245600
v -3.817260 -1.348310 3.245600
v 3.833286 -0.972469 3.245600
v -3.746562 -1.531586 3.245600
v 3.876326 -0.780803 3.245600
v -3.666957 -1.711172 3.245600
v 3.909910 -0.587255 3.245600
v -3.578636 -1.886636 3.245600
v 3.933957 -0.392293 3.245600
v -3.481812 -2.057554 3.245600
v 3.948408 -0.196386 3.245600
v -3.376717 -2.223516 3.245600
v 3.953229 -0.000006 3.245600
v -3.263607 -2.384121 3.245600
v 3.948409 0.196375 3.245600
v -3.142752 -2.538983 3.245600
v 3.933958 0.392282 3.245600
v -3.014444 -2.687727 3.245600
v 3.909912 0.587244 3.245600
v -2.878991 -2.829997 3.245600
v 3.876328 0.780791 3.245601
v -2.736721 -2.965450 3.245600
v 3.833288 0.972458 3.245601
v -2.587976 -3.093758 3.245600
v 3.780896 1.161781 3.245601
v -2.433115 -3.214613 3.245600
v 3.719277 1.348306 3.245601
v -2.272510 -3.327724 3.245600
v -0.245372 3.997401 3.245601
v 3.648579 1.531583 3.245601
v -2.106548 -3.432819 3.245600
v -0.441279 3.982950 3.245601
v 3.568974 1.711169 3.245601
v -1.935629 -3.529643 3.245600
v -0.636240 3.958904 3.245601
v 3.480652 1.886634 3.245601
v -1.760166 -3.617964 3.245600
v -0.829787 3.925320 3.245601
v 3.383828 2.057553 3.245601
v -1.580580 -3.697569 3.245600
v -1.021453 3.882280 3.245601
v 3.278733 2.223516 3.245601
v -1.397304 -3.768267 3.245600
v -1.210776 3.829887 3.245601
v 3.165621 2.384122 3.245601
v -1.210781 -3.829886 3.245600
v -1.397300 3.768268 3.245601
v 3.044766 2.538984 3.245601
v -1.021458 -3.882279 3.245600
v -1.580576 3.697571 3.245601
v 2.916457 2.687730 3.245601
v -0.829793 -3.925319 3.245600
v -1.760162 3.617966 3.245601
v 2.781003 2.830000 3.245601
v -0.636246 -3.958903 3.245600
v -1.935626 3.529645 3.245601
v 2.638733 2.965453 3.245601
v -0.441285 -3.982949 3.245600
v -2.106545 3.432820 3.245601
v 2.489987 3.093762 3.245601
v -0.245379 -3.997401 3.245600
v -2.272507 3.327726 3.245601
v 2.335124 3.214617 3.245601
v -0.049000 -4.002222 3.245600
v -2.433113 3.214614 3.245601
v 2.174518 3.327729 3.245601
v 0.147380 -3.997401 3.245600
v -2.587975 3.093759 3.245601
v 2.008556 3.432823 3.245601
v 0.343286 -3.982951 3.245600
v -2.736720 2.965451 3.245601
v 1.837636 3.529648 3.245601
v 0.538247 -3.958905 3.245600
v -2.878990 2.829998 3.245601
v 1.662171 3.617968 3.245601
v 0.731794 -3.925322 3.245600
v -3.014443 2.687727 3.245601
v 1.482585 3.697574 3.245601
v 0.923459 -3.882282 3.245600
v -3.142752 2.538982 3.245601
v 1.299308 3.768271 3.245601
v 1.112782 -3.829890 3.245600
v -3.263607 2.384120 3.245601
v 1.112783 3.829890 3.245601
v 1.299306 -3.768271 3.245600
v -3.376719 2.223515 3.245601
v 0.923459 3.882282 3.245601
v 1.619888 -3.528575 3.215600
v -3.491425 1.840017 3.215601
v 0.523735 3.861086 3.215601
v 1.791016 -3.442437 3.215600
v -3.577563 1.668889 3.215601
v 0.333590 3.884538 3.215601
v 1.957712 -3.348006 3.215600
v -3.655202 1.493740 3.215601
v 0.142524 3.898631 3.215601
v 2.119574 -3.245509 3.215600
v -3.724152 1.314992 3.215601
v -0.048992 3.903332 3.215601
v 2.276210 -3.135193 3.215600
v -3.784249 1.133077 3.215601
v 2.427246 -3.017325 3.215600
v -3.835347 0.948431 3.215601
v 2.572316 -2.892187 3.215600
v -3.877324 0.761501 3.215601
v 2.711071 -2.760082 3.215600
v -3.910078 0.572736 3.215601
v 2.843177 -2.621328 3.215600
v -3.933530 0.382592 3.215600
v 2.968316 -2.476258 3.215600
v -3.947623 0.191526 3.215600
v 3.086186 -2.325222 3.215600
v -3.952325 -0.000002 3.215600
v 3.196503 -2.168586 3.215600
v -3.947623 -0.191529 3.215600
v 3.299002 -2.006724 3.215600
v -3.933529 -0.382595 3.215600
v 3.393434 -1.840028 3.215600
v -3.910077 -0.572740 3.215600
v 3.479573 -1.668899 3.215600
v -3.877323 -0.761504 3.215600
v 3.557213 -1.493750 3.215600
v -3.835346 -0.948434 3.215600
v 3.626164 -1.315002 3.215600
v -3.784248 -1.133080 3.215600
v 3.686261 -1.133086 3.215600
v -3.724151 -1.314995 3.215600
v 3.737360 -0.948441 3.215600
v -3.655200 -1.493743 3.215600
v 3.779337 -0.761510 3.215600
v -3.577562 -1.668891 3.215600
v 3.812091 -0.572745 3.215600
v -3.491423 -1.840019 3.215600
v 3.835544 -0.382600 3.215600
v -3.396991 -2.006715 3.215600
v 3.849638 -0.191534 3.215600
v -3.294494 -2.168576 3.215600
v 3.854340 -0.000006 3.215600
v -3.184178 -2.325212 3.215600
v 3.849638 0.191522 3.215600
v -3.066309 -2.476248 3.215600
v 3.835545 0.382589 3.215600
v -2.941171 -2.621318 3.215600
v 3.812093 0.572734 3.215601
v -2.809066 -2.760072 3.215600
v 3.779339 0.761499 3.215601
v -2.670311 -2.892178 3.215600
v 3.737363 0.948430 3.215601
v -2.525242 -3.017316 3.215600
v 3.686265 1.133075 3.215601
v -2.374206 -3.135185 3.215600
v 3.626168 1.314991 3.215601
v -2.217570 -3.245501 3.215600
v -0.240520 3.898630 3.215601
v 3.557217 1.493739 3.215601
v -2.055709 -3.347999 3.215600
v -0.431586 3.884537 3.215601
v 3.479578 1.668889 3.215601
v -1.889013 -3.442430 3.215600
v -0.621730 3.861085 3.215601
v 3.393440 1.840018 3.215601
v -1.717885 -3.528569 3.215600
v -0.810495 3.828331 3.215601
v 3.299007 2.006714 3.215601
v -1.542737 -3.606207 3.215600
v -0.997425 3.786354 3.215601
v 3.196509 2.168576 3.215601
v -1.363989 -3.675158 3.215600
v -1.182070 3.735256 3.215601
v 3.086192 2.325213 3.215601
v -1.182074 -3.735255 3.215600
v -1.363985 3.675159 3.215601
v 2.968323 2.476249 3.215601
v -0.997430 -3.786353 3.215600
v -1.542733 3.606209 3.215601
v 2.843184 2.621320 3.215601
v -0.810500 -3.828330 3.215600
v -1.717882 3.528571 3.215601
v 2.711078 2.760075 3.215601
v -0.621736 -3.861084 3.215600
v -1.889010 3.442432 3.215601
v 2.572323 2.892181 3.215601
v -0.431592 -3.884537 3.215600
v -2.055706 3.348000 3.215601
v 2.427252 3.017319 3.215601
v -0.240527 -3.898631 3.215600
v -2.217567 3.245502 3.215601
v 2.276216 3.135189 3.215601
v -0.048999 -3.903332 3.215600
v -2.374205 3.135186 3.215601
v 2.119578 3.245505 3.215601
v 0.142528 -3.898631 3.215600
v -2.525241 3.017317 3.215601
v 1.957716 3.348002 3.215601
v 0.333593 -3.884537 3.215600
v -2.670310 2.892178 3.215601
v 1.791020 3.442435 3.215601
v 0.523737 -3.861086 3.215600
v -2.809065 2.760072 3.215601
v 1.619891 3.528574 3.215601
v 0.712502 -3.828333 3.215600
v -2.941171 2.621317 3.215601
v 1.444741 3.606212 3.215601
v 0.899431 -3.786357 3.215600
v -3.066309 2.476248 3.215601
v 1.265993 3.675162 3.215601
v 1.084076 -3.735259 3.215600
v -3.184179 2.325212 3.215601
v 1.084077 3.735259 3.215601
v 1.265992 -3.675163 3.215600
v -3.294495 2.168575 3.215601
v 0.899431 3.786356 3.215601
v 1.444739 -3.606213 3.215600
v -3.396992 2.006713 3.215601
v 0.712501 3.828333 3.215601
v -0.048992 4.146926 3.245601
v -0.048992 4.200000 3.192543
v -0.048992 4.173463 3.238493
v -0.048992 4.192889 3.219072
v -0.255076 4.194941 3.192543
v -0.252472 4.141931 3.245601
v -0.254728 4.187840 3.219072
v -0.253774 4.168436 3.238493
v -0.460664 4.179776 3.192543
v -0.455462 4.126958 3.245601
v -0.459967 4.172700 3.219072
v -0.458063 4.153367 3.238493
v -0.665260 4.154541 3.192543
v -0.657473 4.102042 3.245601
v -0.664217 4.147508 3.219072
v -0.661366 4.128292 3.238493
v -0.868372 4.119298 3.192543
v -0.858017 4.067245 3.245601
v -0.866984 4.112325 3.219072
v -0.863195 4.093272 3.238493
v -1.069509 4.074131 3.192543
v -1.056613 4.022648 3.245601
v -1.067781 4.067234 3.219072
v -1.063061 4.048390 3.238493
v -1.268188 4.019150 3.192543
v -1.252781 3.968361 3.245601
v -1.266124 4.012345 3.219072
v -1.260485 3.993756 3.238493
v -1.463930 3.954485 3.192543
v -1.446050 3.904514 3.245601
v -1.461534 3.947790 3.219072
v -1.454990 3.929500 3.238492
v -1.656263 3.880294 3.192543
v -1.635952 3.831261 3.245601
v -1.653542 3.873725 3.219072
v -1.646107 3.855778 3.238492
v -1.844723 3.796755 3.192543
v -1.822032 3.748777 3.245601
v -1.841683 3.790327 3.219072
v -1.833377 3.772766 3.238492
v -2.028859 3.704070 3.192543
v -2.003840 3.657263 3.245601
v -2.025507 3.697799 3.219072
v -2.016349 3.680666 3.238492
v -2.208224 3.602460 3.192543
v -2.180939 3.556938 3.245601
v -2.204568 3.596361 3.219072
v -2.194581 3.579699 3.238492
v -2.382387 3.492172 3.192543
v -2.352901 3.448043 3.245601
v -2.378437 3.486260 3.219072
v -2.367644 3.470108 3.238492
v -2.550930 3.373472 3.192543
v -2.519314 3.330842 3.245601
v -2.546694 3.367761 3.219072
v -2.535121 3.352157 3.238492
v -2.713444 3.246644 3.192543
v -2.679775 3.205617 3.245601
v -2.708934 3.241147 3.219072
v -2.696609 3.226131 3.238492
v -2.869540 3.111995 3.192543
v -2.833898 3.072670 3.245601
v -2.864765 3.106726 3.219072
v -2.851719 3.092332 3.238492
v -3.018841 2.969848 3.192543
v -2.981312 2.932319 3.245601
v -3.013813 2.964821 3.219072
v -3.000077 2.951084 3.238492
v -3.160987 2.820547 3.192543
v -3.121662 2.784905 3.245601
v -3.155718 2.815772 3.219072
v -3.141325 2.802726 3.238492
v -3.295637 2.664452 3.192543
v -3.254610 2.630782 3.245601
v -3.290140 2.659941 3.219072
v -3.275124 2.647617 3.238492
v -3.422464 2.501937 3.192543
v -3.379835 2.470321 3.245601
v -3.416754 2.497701 3.219072
v -3.401150 2.486129 3.238492
v -3.541165 2.333395 3.192543
v -3.497036 2.303908 3.245601
v -3.535253 2.329444 3.219072
v -3.519100 2.318651 3.238492
v -3.651453 2.159231 3.192543
v -3.605930 2.131946 3.245601
v -3.645354 2.155576 3.219072
v -3.628692 2.145588 3.238492
v -3.753062 1.979866 3.192543
v -3.706255 1.954847 3.245601
v -3.746791 1.976514 3.219072
v -3.729659 1.967356 3.238492
v -3.845748 1.795731 3.192543
v -3.797770 1.773039 3.245601
v -3.839320 1.792691 3.219072
v -3.821759 1.784385 3.238492
v -3.929287 1.607270 3.192543
v -3.880253 1.586959 3.245601
v -3.922718 1.604549 3.219072
v -3.904770 1.597114 3.238492
v -4.003478 1.414936 3.192543
v -3.953507 1.397056 3.245601
v -3.996783 1.412541 3.219072
v -3.978492 1.405996 3.238492
v -4.068142 1.219195 3.192543
v -4.017354 1.203788 3.245600
v -4.061338 1.217131 3.219072
v -4.042748 1.211491 3.238492
v -4.123124 1.020516 3.192543
v -4.071641 1.007620 3.245600
v -4.116226 1.018788 3.219072
v -4.097382 1.014068 3.238492
v -4.168291 0.819378 3.192543
v -4.116237 0.809024 3.245600
v -4.161317 0.817991 3.219072
v -4.142264 0.814201 3.238492
v -4.203534 0.616267 3.192543
v -4.151035 0.608479 3.245600
v -4.196500 0.615223 3.219072
v -4.177284 0.612373 3.238492
v -4.228768 0.411670 3.192543
v -4.175951 0.406468 3.245600
v -4.221693 0.410974 3.219072
v -4.202360 0.409069 3.238492
v -4.243933 0.206083 3.192543
v -4.190923 0.203478 3.245600
v -4.236832 0.205734 3.219072
v -4.217428 0.204781 3.238492
v -4.248992 -0.000002 3.192543
v -4.195919 -0.000002 3.245600
v -4.241881 -0.000002 3.219071
v -4.222455 -0.000002 3.238492
v -4.243933 -0.206086 3.192543
v -4.190923 -0.203482 3.245600
v -4.236832 -0.205737 3.219071
v -4.217428 -0.204784 3.238492
v -4.228768 -0.411674 3.192543
v -4.175950 -0.406472 3.245600
v -4.221692 -0.410977 3.219071
v -4.202359 -0.409073 3.238492
v -4.203534 -0.616270 3.192543
v -4.151034 -0.608482 3.245600
v -4.196500 -0.615227 3.219071
v -4.177284 -0.612376 3.238492
v -4.168290 -0.819381 3.192543
v -4.116236 -0.809027 3.245600
v -4.161316 -0.817994 3.219071
v -4.142263 -0.814204 3.238492
v -4.123123 -1.020519 3.192543
v -4.071640 -1.007623 3.245600
v -4.116226 -1.018791 3.219071
v -4.097382 -1.014071 3.238492
v -4.068141 -1.219198 3.192542
v -4.017353 -1.203791 3.245600
v -4.061337 -1.217134 3.219071
v -4.042747 -1.211495 3.238492
v -4.003477 -1.414940 3.192542
v -3.953506 -1.397060 3.245600
v -3.996782 -1.412544 3.219071
v -3.978491 -1.406000 3.238492
v -3.929286 -1.607273 3.192542
v -3.880252 -1.586962 3.245600
v -3.922716 -1.604552 3.219071
v -3.904769 -1.597117 3.238492
v -3.845747 -1.795733 3.192542
v -3.797768 -1.773041 3.245600
v -3.839319 -1.792693 3.219071
v -3.821758 -1.784387 3.238492
v -3.753061 -1.979868 3.192542
v -3.706254 -1.954849 3.245600
v -3.746790 -1.976516 3.219071
v -3.729658 -1.967358 3.238492
v -3.651452 -2.159233 3.192542
v -3.605929 -2.131948 3.245600
v -3.645353 -2.155577 3.219071
v -3.628690 -2.145590 3.238492
v -3.541164 -2.333396 3.192542
v -3.497035 -2.303910 3.245600
v -3.535252 -2.329445 3.219071
v -3.519100 -2.318653 3.238492
v -3.422464 -2.501938 3.192542
v -3.379835 -2.470322 3.245600
v -3.416753 -2.497702 3.219071
v -3.401149 -2.486130 3.238492
v -3.295636 -2.664452 3.192542
v -3.254610 -2.630782 3.245600
v -3.290140 -2.659941 3.219071
v -3.275123 -2.647617 3.238492
v -3.160988 -2.820547 3.192542
v -3.121662 -2.784905 3.245600
v -3.155719 -2.815773 3.219071
v -3.141325 -2.802726 3.238492
v -3.018842 -2.969848 3.192542
v -2.981313 -2.932319 3.245600
v -3.013814 -2.964820 3.219071
v -3.000077 -2.951083 3.238492
v -2.869541 -3.111994 3.192542
v -2.833899 -3.072669 3.245600
v -2.864766 -3.106725 3.219071
v -2.851720 -3.092331 3.238492
v -2.713446 -3.246643 3.192542
v -2.679776 -3.205616 3.245600
v -2.708935 -3.241146 3.219071
v -2.696611 -3.226130 3.238492
v -2.550931 -3.373471 3.192542
v -2.519315 -3.330841 3.245600
v -2.546695 -3.367759 3.219071
v -2.535123 -3.352156 3.238492
v -2.382390 -3.492171 3.192542
v -2.352903 -3.448042 3.245600
v -2.378439 -3.486259 3.219071
v -2.367646 -3.470106 3.238491
v -2.208226 -3.602459 3.192542
v -2.180941 -3.556936 3.245600
v -2.204571 -3.596360 3.219071
v -2.194584 -3.579697 3.238491
v -2.028862 -3.704068 3.192542
v -2.003843 -3.657261 3.245600
v -2.025510 -3.697797 3.219071
v -2.016352 -3.680665 3.238491
v -1.844727 -3.796754 3.192542
v -1.822035 -3.748775 3.245600
v -1.841687 -3.790326 3.219071
v -1.833381 -3.772765 3.238491
v -1.656267 -3.880293 3.192542
v -1.635956 -3.831259 3.245600
v -1.653546 -3.873724 3.219071
v -1.646111 -3.855776 3.238491
v -1.463934 -3.954484 3.192542
v -1.446054 -3.904513 3.245600
v -1.461539 -3.947789 3.219071
v -1.454994 -3.929498 3.238491
v -1.268193 -4.019148 3.192542
v -1.252786 -3.968360 3.245600
v -1.266129 -4.012344 3.219071
v -1.260489 -3.993754 3.238491
v -1.069514 -4.074130 3.192542
v -1.056618 -4.022647 3.245600
v -1.067787 -4.067233 3.219071
v -1.063066 -4.048388 3.238491
v -0.868377 -4.119298 3.192542
v -0.858023 -4.067244 3.245600
v -0.866990 -4.112324 3.219071
v -0.863200 -4.093270 3.238491
v -0.665267 -4.154541 3.192542
v -0.657479 -4.102041 3.245600
v -0.664223 -4.147507 3.219071
v -0.661373 -4.128291 3.238491
v -0.460671 -4.179775 3.192542
v -0.455469 -4.126957 3.245600
v -0.459974 -4.172699 3.219071
v -0.458070 -4.153367 3.238491
v -0.255084 -4.194941 3.192542
v -0.252479 -4.141931 3.245600
v -0.254735 -4.187839 3.219071
v -0.253781 -4.168436 3.238491
v -0.049000 -4.200000 3.192542
v -0.049000 -4.146926 3.245600
v -0.049000 -4.192889 3.219071
v -0.049000 -4.173463 3.238491
v 0.157084 -4.194942 3.192542
v 0.154480 -4.141932 3.245600
v 0.156735 -4.187840 3.219071
v 0.155782 -4.168437 3.238491
v 0.362671 -4.179777 3.192542
v 0.357469 -4.126959 3.245600
v 0.361974 -4.172701 3.219071
v 0.360070 -4.153368 3.238491
v 0.567267 -4.154543 3.192542
v 0.559480 -4.102044 3.245600
v 0.566224 -4.147509 3.219071
v 0.563373 -4.128293 3.238491
v 0.770378 -4.119300 3.192542
v 0.760024 -4.067246 3.245600
v 0.768991 -4.112327 3.219071
v 0.765201 -4.093274 3.238491
v 0.971515 -4.074134 3.192542
v 0.958619 -4.022651 3.245600
v 0.969787 -4.067236 3.219071
v 0.965067 -4.048392 3.238491
v 1.170194 -4.019153 3.192542
v 1.154787 -3.968364 3.245600
v 1.168130 -4.012348 3.219071
v 1.162491 -3.993758 3.238491
v 1.365935 -3.954489 3.192542
v 1.348055 -3.904518 3.245600
v 1.363540 -3.947794 3.219071
v 1.356995 -3.929503 3.238491
v 1.558268 -3.880298 3.192542
v 1.537958 -3.831265 3.245600
v 1.555547 -3.873729 3.219071
v 1.548113 -3.855782 3.238491
v 1.746729 -3.796760 3.192542
v 1.724037 -3.748782 3.245600
v 1.743689 -3.790332 3.219071
v 1.735383 -3.772771 3.238491
v 1.930864 -3.704075 3.192542
v 1.905845 -3.657268 3.245600
v 1.927512 -3.697804 3.219071
v 1.918355 -3.680672 3.238491
v 2.110229 -3.602467 3.192542
v 2.082944 -3.556944 3.245600
v 2.106573 -3.596367 3.219071
v 2.096586 -3.579705 3.238491
v 2.284393 -3.492180 3.192542
v 2.254906 -3.448050 3.245600
v 2.280442 -3.486267 3.219071
v 2.269650 -3.470115 3.238491
v 2.452935 -3.373480 3.192542
v 2.421319 -3.330850 3.245600
v 2.448699 -3.367768 3.219071
v 2.437127 -3.352165 3.238492
v 2.615449 -3.246653 3.192542
v 2.581780 -3.205626 3.245600
v 2.610939 -3.241156 3.219071
v 2.598615 -3.226139 3.238492
v 2.771545 -3.112004 3.192542
v 2.735903 -3.072679 3.245600
v 2.766770 -3.106735 3.219071
v 2.753724 -3.092341 3.238492
v 2.920846 -2.969859 3.192542
v 2.883318 -2.932330 3.245600
v 2.915819 -2.964831 3.219071
v 2.902082 -2.951094 3.238492
v 3.062993 -2.820559 3.192542
v 3.023668 -2.784916 3.245600
v 3.057724 -2.815784 3.219071
v 3.043331 -2.802737 3.238492
v 3.197643 -2.664463 3.192542
v 3.156617 -2.630793 3.245600
v 3.192146 -2.659952 3.219071
v 3.177130 -2.647628 3.238492
v 3.324472 -2.501948 3.192542
v 3.281842 -2.470332 3.245600
v 3.318760 -2.497713 3.219071
v 3.303157 -2.486140 3.238492
v 3.443173 -2.333406 3.192542
v 3.399044 -2.303920 3.245600
v 3.437261 -2.329456 3.219071
v 3.421109 -2.318663 3.238492
v 3.553462 -2.159242 3.192542
v 3.507939 -2.131957 3.245600
v 3.547363 -2.155587 3.219071
v 3.530701 -2.145600 3.238492
v 3.655072 -1.979877 3.192542
v 3.608265 -1.954858 3.245600
v 3.648801 -1.976525 3.219071
v 3.631668 -1.967367 3.238492
v 3.747758 -1.795742 3.192542
v 3.699780 -1.773050 3.245600
v 3.741330 -1.792701 3.219071
v 3.723769 -1.784396 3.238492
v 3.831298 -1.607280 3.192542
v 3.782264 -1.586970 3.245600
v 3.824729 -1.604559 3.219071
v 3.806781 -1.597125 3.238492
v 3.905490 -1.414947 3.192542
v 3.855519 -1.397067 3.245600
v 3.898795 -1.412551 3.219071
v 3.880504 -1.406007 3.238492
v 3.970155 -1.219205 3.192542
v 3.919366 -1.203798 3.245600
v 3.963351 -1.217141 3.219071
v 3.944761 -1.211502 3.238492
v 4.025137 -1.020525 3.192543
v 3.973654 -1.007630 3.245600
v 4.018239 -1.018798 3.219071
v 3.999395 -1.014077 3.238492
v 4.070305 -0.819388 3.192543
v 4.018251 -0.809033 3.245600
v 4.063331 -0.818000 3.219071
v 4.044278 -0.814211 3.238492
v 4.105548 -0.616276 3.192543
v 4.053049 -0.608488 3.245600
v 4.098515 -0.615232 3.219071
v 4.079298 -0.612382 3.238492
v 4.130783 -0.411679 3.192543
v 4.077965 -0.406477 3.245600
v 4.123707 -0.410982 3.219071
v 4.104374 -0.409078 3.238492
v 4.145949 -0.206091 3.192543
v 4.092939 -0.203487 3.245600
v 4.138847 -0.205742 3.219071
v 4.119444 -0.204789 3.238492
v 4.151008 -0.000006 3.192543
v 4.097934 -0.000006 3.245600
v 4.143897 -0.000006 3.219071
v 4.124471 -0.000006 3.238492
v 4.145949 0.206079 3.192543
v 4.092939 0.203475 3.245600
v 4.138847 0.205730 3.219072
v 4.119444 0.204777 3.238492
v 4.130785 0.411667 3.192543
v 4.077966 0.406465 3.245600
v 4.123708 0.410970 3.219072
v 4.104375 0.409066 3.238492
v 4.105550 0.616264 3.192543
v 4.053051 0.608476 3.245600
v 4.098516 0.615220 3.219072
v 4.079300 0.612370 3.238492
v 4.070307 0.819376 3.192543
v 4.018253 0.809022 3.245600
v 4.063333 0.817989 3.219072
v 4.044280 0.814199 3.238492
v 4.025140 1.020514 3.192543
v 3.973657 1.007618 3.245600
v 4.018242 1.018786 3.219072
v 3.999398 1.014066 3.238492
v 3.970159 1.219193 3.192543
v 3.919370 1.203787 3.245600
v 3.963354 1.217129 3.219072
v 3.944764 1.211490 3.238492
v 3.905494 1.414936 3.192543
v 3.855523 1.397056 3.245601
v 3.898799 1.412540 3.219072
v 3.880508 1.405996 3.238492
v 3.831303 1.607269 3.192543
v 3.782269 1.586959 3.245601
v 3.824733 1.604548 3.219072
v 3.806786 1.597114 3.238492
v 3.747763 1.795731 3.192543
v 3.699785 1.773039 3.245601
v 3.741335 1.792691 3.219072
v 3.723774 1.784385 3.238492
v 3.655077 1.979866 3.192543
v 3.608271 1.954848 3.245601
v 3.648807 1.976515 3.219072
v 3.631674 1.967357 3.238492
v 3.553468 2.159232 3.192543
v 3.507945 2.131947 3.245601
v 3.547369 2.155576 3.219072
v 3.530707 2.145590 3.238492
v 3.443180 2.333396 3.192543
v 3.399051 2.303910 3.245601
v 3.437268 2.329445 3.219072
v 3.421115 2.318653 3.238492
v 3.324479 2.501939 3.192543
v 3.281849 2.470323 3.245601
v 3.318767 2.497703 3.219072
v 3.303164 2.486130 3.238492
v 3.197651 2.664454 3.192543
v 3.156624 2.630784 3.245601
v 3.192154 2.659943 3.219072
v 3.177137 2.647619 3.238492
v 3.063001 2.820550 3.192543
v 3.023676 2.784908 3.245601
v 3.057732 2.815774 3.219072
v 3.043338 2.802729 3.238492
v 2.920854 2.969851 3.192543
v 2.883326 2.932322 3.245601
v 2.915826 2.964823 3.219072
v 2.902090 2.951087 3.238492
v 2.771553 3.111998 3.192543
v 2.735911 3.072673 3.245601
v 2.766777 3.106729 3.219072
v 2.753731 3.092335 3.238492
v 2.615456 3.246647 3.192543
v 2.581787 3.205620 3.245601
v 2.610945 3.241150 3.219072
v 2.598621 3.226134 3.238492
v 2.452941 3.373475 3.192543
v 2.421325 3.330846 3.245601
v 2.448705 3.367764 3.219072
v 2.437133 3.352160 3.238492
v 2.284398 3.492176 3.192543
v 2.254912 3.448047 3.245601
v 2.280448 3.486264 3.219072
v 2.269655 3.470111 3.238492
v 2.110234 3.602464 3.192543
v 2.082949 3.556941 3.245601
v 2.106578 3.596364 3.219072
v 2.096591 3.579702 3.238492
v 1.930868 3.704073 3.192543
v 1.905849 3.657266 3.245601
v 1.927516 3.697802 3.219072
v 1.918359 3.680670 3.238492
v 1.746733 3.796758 3.192543
v 1.724041 3.748780 3.245601
v 1.743692 3.790330 3.219072
v 1.735387 3.772769 3.238492
v 1.558271 3.880297 3.192543
v 1.537961 3.831264 3.245601
v 1.555550 3.873728 3.219072
v 1.548116 3.855780 3.238492
v 1.365937 3.954488 3.192543
v 1.348057 3.904517 3.245601
v 1.363542 3.947793 3.219072
v 1.356997 3.929503 3.238492
v 1.170195 4.019152 3.192543
v 1.154788 3.968364 3.245601
v 1.168131 4.012348 3.219072
v 1.162492 3.993758 3.238493
v 0.971515 4.074134 3.192543
v 0.958619 4.022651 3.245601
v 0.969787 4.067236 3.219072
v 0.965067 4.048392 3.238493
v 0.770377 4.119300 3.192543
v 0.760023 4.067247 3.245601
v 0.768990 4.112326 3.219072
v 0.765200 4.093274 3.238493
v 0.567265 4.154543 3.192543
v 0.559478 4.102044 3.245601
v 0.566222 4.147510 3.219072
v 0.563371 4.128294 3.238493
v 0.362668 4.179777 3.192543
v 0.357466 4.126959 3.245601
v 0.361971 4.172701 3.219072
v 0.360067 4.153368 3.238493
v 0.157080 4.194942 3.192543
v 0.154476 4.141932 3.245601
v 0.156731 4.187840 3.219072
v 0.155778 4.168437 3.238493
v -0.048992 3.804443 2.784400
v -0.235668 3.799860 2.784400
v -0.421893 3.786124 2.784400
v -0.607220 3.763265 2.784400
v -0.791202 3.731341 2.784400
v -0.973397 3.690429 2.784400
v -1.153364 3.640625 2.784400
v -1.330671 3.582050 2.784400
v -1.504890 3.514847 2.784400
v -1.675601 3.439176 2.784400
v -1.842394 3.355219 2.784400
v -2.004867 3.263180 2.784400
v -2.162627 3.163279 2.784400
v -2.315296 3.055757 2.784400
v -2.462506 2.940874 2.784400
v -2.603900 2.818906 2.784400
v -2.739140 2.690147 2.784400
v -2.867899 2.554907 2.784400
v -2.989867 2.413513 2.784400
v -3.104750 2.266304 2.784400
v -3.212272 2.113635 2.784400
v -3.312172 1.955874 2.784400
v -3.404212 1.793401 2.784400
v -3.488168 1.626608 2.784400
v -3.563840 1.455896 2.784400
v -3.631044 1.281677 2.784400
v -3.689618 1.104370 2.784400
v -3.739421 0.924403 2.784400
v -3.780334 0.742209 2.784400
v -3.812259 0.558226 2.784400
v -3.835116 0.372899 2.784400
v -3.848853 0.186674 2.784400
v -3.853435 -0.000002 2.784400
v -3.848853 -0.186677 2.784399
v -3.835116 -0.372902 2.784399
v -3.812258 -0.558230 2.784399
v -3.780334 -0.742212 2.784399
v -3.739420 -0.924406 2.784399
v -3.689617 -1.104374 2.784399
v -3.631042 -1.281680 2.784399
v -3.563839 -1.455900 2.784399
v -3.488167 -1.626611 2.784399
v -3.404211 -1.793403 2.784399
v -3.312171 -1.955876 2.784399
v -3.212271 -2.113636 2.784399
v -3.104749 -2.266304 2.784399
v -2.989866 -2.413513 2.784399
v -2.867899 -2.554908 2.784399
v -2.739141 -2.690147 2.784399
v -2.603901 -2.818906 2.784399
v -2.462507 -2.940873 2.784399
v -2.315298 -3.055756 2.784399
v -2.162630 -3.163277 2.784399
v -2.004869 -3.263178 2.784399
v -1.842397 -3.355218 2.784399
v -1.675604 -3.439174 2.784399
v -1.504893 -3.514846 2.784399
v -1.330675 -3.582049 2.784399
v -1.153368 -3.640624 2.784399
v -0.973402 -3.690427 2.784399
v -0.791208 -3.731341 2.784399
v -0.607226 -3.763265 2.784399
v -0.421899 -3.786123 2.784399
v -0.235674 -3.799860 2.784399
v -0.048999 -3.804443 2.784399
v 0.137675 -3.799861 2.784399
v 0.323901 -3.786124 2.784399
v 0.509227 -3.763267 2.784399
v 0.693209 -3.731344 2.784399
v 0.875403 -3.690431 2.784399
v 1.055370 -3.640628 2.784399
v 1.232677 -3.582054 2.784399
v 1.406896 -3.514851 2.784399
v 1.577607 -3.439180 2.784399
v 1.744400 -3.355225 2.784399
v 1.906873 -3.263185 2.784399
v 2.064634 -3.163285 2.784399
v 2.217302 -3.055765 2.784399
v 2.364512 -2.940882 2.784399
v 2.505906 -2.818915 2.784399
v 2.641146 -2.690157 2.784399
v 2.769906 -2.554918 2.784399
v 2.891874 -2.413523 2.784399
v 3.006758 -2.266314 2.784399
v 3.114280 -2.113645 2.784399
v 3.214182 -1.955884 2.784399
v 3.306221 -1.793412 2.784399
v 3.390179 -1.626618 2.784399
v 3.465851 -1.455906 2.784399
v 3.533055 -1.281687 2.784399
v 3.591630 -1.104380 2.784399
v 3.641434 -0.924412 2.784399
v 3.682348 -0.742217 2.784399
v 3.714272 -0.558235 2.784399
v 3.737130 -0.372907 2.784399
v 3.750868 -0.186681 2.784399
v 3.755451 -0.000005 2.784400
v 3.750868 0.186670 2.784400
v 3.737131 0.372896 2.784400
v 3.714274 0.558224 2.784400
v 3.682350 0.742207 2.784400
v 3.641437 0.924401 2.784400
v 3.591634 1.104369 2.784400
v 3.533059 1.281677 2.784400
v 3.465855 1.455896 2.784400
v 3.390183 1.626608 2.784400
v 3.306227 1.793402 2.784400
v 3.214187 1.955875 2.784400
v 3.114285 2.113636 2.784400
v 3.006764 2.266305 2.784400
v 2.891881 2.413515 2.784400
v 2.769912 2.554910 2.784400
v 2.641153 2.690150 2.784400
v 2.505913 2.818909 2.784400
v 2.364517 2.940877 2.784400
v 2.217308 3.055760 2.784400
v 2.064638 3.163281 2.784400
v 1.906877 3.263182 2.784400
v 1.744404 3.355222 2.784400
v 1.577610 3.439178 2.784400
v 1.406898 3.514850 2.784400
v 1.232679 3.582053 2.784400
v 1.055371 3.640627 2.784400
v 0.875403 3.690431 2.784400
v 0.693208 3.731344 2.784400
v 0.509225 3.763267 2.784400
v 0.323898 3.786124 2.784400
v 0.137672 3.799860 2.784400
v 0.025517 3.543496 2.760001
v 0.032110 3.538984 2.767401
v -0.022655 3.502769 2.767401
v -0.030073 3.506735 2.760001
v 0.179685 3.476751 2.760001
v 0.199053 3.503652 2.767401
v 0.101890 3.273111 2.767401
v 0.094513 3.274661 2.760001
v -0.048992 3.592600 2.760001
v -0.048992 3.600000 2.767401
v -0.048992 3.212289 2.767401
v -0.048992 3.219689 2.760001
v -0.130094 3.538984 2.767401
v -0.123501 3.543496 2.760001
v -0.067911 3.506735 2.760001
v -0.075330 3.502769 2.767401
v -0.297037 3.503652 2.767401
v -0.277669 3.476751 2.760001
v -0.192497 3.274661 2.760001
v -0.199875 3.273111 2.767401
v 0.028841 3.344008 2.760001
v 0.027528 3.352711 2.767401
v -0.029449 3.370199 2.760001
v -0.022071 3.374997 2.767401
v -0.126825 3.344008 2.760001
v -0.125513 3.352711 2.767401
v -0.068535 3.370199 2.760001
v -0.075913 3.374997 2.767401
v 0.072566 3.218974 2.760001
v 0.075567 3.211556 2.767401
v 0.093985 3.239947 2.760001
v 0.101338 3.236790 2.767401
v -0.173551 3.211556 2.767401
v -0.170550 3.218974 2.760001
v -0.191970 3.239947 2.760001
v -0.199322 3.236790 2.767401
v 0.033295 3.579311 2.760001
v 0.041277 3.581200 2.767401
v 0.022582 3.592600 2.760001
v 0.026122 3.600000 2.767401
v -0.131279 3.579311 2.760001
v -0.139262 3.581200 2.767401
v -0.120566 3.592600 2.760001
v -0.124106 3.600000 2.767401
v 0.188399 3.133676 2.767401
v 0.174729 3.126072 2.760001
v -0.048992 1.297383 2.767401
v -0.048992 1.306036 2.760001
v -0.048992 3.122742 2.760001
v -0.048992 3.130143 2.767401
v -0.272713 3.126072 2.760001
v -0.286383 3.133676 2.767401
v 0.055699 2.895902 2.760001
v 0.062973 2.894286 2.767401
v 0.089864 2.993782 2.760001
v 0.096563 2.990520 2.767401
v 0.034839 2.637406 2.760001
v 0.042239 2.637225 2.767401
v 0.040090 2.742314 2.760001
v 0.047472 2.741754 2.767401
v 0.059575 1.641669 2.760001
v 0.066588 1.644180 2.767401
v 0.035955 1.742719 2.760001
v 0.043354 1.743577 2.767401
v 0.120523 1.408769 2.760001
v 0.126820 1.403932 2.767401
v 0.140554 1.477399 2.760001
v 0.148464 1.478088 2.767401
v -0.153683 2.895902 2.760001
v -0.160957 2.894286 2.767401
v -0.187848 2.993782 2.760001
v -0.194547 2.990520 2.767401
v -0.132823 2.637406 2.760001
v -0.140224 2.637225 2.767401
v -0.138075 2.742314 2.760001
v -0.145456 2.741754 2.767401
v -0.157560 1.641669 2.760001
v -0.164572 1.644180 2.767401
v -0.133940 1.742719 2.760001
v -0.141338 1.743577 2.767401
v -0.224805 1.403932 2.767401
v -0.218508 1.408769 2.760001
v -0.238538 1.477399 2.760001
v -0.246448 1.478088 2.767401
v 1.593720 2.291498 2.760002
v 1.607978 2.284989 2.767402
v 1.884916 2.302571 2.767402
v 1.851532 2.307867 2.760002
v 1.276090 2.544344 2.767402
v 1.273807 2.537289 2.760002
v 0.972776 2.621271 2.767402
v 0.971990 2.613836 2.760002
v 0.623305 2.608084 2.767401
v 0.637311 2.601207 2.760001
v 0.766170 2.408072 2.767401
v 0.764699 2.422863 2.760001
v 0.814525 2.515771 2.767401
v 0.810386 2.524619 2.760001
v 1.065089 2.445437 2.767401
v 1.068929 2.452045 2.760002
v 1.247517 2.265207 2.767402
v 1.261734 2.261563 2.760002
v 0.854087 2.153112 2.767401
v 0.901690 2.158981 2.760001
v 1.399174 2.135529 2.767402
v 1.404500 2.142761 2.760002
v 0.423195 -0.233554 2.760001
v 0.414336 -0.248622 2.767401
v 0.862318 0.089967 2.760001
v 0.867135 0.084349 2.767401
v 0.715135 -0.032922 2.760001
v 0.719612 -0.038824 2.767401
v 1.200128 0.401655 2.760001
v 1.205522 0.396583 2.767401
v 1.064575 0.266622 2.760001
v 1.069625 0.261208 2.767401
v 1.556017 0.833330 2.760001
v 1.562216 0.829274 2.767401
v 1.444175 0.678916 2.760001
v 1.449962 0.674291 2.767401
v 1.814561 1.339850 2.760002
v 1.821746 1.337953 2.767401
v 1.750323 1.163504 2.760001
v 1.757044 1.160335 2.767401
v 1.849711 1.779303 2.760002
v 1.857075 1.780365 2.767402
v 1.857143 1.592842 2.760002
v 1.864568 1.592370 2.767402
v 1.725835 2.117997 2.760002
v 1.732177 2.121883 2.767402
v 1.806858 1.949669 2.760002
v 1.813852 1.952202 2.767402
v 1.526008 1.661768 2.760001
v 1.518560 1.662314 2.767401
v 1.516077 1.820630 2.760002
v 1.508754 1.819161 2.767401
v 1.408088 1.255750 2.760001
v 1.401567 1.259322 2.767401
v 1.471504 1.404236 2.760001
v 1.464414 1.406476 2.767401
v 1.072457 0.795468 2.760001
v 1.067102 0.800591 2.767401
v 1.178476 0.919196 2.760001
v 1.172592 0.923703 2.767401
v 0.687600 0.443465 2.760001
v 0.682853 0.449144 2.767401
v 0.810875 0.550518 2.760001
v 0.805919 0.556014 2.767401
v 0.463681 0.272778 2.767401
v 0.470754 0.268971 2.760001
v -0.048994 -0.606956 2.760000
v -0.048994 -0.616278 2.767401
v -0.048994 -0.142902 2.767401
v -0.048994 -0.152464 2.760000
v -1.691704 2.291498 2.760001
v -1.705962 2.284989 2.767401
v -1.982901 2.302571 2.767401
v -1.949517 2.307867 2.760001
v -1.374075 2.544344 2.767401
v -1.371791 2.537289 2.760001
v -1.070760 2.621271 2.767401
v -1.069974 2.613836 2.760001
v -0.721289 2.608084 2.767401
v -0.735295 2.601207 2.760001
v -0.864155 2.408072 2.767401
v -0.862684 2.422863 2.760001
v -0.912509 2.515771 2.767401
v -0.908370 2.524619 2.760001
v -1.163073 2.445437 2.767401
v -1.166914 2.452045 2.760001
v -1.345501 2.265207 2.767401
v -1.359718 2.261563 2.760001
v -0.952072 2.153112 2.767401
v -0.999674 2.158981 2.760001
v -1.497159 2.135529 2.767401
v -1.502485 2.142761 2.760001
v 0.232612 -2.506498 2.767400
v 0.243262 -2.486805 2.760000
v 0.634833 -0.882228 2.767401
v 0.632283 -0.891302 2.760000
v 0.929356 -0.005254 2.767401
v 0.937232 -0.010227 2.760001
v 2.686188 1.491178 2.760001
v 2.696491 1.524505 2.767401
v 1.490585 -0.210917 2.760000
v 1.516203 -0.205266 2.767401
v 3.212751 -0.047222 2.760000
v 3.239379 -0.029432 2.767401
v 1.517710 -0.407816 2.760000
v 1.535984 -0.418465 2.767401
v 2.994327 -1.241111 2.760000
v 3.041566 -1.249282 2.767400
v 1.413332 -0.682028 2.760000
v 1.430483 -0.706394 2.767401
v 2.130407 -1.659323 2.760000
v 2.164592 -1.677879 2.767400
v 1.222543 -1.059718 2.760000
v 1.230472 -1.077844 2.767401
v 1.363714 -1.699186 2.760000
v 1.388723 -1.735025 2.767400
v 1.029055 -1.048093 2.760000
v 1.030461 -1.086636 2.767401
v 0.935663 -1.497662 2.760000
v 0.931553 -1.541607 2.767400
v -0.550090 -0.242793 2.760000
v -0.554650 -0.248622 2.767401
v -0.396866 -0.358327 2.760000
v -0.401322 -0.364456 2.767401
v -0.960303 0.089967 2.760001
v -0.965119 0.084349 2.767401
v -0.812934 -0.033077 2.760001
v -0.817596 -0.038824 2.767401
v -1.298112 0.401655 2.760001
v -1.303506 0.396583 2.767401
v -1.162559 0.266622 2.760001
v -1.167610 0.261208 2.767401
v -1.654001 0.833330 2.760001
v -1.660200 0.829274 2.767401
v -1.542160 0.678916 2.760001
v -1.547946 0.674291 2.767401
v -1.912545 1.339850 2.760001
v -1.919730 1.337953 2.767401
v -1.848307 1.163504 2.760001
v -1.855028 1.160335 2.767401
v -1.947695 1.779303 2.760001
v -1.955059 1.780365 2.767401
v -1.955127 1.592842 2.760001
v -1.962552 1.592370 2.767401
v -1.823819 2.117997 2.760001
v -1.830161 2.121883 2.767401
v -1.904842 1.949669 2.760001
v -1.911836 1.952202 2.767401
v 0.417431 -1.960975 2.760000
v 0.410702 -1.957893 2.767400
v 0.494052 -1.784516 2.760000
v 0.487206 -1.781702 2.767400
v 0.550734 -1.510004 2.760000
v 0.543276 -1.510038 2.767400
v 0.528141 -1.696753 2.760000
v 0.520907 -1.694941 2.767400
v 0.474146 -1.216090 2.760000
v 0.467390 -1.219200 2.767400
v 0.535818 -1.395643 2.760000
v 0.528577 -1.397341 2.767400
v 0.249688 -0.881585 2.760000
v 0.244106 -0.886465 2.767401
v 0.366637 -1.033441 2.760000
v 0.360493 -1.037591 2.767401
v 0.020789 -0.664234 2.760000
v 0.013260 -0.667386 2.767401
v 0.160305 -0.791325 2.760000
v 0.155180 -0.796667 2.767401
v -1.623993 1.661768 2.760001
v -1.616544 1.662314 2.767401
v -1.614061 1.820630 2.760001
v -1.606738 1.819161 2.767401
v -1.506072 1.255750 2.760001
v -1.499551 1.259322 2.767401
v -1.569488 1.404236 2.760001
v -1.562398 1.406476 2.767401
v -1.170442 0.795468 2.760001
v -1.165087 0.800591 2.767401
v -1.276460 0.919196 2.760001
v -1.270576 0.923703 2.767401
v -0.785585 0.443465 2.760001
v -0.780838 0.449144 2.767401
v -0.908860 0.550518 2.760001
v -0.903903 0.556014 2.767401
v -0.223261 -0.009882 2.760001
v -0.218585 -0.004146 2.767401
v -0.349885 0.092862 2.760001
v -0.345240 0.098623 2.767401
v 0.156698 -0.332894 2.760000
v 0.161865 -0.327592 2.767401
v 0.037162 -0.222955 2.760000
v 0.042014 -0.217363 2.767401
v 0.483551 -0.686796 2.760000
v 0.489383 -0.682233 2.767401
v 0.379186 -0.562653 2.760000
v 0.384683 -0.557692 2.767401
v 0.864109 -0.778257 2.760000
v 0.859433 -0.772478 2.767401
v 0.796457 -0.823050 2.760000
v 0.792962 -0.816489 2.767401
v 0.957818 -0.650927 2.760000
v 0.950674 -0.648648 2.767401
v 0.921803 -0.721673 2.760000
v 0.915757 -0.717237 2.767401
v 0.977097 -0.454731 2.760000
v 0.969688 -0.454957 2.767401
v 0.974766 -0.536203 2.760000
v 0.967381 -0.535554 2.767401
v 0.905111 -1.181137 2.760000
v 0.897855 -1.182626 2.767400
v 0.917681 -1.258985 2.760000
v 0.910326 -1.259855 2.767400
v 0.830228 -1.013581 2.760000
v 0.825596 -1.019591 2.767401
v 0.877513 -1.070744 2.760000
v 0.870741 -1.074167 2.767401
v 0.734535 -1.016248 2.760000
v 0.741866 -1.020386 2.767401
v 0.777623 -0.989227 2.760000
v 0.778155 -0.997628 2.767401
v 0.741292 -1.150331 2.760000
v 0.748616 -1.149186 2.767400
v 0.733593 -1.071862 2.760000
v 0.740999 -1.071563 2.767401
v 0.804063 -1.455519 2.767400
v 0.796647 -1.455600 2.760000
v 0.790651 -1.379027 2.760000
v 0.797990 -1.377953 2.767400
v 0.785519 -1.653130 2.760000
v 0.792873 -1.654143 2.767400
v 0.754068 -1.795378 2.760000
v 0.761165 -1.797560 2.767400
v 0.643916 -2.021800 2.760000
v 0.650160 -2.025798 2.767400
v 0.714999 -1.893505 2.760000
v 0.721700 -1.896680 2.767400
v 0.465906 -2.264404 2.760000
v 0.471653 -2.269080 2.767400
v 0.367345 -2.373917 2.760000
v 0.372599 -2.379142 2.767400
v 0.977647 -1.340924 2.760000
v 0.984845 -1.342652 2.767400
v 0.997835 -1.245816 2.760000
v 1.005114 -1.247160 2.767400
v 1.250302 -1.425142 2.760000
v 1.257441 -1.423100 2.767400
v 1.230191 -1.323523 2.760000
v 1.237570 -1.322692 2.767400
v 1.335890 -1.639948 2.760000
v 1.342649 -1.636933 2.767400
v 1.295350 -1.544180 2.760000
v 1.302220 -1.541426 2.767400
v 1.188322 -1.500585 2.760000
v 1.182034 -1.504524 2.767400
v 1.248415 -1.582499 2.760000
v 1.242770 -1.587313 2.767400
v 1.080700 -1.269134 2.760000
v 1.073602 -1.271281 2.767400
v 1.116434 -1.364650 2.760000
v 1.109670 -1.367689 2.767400
v 2.530856 -1.216487 2.760000
v 2.529862 -1.223825 2.767400
v 2.746475 -1.237070 2.760000
v 2.746063 -1.244464 2.767400
v 2.135496 -1.131755 2.760000
v 2.133465 -1.138875 2.767401
v 2.345942 -1.183975 2.760000
v 2.344409 -1.191218 2.767400
v 1.796803 -0.990526 2.760000
v 1.793086 -0.996947 2.767401
v 1.989689 -1.084662 2.760000
v 1.986915 -1.091542 2.767401
v 1.607233 -0.847512 2.760000
v 1.602585 -0.853274 2.767401
v 1.779937 -0.979095 2.760000
v 1.775614 -0.985105 2.767401
v 1.615759 -1.134727 2.760000
v 1.622034 -1.130774 2.767401
v 1.512606 -0.943905 2.760000
v 1.519351 -0.940820 2.767401
v 1.883167 -1.455802 2.760000
v 1.888233 -1.450388 2.767400
v 1.734353 -1.297794 2.760000
v 1.740062 -1.293062 2.767400
v 1.668391 -1.469151 2.760000
v 1.664151 -1.475261 2.767400
v 1.853798 -1.571973 2.760000
v 1.850860 -1.578806 2.767400
v 1.373136 -1.207238 2.760000
v 1.368053 -1.212618 2.767400
v 1.533615 -1.354050 2.760000
v 1.528703 -1.359587 2.767400
v 1.690080 -0.590600 2.760000
v 1.694905 -0.584973 2.767401
v 1.581703 -0.486030 2.760000
v 1.587154 -0.481006 2.767401
v 2.114939 -0.893889 2.760000
v 2.118450 -0.887363 2.767401
v 1.986115 -0.815641 2.760000
v 1.990287 -0.809517 2.767401
v 2.616556 -1.119433 2.760000
v 2.619004 -1.112445 2.767401
v 2.475951 -1.064595 2.760000
v 2.478881 -1.057795 2.767401
v 2.917231 -1.215025 2.760000
v 2.919556 -1.208000 2.767400
v 2.773933 -1.168467 2.760000
v 2.776175 -1.161414 2.767400
v 2.633871 1.006572 2.760001
v 2.641161 1.005280 2.767401
v 2.659345 1.180127 2.760001
v 2.666698 1.179269 2.767401
v 2.539503 0.644414 2.760001
v 2.546424 0.641769 2.767401
v 2.592999 0.810387 2.760001
v 2.600163 0.808492 2.767401
v 2.382585 0.367713 2.760001
v 2.388314 0.362981 2.767401
v 2.479609 0.509652 2.760001
v 2.486097 0.506031 2.767401
v 2.121020 0.138175 2.760001
v 2.125085 0.131970 2.767401
v 2.259075 0.243111 2.760001
v 2.263966 0.237534 2.767401
v 1.806907 -0.036846 2.760001
v 1.810483 -0.043325 2.767401
v 1.960922 0.048611 2.760001
v 1.964525 0.042146 2.767401
v 1.927080 -0.233602 2.767401
v 1.926904 -0.241007 2.760000
v 2.998818 -0.126724 2.760000
v 2.996653 -0.119635 2.767401
v 2.828152 -0.167947 2.760000
v 2.826617 -0.160705 2.767401
v 2.838018 -0.397539 2.760000
v 2.841601 -0.404062 2.767401
v 2.977948 -0.299962 2.760000
v 2.982831 -0.305579 2.767401
v 2.486737 -0.508658 2.760000
v 2.487526 -0.516051 2.767401
v 2.654691 -0.474119 2.760000
v 2.656883 -0.481223 2.767401
v 2.047864 -0.497602 2.760000
v 2.046959 -0.504954 2.767401
v 2.222154 -0.511291 2.760000
v 2.221900 -0.518694 2.767401
v 1.591085 -0.420427 2.760000
v 1.589841 -0.427722 2.767401
v 1.764747 -0.449962 2.760000
v 1.763514 -0.457259 2.767401
v 2.346601 -0.224668 2.767401
v 2.346976 -0.232062 2.760000
v 2.512068 -0.218811 2.760000
v 2.511291 -0.211450 2.767401
v 2.646409 -0.201182 2.760000
v 2.645261 -0.193870 2.767401
v 1.535016 0.231723 2.760001
v 1.531666 0.238328 2.767401
v 1.306533 0.126611 2.760001
v 1.303697 0.133452 2.767401
v 1.982610 0.525564 2.760001
v 1.977580 0.531024 2.767401
v 1.786182 0.371390 2.760001
v 1.782074 0.377573 2.767401
v 2.356497 0.959157 2.760001
v 2.350492 0.963492 2.767401
v 2.201185 0.761428 2.760001
v 2.195551 0.766235 2.767401
v 2.619632 1.373193 2.760001
v 2.613252 1.376945 2.767401
v 2.488264 1.158416 2.760001
v 2.482018 1.162386 2.767401
v 0.324736 -2.153459 2.760000
v 0.317836 -2.150732 2.767400
v 0.267342 -2.336511 2.760000
v 0.260120 -2.334810 2.767400
v 1.205430 1.205794 2.760001
v 1.223891 1.188402 2.767401
v 0.353059 0.849653 2.760001
v 0.364562 0.851081 2.767401
v -0.048992 0.411495 2.767401
v -0.048992 0.422295 2.760001
v -0.048992 1.171258 2.760001
v -0.048992 1.180161 2.767401
v -1.303414 1.205794 2.760001
v -1.321875 1.188402 2.767401
v -0.462546 0.851081 2.767401
v -0.451043 0.849653 2.760001
v 0.291995 1.372389 2.760001
v 0.291152 1.379836 2.767401
v 0.222959 1.353160 2.760001
v 0.219831 1.359970 2.767401
v 0.803197 1.370954 2.760001
v 0.800330 1.377862 2.767401
v 0.728725 1.352184 2.760001
v 0.727976 1.359627 2.767401
v 0.918843 1.417097 2.760001
v 0.917905 1.424509 2.767401
v 0.848436 1.398072 2.760001
v 0.845513 1.404948 2.767401
v 1.032158 1.393839 2.760001
v 1.035586 1.400498 2.767401
v 0.963888 1.416548 2.760001
v 0.965131 1.423933 2.767401
v 1.163925 1.278427 2.760001
v 1.169961 1.282778 2.767401
v 1.114145 1.334057 2.760001
v 1.119138 1.339575 2.767401
v 1.037749 1.269269 2.760001
v 1.036866 1.261874 2.767401
v 1.113290 1.251389 2.760001
v 1.110764 1.244382 2.767401
v 0.466072 1.254299 2.760001
v 0.468602 1.247291 2.767401
v 0.541596 1.271915 2.760001
v 0.542428 1.264511 2.767401
v 0.244741 1.105042 2.760001
v 0.251888 1.102353 2.767401
v 0.286054 1.164290 2.760001
v 0.291048 1.158514 2.767401
v 0.260360 0.908937 2.760001
v 0.266127 0.914033 2.767401
v 0.230012 0.972479 2.760001
v 0.237600 0.973762 2.767401
v -0.389979 1.372389 2.760001
v -0.389136 1.379836 2.767401
v -0.320943 1.353160 2.760001
v -0.317815 1.359970 2.767401
v -0.901182 1.370954 2.760001
v -0.898314 1.377862 2.767401
v -0.826710 1.352184 2.760001
v -0.825960 1.359627 2.767401
v -1.016827 1.417097 2.760001
v -1.015890 1.424509 2.767401
v -0.946420 1.398072 2.760001
v -0.943497 1.404948 2.767401
v -1.130142 1.393839 2.760001
v -1.133571 1.400498 2.767401
v -1.061872 1.416548 2.760001
v -1.063115 1.423933 2.767401
v -1.261909 1.278427 2.760001
v -1.267946 1.282778 2.767401
v -1.212130 1.334057 2.760001
v -1.217122 1.339575 2.767401
v -1.135733 1.269269 2.760001
v -1.134850 1.261874 2.767401
v -1.211274 1.251389 2.760001
v -1.208748 1.244382 2.767401
v -0.564057 1.254299 2.760001
v -0.566586 1.247291 2.767401
v -0.639580 1.271915 2.760001
v -0.640413 1.264511 2.767401
v -0.342725 1.105042 2.760001
v -0.349872 1.102353 2.767401
v -0.384039 1.164290 2.760001
v -0.389032 1.158514 2.767401
v -0.358344 0.908937 2.760001
v -0.364111 0.914033 2.767401
v -0.327996 0.972479 2.760001
v -0.335584 0.973762 2.767401
v 0.357437 0.722614 2.767401
v 0.348384 0.701767 2.760001
v 0.281120 -0.252971 2.767401
v 0.274778 -0.239157 2.760000
v 0.011421 0.333731 2.760001
v 0.004024 0.336610 2.767401
v 0.003589 -0.049796 2.767401
v 0.010993 -0.046045 2.760000
v -0.429846 0.303003 2.767401
v -0.422727 0.306723 2.760001
v -0.464952 0.730378 2.767401
v -0.455801 0.709367 2.760001
v -0.100157 0.330478 2.767401
v -0.107588 0.327643 2.760001
v -0.110580 0.049119 2.760001
v -0.103347 0.033555 2.767401
v -0.048994 -3.700000 2.767400
v -0.048939 -3.642405 2.760000
v -0.048994 -0.805012 2.760000
v -0.048994 -0.795062 2.767401
v 0.225036 -1.045626 2.767401
v 0.217481 -1.048671 2.760000
v 0.182836 -1.923918 2.767400
v 0.175459 -1.923261 2.760000
v -0.344288 -0.544112 2.760000
v -0.352685 -0.526746 2.767401
v -0.262890 -1.978529 2.760000
v -0.270263 -1.979211 2.767400
v -0.330596 -2.506498 2.767400
v -0.341246 -2.486805 2.760000
v -0.732817 -0.882228 2.767400
v -0.730267 -0.891302 2.760000
v -1.027340 -0.005254 2.767400
v -1.035216 -0.010227 2.760000
v -2.784172 1.491178 2.760000
v -2.794475 1.524505 2.767400
v -1.588569 -0.210917 2.760000
v -1.614187 -0.205266 2.767400
v -3.310735 -0.047222 2.760000
v -3.337364 -0.029432 2.767400
v -1.615694 -0.407816 2.760000
v -1.633969 -0.418465 2.767400
v -3.092312 -1.241111 2.759999
v -3.139550 -1.249282 2.767399
v -1.511317 -0.682028 2.760000
v -1.528467 -0.706394 2.767400
v -2.228392 -1.659323 2.760000
v -2.262577 -1.677879 2.767400
v -1.320528 -1.059718 2.760000
v -1.328456 -1.077844 2.767400
v -1.461699 -1.699186 2.760000
v -1.486707 -1.735025 2.767400
v -1.127039 -1.048093 2.760000
v -1.128445 -1.086636 2.767400
v -1.033648 -1.497662 2.760000
v -1.029537 -1.541607 2.767400
v -0.515416 -1.960975 2.760000
v -0.508687 -1.957893 2.767400
v -0.592036 -1.784516 2.760000
v -0.585190 -1.781702 2.767400
v -0.648719 -1.510004 2.760000
v -0.641261 -1.510038 2.767400
v -0.626126 -1.696753 2.760000
v -0.618891 -1.694941 2.767400
v -0.572130 -1.216090 2.760000
v -0.565374 -1.219200 2.767400
v -0.633802 -1.395643 2.760000
v -0.626561 -1.397341 2.767400
v -0.458477 -1.037591 2.767400
v -0.465980 -1.035749 2.760000
v -0.581536 -0.686796 2.760000
v -0.587367 -0.682233 2.767400
v -0.489111 -0.576856 2.760000
v -0.482668 -0.557692 2.767400
v -0.962093 -0.778257 2.760000
v -0.957418 -0.772478 2.767400
v -0.894441 -0.823050 2.760000
v -0.890946 -0.816489 2.767400
v -1.055802 -0.650927 2.760000
v -1.048659 -0.648648 2.767400
v -1.019787 -0.721673 2.760000
v -1.013741 -0.717237 2.767400
v -1.075082 -0.454731 2.760000
v -1.067672 -0.454957 2.767400
v -1.072750 -0.536203 2.760000
v -1.065366 -0.535554 2.767400
v -1.003095 -1.181137 2.760000
v -0.995840 -1.182626 2.767400
v -1.015665 -1.258985 2.760000
v -1.008310 -1.259855 2.767400
v -0.928212 -1.013581 2.760000
v -0.923580 -1.019591 2.767400
v -0.975497 -1.070744 2.760000
v -0.968725 -1.074167 2.767400
v -0.832520 -1.016248 2.760000
v -0.839851 -1.020386 2.767400
v -0.875607 -0.989227 2.760000
v -0.876139 -0.997628 2.767400
v -0.839277 -1.150331 2.760000
v -0.846600 -1.149186 2.767400
v -0.831577 -1.071862 2.760000
v -0.838983 -1.071563 2.767400
v -0.902048 -1.455519 2.767400
v -0.894631 -1.455600 2.760000
v -0.888635 -1.379027 2.760000
v -0.895974 -1.377953 2.767400
v -0.883503 -1.653130 2.760000
v -0.890858 -1.654143 2.767400
v -0.852053 -1.795378 2.760000
v -0.859149 -1.797560 2.767400
v -0.741900 -2.021800 2.760000
v -0.748144 -2.025798 2.767400
v -0.812984 -1.893505 2.760000
v -0.819685 -1.896680 2.767400
v -0.563890 -2.264404 2.760000
v -0.569638 -2.269080 2.767400
v -0.465330 -2.373917 2.760000
v -0.470583 -2.379142 2.767400
v -1.075631 -1.340924 2.760000
v -1.082829 -1.342652 2.767400
v -1.095819 -1.245816 2.760000
v -1.103099 -1.247160 2.767400
v -1.348287 -1.425142 2.760000
v -1.355426 -1.423100 2.767400
v -1.328176 -1.323523 2.760000
v -1.335555 -1.322692 2.767400
v -1.433874 -1.639948 2.760000
v -1.440634 -1.636933 2.767400
v -1.393334 -1.544180 2.760000
v -1.400204 -1.541426 2.767400
v -1.286306 -1.500585 2.760000
v -1.280019 -1.504524 2.767400
v -1.346400 -1.582499 2.760000
v -1.340754 -1.587313 2.767400
v -1.178684 -1.269134 2.760000
v -1.171586 -1.271281 2.767400
v -1.214418 -1.364650 2.760000
v -1.207654 -1.367689 2.767400
v -2.628840 -1.216487 2.760000
v -2.627846 -1.223825 2.767400
v -2.844460 -1.237070 2.759999
v -2.844047 -1.244464 2.767399
v -2.233480 -1.131755 2.760000
v -2.231450 -1.138875 2.767400
v -2.443927 -1.183975 2.760000
v -2.442393 -1.191218 2.767400
v -1.894787 -0.990526 2.760000
v -1.891070 -0.996947 2.767400
v -2.087673 -1.084662 2.760000
v -2.084899 -1.091542 2.767400
v -1.705218 -0.847512 2.760000
v -1.700570 -0.853274 2.767400
v -1.877922 -0.979095 2.760000
v -1.873598 -0.985105 2.767400
v -1.713743 -1.134727 2.760000
v -1.720018 -1.130774 2.767400
v -1.610590 -0.943905 2.760000
v -1.617335 -0.940820 2.767400
v -1.981151 -1.455802 2.760000
v -1.986218 -1.450388 2.767400
v -1.832337 -1.297794 2.760000
v -1.838046 -1.293062 2.767400
v -1.766375 -1.469151 2.760000
v -1.762135 -1.475261 2.767400
v -1.951782 -1.571973 2.760000
v -1.948844 -1.578806 2.767400
v -1.471120 -1.207238 2.760000
v -1.466038 -1.212618 2.767400
v -1.631599 -1.354050 2.760000
v -1.626688 -1.359587 2.767400
v -1.788064 -0.590600 2.760000
v -1.792889 -0.584973 2.767400
v -1.679687 -0.486030 2.760000
v -1.685139 -0.481006 2.767400
v -2.212923 -0.893889 2.760000
v -2.216435 -0.887363 2.767400
v -2.084100 -0.815641 2.760000
v -2.088271 -0.809517 2.767400
v -2.714540 -1.119433 2.760000
v -2.716989 -1.112445 2.767399
v -2.573936 -1.064595 2.760000
v -2.576866 -1.057795 2.767400
v -3.015215 -1.215025 2.759999
v -3.017541 -1.208000 2.767399
v -2.871917 -1.168467 2.759999
v -2.874160 -1.161414 2.767399
v -2.731855 1.006572 2.760000
v -2.739145 1.005280 2.767400
v -2.757330 1.180127 2.760000
v -2.764683 1.179269 2.767400
v -2.637487 0.644414 2.760000
v -2.644409 0.641769 2.767400
v -2.690984 0.810387 2.760000
v -2.698148 0.808492 2.767400
v -2.480569 0.367713 2.760000
v -2.486298 0.362981 2.767400
v -2.577593 0.509652 2.760000
v -2.584081 0.506031 2.767400
v -2.219004 0.138175 2.760000
v -2.223069 0.131970 2.767400
v -2.357059 0.243111 2.760000
v -2.361950 0.237534 2.767400
v -1.904891 -0.036846 2.760000
v -1.908467 -0.043325 2.767400
v -2.058907 0.048611 2.760000
v -2.062509 0.042146 2.767400
v -2.025064 -0.233602 2.767400
v -2.024889 -0.241007 2.760000
v -3.096802 -0.126724 2.760000
v -3.094637 -0.119635 2.767400
v -2.926137 -0.167947 2.760000
v -2.924602 -0.160705 2.767400
v -2.936002 -0.397539 2.760000
v -2.939585 -0.404062 2.767400
v -3.075932 -0.299962 2.760000
v -3.080815 -0.305579 2.767400
v -2.584721 -0.508658 2.760000
v -2.585510 -0.516051 2.767400
v -2.752676 -0.474119 2.760000
v -2.754867 -0.481223 2.767400
v -2.145849 -0.497602 2.760000
v -2.144943 -0.504954 2.767400
v -2.320138 -0.511291 2.760000
v -2.319884 -0.518694 2.767400
v -1.689069 -0.420427 2.760000
v -1.687826 -0.427722 2.767400
v -1.862731 -0.449962 2.760000
v -1.861498 -0.457259 2.767400
v -2.444586 -0.224668 2.767400
v -2.444960 -0.232062 2.760000
v -2.610053 -0.218811 2.760000
v -2.609275 -0.211450 2.767400
v -2.744393 -0.201182 2.760000
v -2.743246 -0.193870 2.767400
v -1.633000 0.231723 2.760000
v -1.629651 0.238328 2.767400
v -1.404517 0.126611 2.760000
v -1.401681 0.133452 2.767400
v -2.080594 0.525564 2.760000
v -2.075564 0.531024 2.767400
v -1.884166 0.371390 2.760000
v -1.880058 0.377573 2.767400
v -2.454481 0.959157 2.760000
v -2.448476 0.963492 2.767400
v -2.299169 0.761428 2.760000
v -2.293535 0.766235 2.767400
v -2.717616 1.373193 2.760000
v -2.711237 1.376945 2.767400
v -2.586248 1.158416 2.760000
v -2.580002 1.162386 2.767400
v -0.422721 -2.153459 2.760000
v -0.415820 -2.150732 2.767400
v -0.365326 -2.336511 2.760000
v -0.358105 -2.334810 2.767400
v 2.037134 3.122108 2.784401
v 2.333108 2.902598 2.784401
v -2.951593 -2.382098 2.784400
v -3.171102 -2.086124 2.784400
v 3.687854 0.368047 2.784401
v 3.705935 -0.000001 2.784401
v -3.731771 0.732547 2.784401
v -3.642235 1.089994 2.784401
v 2.606141 -2.655136 2.784400
v 2.333107 -2.902599 2.784400
v -1.819061 3.311546 2.784401
v -1.485951 3.469096 2.784401
v -0.417043 -3.736846 2.784400
v -0.781546 -3.682777 2.784400
v 2.606142 2.655134 2.784401
v -3.360544 -1.770059 2.784400
v 3.687854 -0.368048 2.784400
v -3.518095 1.436944 2.784401
v 2.037132 -3.122109 2.784400
v -1.139001 3.593238 2.784401
v -1.138994 -3.593240 2.784400
v 2.853606 2.382101 2.784401
v -3.518094 -1.436947 2.784400
v 3.633785 -0.732551 2.784400
v -3.360545 1.770056 2.784401
v -0.048992 3.754927 2.784401
v 0.319055 3.736846 2.784401
v 1.721066 -3.311551 2.784400
v -0.781554 3.682775 2.784401
v -1.485944 -3.469099 2.784400
v 3.073116 2.086126 2.784401
v -3.642234 -1.089997 2.784400
v 3.544248 -1.089999 2.784400
v -3.171104 2.086121 2.784401
v 1.387954 -3.469102 2.784400
v -0.417052 3.736845 2.784401
v 0.683558 3.682777 2.784401
v -1.819056 -3.311549 2.784400
v 3.262558 1.770060 2.784401
v -3.731770 -0.732550 2.784400
v 3.420108 -1.436950 2.784400
v -2.951595 2.382095 2.784401
v 1.041003 -3.593242 2.784400
v 1.041005 3.593241 2.784401
v -2.135121 -3.122106 2.784400
v 3.420108 1.436948 2.784401
v -3.785839 -0.368048 2.784400
v 3.262558 -1.770062 2.784400
v -2.704133 2.655129 2.784401
v 0.683555 -3.682778 2.784400
v 1.387956 3.469100 2.784401
v -2.431096 -2.902596 2.784400
v 3.544249 1.089998 2.784401
v -3.803920 -0.000002 2.784401
v 3.073115 -2.086127 2.784400
v -2.431100 2.902592 2.784401
v 0.319052 -3.736847 2.784400
v 1.721068 3.311550 2.784401
v -2.704130 -2.655132 2.784400
v 3.633785 0.732550 2.784401
v -3.785839 0.368045 2.784401
v 2.853605 -2.382102 2.784400
v -2.135126 3.122103 2.784401
v -0.048995 -3.754928 2.784400
v 2.746063 -1.244464 2.784400
v 3.041566 -1.249282 2.784400
v 2.919556 -1.208000 2.784400
v 2.776175 -1.161414 2.784400
v 2.619004 -1.112445 2.784400
v 2.529862 -1.223825 2.784400
v 2.344409 -1.191218 2.784400
v 2.133465 -1.138875 2.784400
v 2.164592 -1.677879 2.784400
v 1.850860 -1.578806 2.784400
v 1.986915 -1.091542 2.784400
v 1.888233 -1.450388 2.784400
v 1.740062 -1.293062 2.784400
v 1.664151 -1.475261 2.784400
v 1.109670 -1.367689 2.784400
v 1.237570 -1.322692 2.784400
v 1.368053 -1.212618 2.784400
v 1.182034 -1.504524 2.784400
v 1.388723 -1.735025 2.784400
v 1.073602 -1.271281 2.784400
v 1.528703 -1.359587 2.784400
v 1.342649 -1.636933 2.784400
v 1.257441 -1.423100 2.784400
v 1.302220 -1.541426 2.784400
v 1.242770 -1.587313 2.784400
v 1.622034 -1.130774 2.784400
v 1.030461 -1.086636 2.784400
v 0.792873 -1.654143 2.784400
v 0.748616 -1.149186 2.784400
v 0.761165 -1.797560 2.784400
v 0.984845 -1.342652 2.784400
v 0.797990 -1.377953 2.784400
v 0.931553 -1.541607 2.784400
v 0.721700 -1.896680 2.784400
v 0.804063 -1.455519 2.784400
v 0.910326 -1.259855 2.784400
v 0.897855 -1.182626 2.784400
v 1.005114 -1.247160 2.784400
v 0.543276 -1.510038 2.784400
v 0.467390 -1.219200 2.784400
v 0.528577 -1.397341 2.784400
v 0.520907 -1.694941 2.784400
v 0.487206 -1.781702 2.784400
v 0.410702 -1.957893 2.784400
v 0.650160 -2.025798 2.784400
v 0.182836 -1.923918 2.784400
v -0.048994 -3.700000 2.784400
v 0.317836 -2.150732 2.784400
v 0.471653 -2.269080 2.784400
v 0.260120 -2.334810 2.784400
v 0.372599 -2.379142 2.784400
v 0.232612 -2.506498 2.784400
v -0.626561 -1.397341 2.784400
v -0.565374 -1.219200 2.784400
v -0.618891 -1.694941 2.784400
v -0.585190 -1.781702 2.784400
v -0.641261 -1.510038 2.784400
v -0.508687 -1.957893 2.784400
v -0.415820 -2.150732 2.784400
v -0.161301 -2.826595 2.784400
v -0.270263 -1.979211 2.784400
v -0.748144 -2.025798 2.784400
v -0.569638 -2.269080 2.784400
v -0.358105 -2.334810 2.784400
v -0.470583 -2.379142 2.784400
v -0.330596 -2.506498 2.784400
v -0.819685 -1.896680 2.784400
v -0.859149 -1.797560 2.784400
v -1.082829 -1.342652 2.784400
v -0.890858 -1.654143 2.784400
v -1.029537 -1.541607 2.784400
v -1.008310 -1.259855 2.784400
v -1.103099 -1.247160 2.784400
v -1.128445 -1.086636 2.784400
v -0.895974 -1.377953 2.784400
v -0.902048 -1.455519 2.784400
v -0.995840 -1.182626 2.784400
v -0.846600 -1.149186 2.784400
v -1.762135 -1.475261 2.784400
v -1.626688 -1.359587 2.784400
v -1.486707 -1.735025 2.784400
v -1.400204 -1.541426 2.784400
v -1.440634 -1.636933 2.784400
v -1.355426 -1.423100 2.784400
v -1.466038 -1.212618 2.784400
v -1.340754 -1.587313 2.784400
v -1.335554 -1.322692 2.784400
v -1.280019 -1.504524 2.784400
v -1.207654 -1.367689 2.784400
v -1.171586 -1.271281 2.784400
v -1.948844 -1.578806 2.784400
v -1.838046 -1.293062 2.784400
v -1.720018 -1.130774 2.784400
v -1.986218 -1.450388 2.784400
v -2.262577 -1.677879 2.784400
v -2.442393 -1.191218 2.784400
v -2.231450 -1.138875 2.784400
v -2.084899 -1.091542 2.784400
v -2.844047 -1.244464 2.784400
v -2.627846 -1.223825 2.784400
v -2.874160 -1.161414 2.784400
v -2.716989 -1.112445 2.784400
v -3.139550 -1.249283 2.784400
v -3.017541 -1.208000 2.784400
v 2.046959 -0.504954 2.784400
v 2.478881 -1.057795 2.784400
v 1.990287 -0.809517 2.784400
v 1.694905 -0.584973 2.784400
v 2.118450 -0.887363 2.784400
v 2.221900 -0.518694 2.784400
v 2.487526 -0.516051 2.784400
v 2.841601 -0.404062 2.784401
v 1.793086 -0.996947 2.784400
v 2.656883 -0.481223 2.784400
v 1.763514 -0.457259 2.784400
v 1.430483 -0.706394 2.784400
v 1.519351 -0.940820 2.784400
v 1.230472 -1.077844 2.784400
v 1.775614 -0.985105 2.784400
v 1.587154 -0.481006 2.784400
v 1.602585 -0.853274 2.784400
v 1.535984 -0.418465 2.784400
v 1.589841 -0.427722 2.784400
v 0.778155 -0.997628 2.784400
v 0.967381 -0.535554 2.784400
v 0.915757 -0.717237 2.784400
v 0.859433 -0.772478 2.784400
v 0.792962 -0.816489 2.784400
v 0.950674 -0.648648 2.784400
v 0.969688 -0.454957 2.784400
v 0.825596 -1.019591 2.784400
v 0.870741 -1.074167 2.784400
v 0.741866 -1.020386 2.784400
v 0.634833 -0.882228 2.784400
v 0.489383 -0.682233 2.784400
v 0.384683 -0.557692 2.784400
v -0.048994 -0.795062 2.784400
v 0.225036 -1.045626 2.784400
v 0.155180 -0.796667 2.784400
v 0.244106 -0.886465 2.784400
v 0.360493 -1.037591 2.784400
v 0.740999 -1.071563 2.784400
v -0.048994 -0.616278 2.784400
v -0.401322 -0.364456 2.784401
v -0.352685 -0.526746 2.784400
v -0.587367 -0.682233 2.784400
v -0.458477 -1.037591 2.784400
v -0.482668 -0.557692 2.784400
v 0.013260 -0.667386 2.784400
v -0.732817 -0.882228 2.784400
v -0.890946 -0.816489 2.784400
v -0.968725 -1.074167 2.784400
v -1.048659 -0.648648 2.784400
v -1.065366 -0.535554 2.784400
v -0.839851 -1.020386 2.784400
v -0.838983 -1.071563 2.784400
v -0.923580 -1.019591 2.784400
v -0.957418 -0.772478 2.784400
v -0.876139 -0.997628 2.784400
v -1.013741 -0.717237 2.784400
v -1.067672 -0.454957 2.784400
v -1.873598 -0.985105 2.784400
v -1.687826 -0.427722 2.784400
v -1.700570 -0.853274 2.784400
v -1.861498 -0.457259 2.784401
v -1.792889 -0.584973 2.784400
v -1.617335 -0.940820 2.784400
v -1.685139 -0.481006 2.784400
v -1.528467 -0.706394 2.784400
v -1.328456 -1.077844 2.784400
v -1.633969 -0.418465 2.784400
v -2.939585 -0.404062 2.784401
v -2.754867 -0.481223 2.784401
v -2.576866 -1.057795 2.784400
v -2.585510 -0.516051 2.784400
v -2.319884 -0.518694 2.784400
v -2.216435 -0.887363 2.784400
v -2.088271 -0.809517 2.784400
v -1.891070 -0.996947 2.784400
v -2.144943 -0.504954 2.784400
v 2.600163 0.808492 2.784401
v 2.546424 0.641769 2.784401
v 2.486097 0.506031 2.784401
v 3.239379 -0.029432 2.784401
v 2.982831 -0.305579 2.784401
v 2.388314 0.362981 2.784401
v 2.996653 -0.119635 2.784401
v 2.263966 0.237534 2.784401
v 2.826617 -0.160705 2.784401
v 2.645261 -0.193870 2.784401
v 2.511291 -0.211450 2.784401
v 2.346601 -0.224668 2.784401
v 1.977580 0.531024 2.784401
v 2.195551 0.766235 2.784401
v 1.782074 0.377573 2.784401
v 1.531666 0.238328 2.784401
v 1.964525 0.042146 2.784401
v 2.125085 0.131970 2.784401
v 1.810483 -0.043325 2.784401
v 1.516203 -0.205266 2.784401
v 1.927080 -0.233602 2.784401
v 1.067102 0.800591 2.784401
v 1.562216 0.829274 2.784401
v 0.934537 0.676455 2.784401
v 0.805919 0.556014 2.784401
v 1.449962 0.674291 2.784401
v 1.205522 0.396583 2.784401
v 0.867135 0.084349 2.784401
v 1.069625 0.261208 2.784401
v 1.303697 0.133452 2.784401
v 0.929356 -0.005254 2.784401
v 0.719612 -0.038824 2.784401
v 0.266127 0.914033 2.784401
v 0.364562 0.851081 2.784401
v 0.357437 0.722614 2.784401
v 0.004024 0.336610 2.784401
v -0.048992 0.411495 2.784401
v 0.281120 -0.252971 2.784401
v 0.682853 0.449144 2.784401
v 0.003589 -0.049796 2.784401
v 0.463681 0.272778 2.784401
v 0.414336 -0.248622 2.784401
v -0.048994 -0.142902 2.784401
v 0.042014 -0.217363 2.784401
v 0.161865 -0.327592 2.784401
v -0.364111 0.914033 2.784401
v -0.462546 0.851081 2.784401
v -0.100157 0.330478 2.784401
v -0.464952 0.730378 2.784401
v -0.429846 0.303003 2.784401
v -0.780838 0.449144 2.784401
v -0.345240 0.098623 2.784401
v -0.103347 0.033555 2.784401
v -0.218585 -0.004146 2.784401
v -0.554650 -0.248622 2.784401
v -0.817596 -0.038824 2.784401
v -1.270576 0.923703 2.784401
v -1.547946 0.674291 2.784401
v -1.165087 0.800591 2.784401
v -1.032520 0.676454 2.784401
v -1.660200 0.829274 2.784401
v -0.903903 0.556014 2.784401
v -1.303506 0.396584 2.784401
v -1.167610 0.261208 2.784401
v -1.401681 0.133452 2.784401
v -0.965119 0.084349 2.784401
v -1.629651 0.238328 2.784401
v -1.027340 -0.005254 2.784401
v -2.293535 0.766235 2.784401
v -2.075564 0.531024 2.784401
v -1.880058 0.377573 2.784401
v -2.223069 0.131970 2.784401
v -2.361950 0.237534 2.784401
v -2.062509 0.042146 2.784401
v -1.908467 -0.043325 2.784401
v -2.025064 -0.233602 2.784401
v -1.614187 -0.205266 2.784401
v -2.444585 -0.224668 2.784401
v -2.644409 0.641769 2.784401
v -2.698148 0.808492 2.784401
v -2.584081 0.506031 2.784401
v -2.486298 0.362981 2.784401
v -3.337364 -0.029432 2.784401
v -3.080815 -0.305579 2.784401
v -3.094637 -0.119635 2.784401
v -2.924602 -0.160705 2.784401
v -2.743246 -0.193870 2.784401
v -2.609275 -0.211450 2.784401
v 1.857075 1.780365 2.784401
v 1.813851 1.952202 2.784401
v 1.864568 1.592370 2.784401
v 2.666698 1.179269 2.784401
v 1.821746 1.337953 2.784401
v 2.613252 1.376945 2.784401
v 2.696491 1.524505 2.784401
v 2.482018 1.162386 2.784401
v 2.641161 1.005280 2.784401
v 2.350492 0.963492 2.784401
v 1.399174 2.135529 2.784401
v 0.854087 2.153112 2.784401
v 1.247517 2.265207 2.784401
v 1.508754 1.819161 2.784401
v 1.518559 1.662313 2.784401
v 1.732177 2.121883 2.784401
v 1.401567 1.259322 2.784401
v 1.464414 1.406476 2.784401
v 1.223891 1.188402 2.784401
v 1.169961 1.282778 2.784401
v 1.757044 1.160335 2.784401
v 1.172592 0.923703 2.784401
v 1.110764 1.244382 2.784401
v 1.035586 1.400498 2.784401
v 0.917905 1.424509 2.784401
v 0.727976 1.359627 2.784401
v 1.119138 1.339575 2.784401
v 0.800330 1.377862 2.784401
v 0.845513 1.404948 2.784401
v 0.542428 1.264511 2.784401
v 1.036866 1.261874 2.784401
v 0.965130 1.423933 2.784401
v 0.291152 1.379836 2.784401
v 0.468602 1.247291 2.784401
v 0.066588 1.644180 2.784401
v 0.043354 1.743577 2.784401
v 0.148464 1.478088 2.784401
v 0.126820 1.403932 2.784401
v -0.048992 1.297383 2.784401
v 0.219831 1.359970 2.784401
v -0.048992 1.180161 2.784401
v 0.291048 1.158514 2.784401
v 0.251888 1.102353 2.784401
v 0.237600 0.973762 2.784401
v -0.164572 1.644180 2.784401
v -0.141338 1.743577 2.784401
v -0.246448 1.478089 2.784401
v -0.224805 1.403933 2.784401
v -0.825960 1.359627 2.784401
v -0.389136 1.379836 2.784401
v -0.317815 1.359970 2.784401
v -0.566586 1.247291 2.784401
v -0.389032 1.158514 2.784401
v -0.349872 1.102353 2.784401
v -0.335584 0.973762 2.784401
v -1.133571 1.400498 2.784401
v -1.497159 2.135529 2.784401
v -1.345501 2.265207 2.784401
v -0.952072 2.153112 2.784401
v -1.217123 1.339575 2.784401
v -0.898314 1.377862 2.784401
v -0.943497 1.404948 2.784401
v -1.015890 1.424509 2.784401
v -1.063115 1.423934 2.784401
v -1.134850 1.261874 2.784401
v -0.640413 1.264511 2.784401
v -1.208748 1.244382 2.784401
v -1.606738 1.819161 2.784401
v -1.616544 1.662314 2.784401
v -1.562398 1.406476 2.784401
v -1.499551 1.259322 2.784401
v -1.267946 1.282778 2.784401
v -1.321875 1.188402 2.784401
v -1.830161 2.121883 2.784401
v -1.911836 1.952202 2.784401
v -1.955059 1.780365 2.784401
v -1.962552 1.592370 2.784401
v -1.919730 1.337953 2.784401
v -2.764683 1.179269 2.784401
v -2.794475 1.524504 2.784401
v -2.711237 1.376945 2.784401
v -2.580002 1.162386 2.784401
v -2.739145 1.005280 2.784401
v -1.855028 1.160335 2.784401
v -2.448476 0.963492 2.784401
v 1.276090 2.544344 2.784401
v 1.607978 2.284988 2.784401
v 1.884916 2.302571 2.784401
v 0.972776 2.621271 2.784401
v 1.065089 2.445437 2.784401
v 0.814525 2.515771 2.784401
v 0.623305 2.608084 2.784401
v 0.766170 2.408072 2.784401
v 0.042239 2.637225 2.784401
v -1.070760 2.621272 2.784401
v -0.721289 2.608084 2.784401
v -0.864155 2.408072 2.784401
v -0.140224 2.637225 2.784401
v -1.163073 2.445437 2.784401
v -0.912509 2.515771 2.784401
v -1.374075 2.544344 2.784401
v -1.982901 2.302571 2.784401
v -1.705962 2.284989 2.784401
v -0.286383 3.133676 2.784401
v -0.048992 3.130143 2.784401
v -0.194547 2.990520 2.784401
v 0.188399 3.133676 2.784401
v 0.096563 2.990520 2.784401
v 0.062973 2.894286 2.784401
v 0.047472 2.741754 2.784401
v -0.160957 2.894286 2.784401
v -0.145456 2.741754 2.784401
v -0.048992 3.212289 2.784401
v -0.173551 3.211556 2.784401
v -0.075913 3.374997 2.784401
v -0.125513 3.352711 2.784401
v 0.199053 3.503652 2.784401
v -0.199322 3.236790 2.784401
v -0.022071 3.374997 2.784401
v 0.027528 3.352711 2.784401
v -0.075330 3.502769 2.784401
v 0.101338 3.236790 2.784401
v 0.101890 3.273111 2.784401
v -0.022655 3.502769 2.784401
v -0.199875 3.273111 2.784401
v 0.075567 3.211556 2.784401
v -0.130094 3.538984 2.784401
v -0.048992 3.600000 2.784401
v -0.297038 3.503653 2.784401
v -0.124106 3.600000 2.784401
v 0.041277 3.581200 2.784401
v 0.026122 3.600000 2.784401
v -0.139262 3.581200 2.784401
v 0.032110 3.538984 2.784401
v 0.049626 -2.944453 2.784400
v 0.004019 0.332094 2.767401
v 1.482582 -3.697575 2.754399
v 1.662168 -3.617970 2.754399
v -3.481813 2.057552 2.754400
v -3.578637 1.886634 2.754400
v 0.731793 3.925322 2.754400
v 0.538245 3.958905 2.754400
v 1.837632 -3.529650 2.754399
v -3.666958 1.711169 2.754400
v 0.343283 3.982951 2.754400
v 2.008551 -3.432826 2.754399
v -3.746563 1.531583 2.754400
v 0.147376 3.997401 2.754400
v 2.174513 -3.327732 2.754399
v -3.817261 1.348307 2.754400
v -0.048992 4.002222 2.754400
v 2.335118 -3.214622 2.754399
v -3.878880 1.161782 2.754400
v 2.489981 -3.093767 2.754399
v -3.931273 0.972459 2.754400
v 2.638726 -2.965459 2.754399
v -3.974313 0.780793 2.754400
v 2.780996 -2.830008 2.754399
v -4.007896 0.587247 2.754400
v 2.916449 -2.687738 2.754399
v -4.031942 0.392285 2.754400
v 3.044759 -2.538993 2.754399
v -4.046393 0.196378 2.754400
v 3.165615 -2.384131 2.754399
v -4.051214 -0.000002 2.754400
v 3.278727 -2.223526 2.754399
v -4.046393 -0.196381 2.754400
v 3.383822 -2.057563 2.754399
v -4.031942 -0.392288 2.754400
v 3.480646 -1.886644 2.754399
v -4.007896 -0.587250 2.754400
v 3.568969 -1.711180 2.754399
v -3.974312 -0.780797 2.754399
v 3.648574 -1.531593 2.754399
v -3.931272 -0.972462 2.754399
v 3.719273 -1.348317 2.754399
v -3.878879 -1.161786 2.754399
v 3.780892 -1.161792 2.754399
v -3.817260 -1.348310 2.754399
v 3.833286 -0.972469 2.754399
v -3.746562 -1.531586 2.754399
v 3.876326 -0.780802 2.754399
v -3.666957 -1.711172 2.754399
v 3.909910 -0.587255 2.754400
v -3.578636 -1.886636 2.754399
v 3.933957 -0.392293 2.754400
v -3.481812 -2.057554 2.754399
v 3.948408 -0.196386 2.754400
v -3.376717 -2.223516 2.754399
v 3.953229 -0.000006 2.754400
v -3.263607 -2.384121 2.754399
v 3.948409 0.196375 2.754400
v -3.142752 -2.538983 2.754399
v 3.933958 0.392282 2.754400
v -3.014444 -2.687727 2.754399
v 3.909912 0.587244 2.754400
v -2.878991 -2.829997 2.754399
v 3.876328 0.780791 2.754400
v -2.736721 -2.965450 2.754399
v 3.833288 0.972458 2.754400
v -2.587976 -3.093758 2.754399
v 3.780896 1.161781 2.754400
v -2.433115 -3.214613 2.754399
v 3.719277 1.348306 2.754400
v -2.272510 -3.327724 2.754399
v -0.245372 3.997401 2.754400
v 3.648579 1.531583 2.754400
v -2.106548 -3.432819 2.754399
v -0.441279 3.982950 2.754400
v 3.568974 1.711169 2.754400
v -1.935629 -3.529643 2.754399
v -0.636240 3.958904 2.754400
v 3.480652 1.886634 2.754400
v -1.760166 -3.617964 2.754399
v -0.829787 3.925320 2.754400
v 3.383828 2.057553 2.754400
v -1.580580 -3.697569 2.754399
v -1.021453 3.882280 2.754400
v 3.278733 2.223516 2.754400
v -1.397304 -3.768267 2.754399
v -1.210776 3.829887 2.754400
v 3.165621 2.384122 2.754400
v -1.210781 -3.829886 2.754399
v -1.397300 3.768268 2.754400
v 3.044766 2.538984 2.754400
v -1.021458 -3.882279 2.754399
v -1.580576 3.697571 2.754400
v 2.916457 2.687730 2.754400
v -0.829793 -3.925319 2.754399
v -1.760162 3.617966 2.754400
v 2.781003 2.830000 2.754400
v -0.636246 -3.958903 2.754399
v -1.935626 3.529645 2.754400
v 2.638733 2.965453 2.754400
v -0.441285 -3.982949 2.754399
v -2.106545 3.432820 2.754400
v 2.489987 3.093762 2.754400
v -0.245379 -3.997401 2.754399
v -2.272507 3.327726 2.754400
v 2.335124 3.214617 2.754400
v -0.049000 -4.002222 2.754399
v -2.433113 3.214614 2.754400
v 2.174518 3.327729 2.754400
v 0.147380 -3.997401 2.754399
v -2.587975 3.093759 2.754400
v 2.008556 3.432823 2.754400
v 0.343286 -3.982951 2.754399
v -2.736720 2.965451 2.754400
v 1.837636 3.529648 2.754400
v 0.538247 -3.958905 2.754399
v -2.878990 2.829998 2.754400
v 1.662171 3.617968 2.754400
v 0.731794 -3.925322 2.754399
v -3.014443 2.687727 2.754400
v 1.482585 3.697574 2.754400
v 0.923459 -3.882282 2.754399
v -3.142752 2.538982 2.754400
v 1.299308 3.768271 2.754400
v 1.112782 -3.829890 2.754399
v -3.263607 2.384120 2.754400
v 1.112783 3.829890 2.754400
v 1.299306 -3.768271 2.754399
v -3.376719 2.223515 2.754400
v 0.923459 3.882282 2.754400
v 1.619888 -3.528575 2.784399
v -3.491425 1.840017 2.784400
v 0.523735 3.861086 2.784400
v 1.791016 -3.442437 2.784399
v -3.577563 1.668889 2.784400
v 0.333590 3.884538 2.784400
v 1.957712 -3.348006 2.784399
v -3.655202 1.493740 2.784400
v 0.142524 3.898631 2.784400
v 2.119574 -3.245509 2.784399
v -3.724152 1.314992 2.784400
v -0.048992 3.903332 2.784400
v 2.276210 -3.135193 2.784399
v -3.784249 1.133077 2.784400
v 2.427246 -3.017325 2.784399
v -3.835347 0.948431 2.784400
v 2.572316 -2.892187 2.784399
v -3.877324 0.761501 2.784400
v 2.711071 -2.760082 2.784399
v -3.910078 0.572736 2.784400
v 2.843177 -2.621328 2.784399
v -3.933530 0.382592 2.784400
v 2.968316 -2.476258 2.784399
v -3.947623 0.191526 2.784400
v 3.086186 -2.325222 2.784399
v -3.952325 -0.000002 2.784400
v 3.196503 -2.168586 2.784399
v -3.947623 -0.191529 2.784400
v 3.299002 -2.006724 2.784399
v -3.933529 -0.382595 2.784400
v 3.393434 -1.840028 2.784399
v -3.910077 -0.572740 2.784399
v 3.479573 -1.668899 2.784399
v -3.877323 -0.761504 2.784399
v 3.557213 -1.493750 2.784399
v -3.835346 -0.948434 2.784399
v 3.626164 -1.315002 2.784399
v -3.784248 -1.133080 2.784399
v 3.686261 -1.133086 2.784399
v -3.724151 -1.314995 2.784399
v 3.737360 -0.948440 2.784399
v -3.655200 -1.493743 2.784399
v 3.779337 -0.761510 2.784399
v -3.577562 -1.668891 2.784399
v 3.812091 -0.572745 2.784399
v -3.491423 -1.840019 2.784399
v 3.835544 -0.382600 2.784400
v -3.396991 -2.006715 2.784399
v 3.849638 -0.191534 2.784400
v -3.294494 -2.168576 2.784399
v 3.854340 -0.000006 2.784400
v -3.184178 -2.325212 2.784399
v 3.849638 0.191522 2.784400
v -3.066309 -2.476248 2.784399
v 3.835545 0.382589 2.784400
v -2.941171 -2.621318 2.784399
v 3.812093 0.572734 2.784400
v -2.809066 -2.760072 2.784399
v 3.779339 0.761499 2.784400
v -2.670311 -2.892178 2.784399
v 3.737363 0.948430 2.784400
v -2.525242 -3.017316 2.784399
v 3.686265 1.133075 2.784400
v -2.374206 -3.135185 2.784399
v 3.626168 1.314991 2.784400
v -2.217570 -3.245501 2.784399
v -0.240520 3.898630 2.784400
v 3.557217 1.493739 2.784400
v -2.055709 -3.347999 2.784399
v -0.431586 3.884537 2.784400
v 3.479578 1.668889 2.784400
v -1.889013 -3.442430 2.784399
v -0.621730 3.861085 2.784400
v 3.393440 1.840018 2.784400
v -1.717885 -3.528569 2.784399
v -0.810495 3.828331 2.784400
v 3.299007 2.006714 2.784400
v -1.542737 -3.606207 2.784399
v -0.997425 3.786354 2.784400
v 3.196509 2.168576 2.784400
v -1.363989 -3.675158 2.784399
v -1.182070 3.735256 2.784400
v 3.086192 2.325213 2.784400
v -1.182074 -3.735255 2.784399
v -1.363985 3.675159 2.784400
v 2.968323 2.476249 2.784400
v -0.997430 -3.786353 2.784399
v -1.542733 3.606209 2.784400
v 2.843184 2.621320 2.784400
v -0.810500 -3.828330 2.784399
v -1.717882 3.528571 2.784400
v 2.711078 2.760075 2.784400
v -0.621736 -3.861084 2.784399
v -1.889010 3.442432 2.784400
v 2.572323 2.892181 2.784400
v -0.431592 -3.884537 2.784399
v -2.055706 3.348000 2.784400
v 2.427252 3.017319 2.784400
v -0.240527 -3.898631 2.784399
v -2.217567 3.245502 2.784400
v 2.276216 3.135189 2.784400
v -0.048999 -3.903332 2.784399
v -2.374205 3.135186 2.784400
v 2.119578 3.245505 2.784400
v 0.142528 -3.898631 2.784399
v -2.525241 3.017317 2.784400
v 1.957716 3.348002 2.784400
v 0.333593 -3.884537 2.784399
v -2.670310 2.892178 2.784400
v 1.791020 3.442435 2.784400
v 0.523737 -3.861086 2.784399
v -2.809065 2.760072 2.784400
v 1.619891 3.528574 2.784400
v 0.712502 -3.828333 2.784399
v -2.941171 2.621317 2.784400
v 1.444741 3.606212 2.784400
v 0.899431 -3.786357 2.784399
v -3.066309 2.476248 2.784400
v 1.265993 3.675162 2.784400
v 1.084076 -3.735259 2.784399
v -3.184179 2.325212 2.784400
v 1.084077 3.735259 2.784400
v 1.265992 -3.675163 2.784399
v -3.294495 2.168575 2.784400
v 0.899431 3.786356 2.784400
v 1.444739 -3.606213 2.784399
v -3.396992 2.006713 2.784400
v 0.712501 3.828333 2.784400
v -0.048992 4.200000 3.000001
v -0.255076 4.194941 3.000001
v -0.460664 4.179776 3.000001
v -0.665260 4.154541 3.000001
v -0.868372 4.119298 3.000001
v -1.069509 4.074131 3.000001
v -1.268188 4.019150 3.000001
v -1.463930 3.954485 3.000001
v -1.656263 3.880294 3.000001
v -1.844723 3.796755 3.000001
v -2.028859 3.704070 3.000001
v -2.208224 3.602460 3.000000
v -2.382387 3.492172 3.000000
v -2.550930 3.373472 3.000000
v -2.713444 3.246644 3.000000
v -2.869540 3.111995 3.000000
v -3.018841 2.969848 3.000000
v -3.160987 2.820547 3.000000
v -3.295637 2.664452 3.000000
v -3.422464 2.501937 3.000000
v -3.541165 2.333395 3.000000
v -3.651453 2.159231 3.000000
v -3.753062 1.979866 3.000000
v -3.845748 1.795731 3.000000
v -3.929287 1.607270 3.000000
v -4.003478 1.414936 3.000000
v -4.068142 1.219195 3.000000
v -4.123124 1.020516 3.000000
v -4.168291 0.819378 3.000000
v -4.203534 0.616267 3.000000
v -4.228768 0.411670 3.000000
v -4.243933 0.206083 3.000000
v -4.248992 -0.000002 3.000000
v -4.243933 -0.206086 3.000000
v -4.228768 -0.411674 3.000000
v -4.203534 -0.616270 3.000000
v -4.168290 -0.819381 3.000000
v -4.123123 -1.020519 3.000000
v -4.068141 -1.219198 3.000000
v -4.003477 -1.414940 3.000000
v -3.929286 -1.607273 3.000000
v -3.845747 -1.795733 3.000000
v -3.753061 -1.979868 3.000000
v -3.651452 -2.159233 3.000000
v -3.541164 -2.333396 3.000000
v -3.422464 -2.501938 3.000000
v -3.295636 -2.664452 3.000000
v -3.160988 -2.820547 3.000000
v -3.018842 -2.969848 3.000000
v -2.869541 -3.111994 3.000000
v -2.713446 -3.246643 3.000000
v -2.550931 -3.373471 3.000000
v -2.382390 -3.492171 3.000000
v -2.208226 -3.602459 3.000000
v -2.028862 -3.704068 2.999999
v -1.844727 -3.796754 2.999999
v -1.656267 -3.880293 2.999999
v -1.463934 -3.954484 2.999999
v -1.268193 -4.019148 2.999999
v -1.069514 -4.074130 2.999999
v -0.868377 -4.119298 2.999999
v -0.665267 -4.154541 2.999999
v -0.460671 -4.179775 2.999999
v -0.255084 -4.194941 2.999999
v -0.049000 -4.200000 2.999999
v 0.157084 -4.194942 2.999999
v 0.362671 -4.179777 2.999999
v 0.567267 -4.154543 2.999999
v 0.770378 -4.119300 2.999999
v 0.971515 -4.074134 2.999999
v 1.170194 -4.019153 2.999999
v 1.365935 -3.954489 2.999999
v 1.558268 -3.880298 2.999999
v 1.746729 -3.796760 2.999999
v 1.930864 -3.704075 2.999999
v 2.110229 -3.602467 3.000000
v 2.284393 -3.492180 3.000000
v 2.452935 -3.373480 3.000000
v 2.615449 -3.246653 3.000000
v 2.771545 -3.112004 3.000000
v 2.920846 -2.969859 3.000000
v 3.062993 -2.820559 3.000000
v 3.197643 -2.664463 3.000000
v 3.324472 -2.501948 3.000000
v 3.443173 -2.333406 3.000000
v 3.553462 -2.159242 3.000000
v 3.655072 -1.979877 3.000000
v 3.747758 -1.795742 3.000000
v 3.831298 -1.607280 3.000000
v 3.905490 -1.414947 3.000000
v 3.970155 -1.219205 3.000000
v 4.025137 -1.020526 3.000000
v 4.070305 -0.819388 3.000000
v 4.105548 -0.616276 3.000000
v 4.130783 -0.411679 3.000000
v 4.145949 -0.206091 3.000000
v 4.151008 -0.000006 3.000000
v 4.145949 0.206079 3.000000
v 4.130785 0.411667 3.000000
v 4.105550 0.616264 3.000000
v 4.070307 0.819376 3.000000
v 4.025140 1.020514 3.000000
v 3.970159 1.219193 3.000000
v 3.905494 1.414936 3.000000
v 3.831303 1.607269 3.000000
v 3.747763 1.795731 3.000000
v 3.655077 1.979866 3.000000
v 3.553468 2.159232 3.000000
v 3.443180 2.333396 3.000000
v 3.324479 2.501939 3.000000
v 3.197651 2.664454 3.000000
v 3.063001 2.820550 3.000000
v 2.920854 2.969851 3.000000
v 2.771553 3.111998 3.000000
v 2.615456 3.246647 3.000000
v 2.452941 3.373475 3.000000
v 2.284398 3.492176 3.000000
v 2.110234 3.602464 3.000000
v 1.930868 3.704073 3.000001
v 1.746733 3.796758 3.000001
v 1.558271 3.880297 3.000001
v 1.365937 3.954488 3.000001
v 1.170195 4.019152 3.000001
v 0.971515 4.074134 3.000001
v 0.770377 4.119300 3.000001
v 0.567265 4.154543 3.000001
v 0.362668 4.179777 3.000001
v 0.157080 4.194942 3.000001
v -0.048992 4.146926 2.754400
v -0.048992 4.200000 2.807458
v -0.048992 4.173463 2.761509
v -0.048992 4.192889 2.780929
v -0.255076 4.194941 2.807458
v -0.252472 4.141931 2.754400
v -0.254728 4.187840 2.780929
v -0.253774 4.168436 2.761509
v -0.460664 4.179776 2.807458
v -0.455462 4.126958 2.754400
v -0.459967 4.172700 2.780929
v -0.458063 4.153367 2.761509
v -0.665260 4.154541 2.807458
v -0.657473 4.102042 2.754400
v -0.664217 4.147508 2.780929
v -0.661366 4.128292 2.761509
v -0.868372 4.119298 2.807458
v -0.858017 4.067245 2.754400
v -0.866984 4.112325 2.780929
v -0.863195 4.093272 2.761509
v -1.069509 4.074131 2.807458
v -1.056613 4.022648 2.754400
v -1.067781 4.067234 2.780929
v -1.063061 4.048390 2.761509
v -1.268188 4.019150 2.807458
v -1.252781 3.968361 2.754400
v -1.266124 4.012345 2.780929
v -1.260485 3.993756 2.761509
v -1.463930 3.954485 2.807458
v -1.446050 3.904514 2.754400
v -1.461534 3.947790 2.780929
v -1.454990 3.929500 2.761509
v -1.656263 3.880294 2.807458
v -1.635952 3.831261 2.754400
v -1.653542 3.873725 2.780929
v -1.646107 3.855778 2.761509
v -1.844723 3.796755 2.807458
v -1.822032 3.748777 2.754400
v -1.841683 3.790327 2.780929
v -1.833377 3.772766 2.761509
v -2.028859 3.704070 2.807458
v -2.003840 3.657263 2.754400
v -2.025507 3.697799 2.780929
v -2.016349 3.680666 2.761509
v -2.208224 3.602460 2.807458
v -2.180939 3.556938 2.754400
v -2.204568 3.596361 2.780929
v -2.194581 3.579699 2.761509
v -2.382387 3.492172 2.807458
v -2.352901 3.448043 2.754400
v -2.378437 3.486260 2.780929
v -2.367644 3.470108 2.761509
v -2.550930 3.373472 2.807458
v -2.519314 3.330842 2.754400
v -2.546694 3.367761 2.780929
v -2.535121 3.352157 2.761508
v -2.713444 3.246644 2.807458
v -2.679775 3.205617 2.754400
v -2.708934 3.241147 2.780929
v -2.696609 3.226131 2.761508
v -2.869540 3.111995 2.807458
v -2.833898 3.072670 2.754400
v -2.864765 3.106726 2.780929
v -2.851719 3.092332 2.761508
v -3.018841 2.969848 2.807458
v -2.981312 2.932319 2.754400
v -3.013813 2.964821 2.780929
v -3.000077 2.951084 2.761508
v -3.160987 2.820547 2.807458
v -3.121662 2.784905 2.754400
v -3.155718 2.815772 2.780929
v -3.141325 2.802726 2.761508
v -3.295637 2.664452 2.807458
v -3.254610 2.630782 2.754400
v -3.290140 2.659941 2.780929
v -3.275124 2.647617 2.761508
v -3.422464 2.501937 2.807458
v -3.379835 2.470321 2.754400
v -3.416754 2.497701 2.780929
v -3.401150 2.486129 2.761508
v -3.541165 2.333395 2.807458
v -3.497036 2.303908 2.754400
v -3.535253 2.329444 2.780929
v -3.519100 2.318651 2.761508
v -3.651453 2.159231 2.807458
v -3.605930 2.131946 2.754400
v -3.645354 2.155576 2.780929
v -3.628692 2.145588 2.761508
v -3.753062 1.979866 2.807458
v -3.706255 1.954847 2.754400
v -3.746791 1.976514 2.780929
v -3.729659 1.967356 2.761508
v -3.845748 1.795731 2.807458
v -3.797770 1.773039 2.754400
v -3.839320 1.792691 2.780929
v -3.821759 1.784385 2.761508
v -3.929287 1.607270 2.807458
v -3.880253 1.586959 2.754400
v -3.922718 1.604549 2.780929
v -3.904770 1.597114 2.761508
v -4.003478 1.414936 2.807458
v -3.953507 1.397056 2.754400
v -3.996783 1.412541 2.780929
v -3.978492 1.405996 2.761508
v -4.068142 1.219195 2.807458
v -4.017354 1.203788 2.754400
v -4.061338 1.217131 2.780929
v -4.042748 1.211491 2.761508
v -4.123124 1.020516 2.807457
v -4.071641 1.007620 2.754400
v -4.116226 1.018788 2.780929
v -4.097382 1.014068 2.761508
v -4.168291 0.819378 2.807457
v -4.116237 0.809024 2.754400
v -4.161317 0.817991 2.780929
v -4.142264 0.814201 2.761508
v -4.203534 0.616267 2.807457
v -4.151035 0.608479 2.754400
v -4.196500 0.615223 2.780929
v -4.177284 0.612373 2.761508
v -4.228768 0.411671 2.807457
v -4.175951 0.406468 2.754400
v -4.221693 0.410974 2.780929
v -4.202360 0.409069 2.761508
v -4.243933 0.206083 2.807457
v -4.190923 0.203479 2.754400
v -4.236832 0.205734 2.780929
v -4.217428 0.204781 2.761508
v -4.248992 -0.000002 2.807457
v -4.195919 -0.000002 2.754400
v -4.241881 -0.000002 2.780929
v -4.222455 -0.000002 2.761508
v -4.243933 -0.206086 2.807457
v -4.190923 -0.203482 2.754400
v -4.236832 -0.205737 2.780928
v -4.217428 -0.204784 2.761508
v -4.228768 -0.411674 2.807457
v -4.175950 -0.406472 2.754400
v -4.221692 -0.410977 2.780928
v -4.202359 -0.409073 2.761508
v -4.203534 -0.616270 2.807457
v -4.151034 -0.608482 2.754400
v -4.196500 -0.615227 2.780928
v -4.177284 -0.612376 2.761508
v -4.168290 -0.819381 2.807457
v -4.116236 -0.809027 2.754400
v -4.161316 -0.817994 2.780928
v -4.142263 -0.814204 2.761508
v -4.123123 -1.020519 2.807457
v -4.071640 -1.007623 2.754400
v -4.116226 -1.018791 2.780928
v -4.097382 -1.014071 2.761508
v -4.068141 -1.219198 2.807457
v -4.017353 -1.203791 2.754400
v -4.061337 -1.217134 2.780928
v -4.042747 -1.211495 2.761508
v -4.003477 -1.414940 2.807457
v -3.953506 -1.397060 2.754399
v -3.996782 -1.412544 2.780928
v -3.978491 -1.406000 2.761508
v -3.929286 -1.607273 2.807457
v -3.880252 -1.586962 2.754399
v -3.922716 -1.604552 2.780928
v -3.904769 -1.597117 2.761508
v -3.845747 -1.795733 2.807457
v -3.797768 -1.773041 2.754399
v -3.839319 -1.792693 2.780928
v -3.821758 -1.784387 2.761508
v -3.753061 -1.979868 2.807457
v -3.706254 -1.954849 2.754399
v -3.746790 -1.976516 2.780928
v -3.729658 -1.967358 2.761508
v -3.651452 -2.159233 2.807457
v -3.605929 -2.131948 2.754399
v -3.645353 -2.155577 2.780928
v -3.628690 -2.145590 2.761508
v -3.541164 -2.333396 2.807457
v -3.497035 -2.303910 2.754399
v -3.535252 -2.329445 2.780928
v -3.519100 -2.318653 2.761508
v -3.422464 -2.501938 2.807457
v -3.379835 -2.470322 2.754399
v -3.416753 -2.497702 2.780928
v -3.401149 -2.486130 2.761508
v -3.295636 -2.664452 2.807457
v -3.254610 -2.630782 2.754399
v -3.290140 -2.659941 2.780928
v -3.275123 -2.647617 2.761508
v -3.160988 -2.820547 2.807457
v -3.121662 -2.784905 2.754399
v -3.155719 -2.815773 2.780928
v -3.141325 -2.802726 2.761508
v -3.018842 -2.969848 2.807457
v -2.981313 -2.932319 2.754399
v -3.013814 -2.964820 2.780928
v -3.000077 -2.951083 2.761508
v -2.869541 -3.111994 2.807457
v -2.833899 -3.072669 2.754399
v -2.864766 -3.106725 2.780928
v -2.851720 -3.092331 2.761508
v -2.713446 -3.246643 2.807457
v -2.679776 -3.205616 2.754399
v -2.708935 -3.241146 2.780928
v -2.696611 -3.226130 2.761508
v -2.550931 -3.373471 2.807457
v -2.519315 -3.330841 2.754399
v -2.546695 -3.367759 2.780928
v -2.535123 -3.352156 2.761508
v -2.382390 -3.492171 2.807457
v -2.352903 -3.448042 2.754399
v -2.378439 -3.486259 2.780928
v -2.367646 -3.470106 2.761508
v -2.208226 -3.602459 2.807457
v -2.180941 -3.556936 2.754399
v -2.204571 -3.596360 2.780928
v -2.194584 -3.579697 2.761508
v -2.028862 -3.704068 2.807457
v -2.003843 -3.657261 2.754399
v -2.025510 -3.697797 2.780928
v -2.016352 -3.680665 2.761508
v -1.844727 -3.796754 2.807457
v -1.822035 -3.748775 2.754399
v -1.841687 -3.790326 2.780928
v -1.833381 -3.772765 2.761508
v -1.656267 -3.880293 2.807457
v -1.635956 -3.831259 2.754399
v -1.653546 -3.873724 2.780928
v -1.646111 -3.855776 2.761508
v -1.463934 -3.954484 2.807457
v -1.446054 -3.904513 2.754399
v -1.461539 -3.947789 2.780928
v -1.454994 -3.929498 2.761508
v -1.268193 -4.019148 2.807457
v -1.252786 -3.968360 2.754399
v -1.266129 -4.012344 2.780928
v -1.260489 -3.993754 2.761507
v -1.069514 -4.074130 2.807457
v -1.056618 -4.022647 2.754399
v -1.067787 -4.067233 2.780928
v -1.063066 -4.048388 2.761507
v -0.868377 -4.119298 2.807457
v -0.858023 -4.067244 2.754399
v -0.866990 -4.112324 2.780928
v -0.863200 -4.093270 2.761507
v -0.665267 -4.154541 2.807457
v -0.657479 -4.102041 2.754399
v -0.664223 -4.147507 2.780928
v -0.661373 -4.128291 2.761507
v -0.460671 -4.179775 2.807457
v -0.455469 -4.126957 2.754399
v -0.459974 -4.172699 2.780928
v -0.458070 -4.153367 2.761507
v -0.255084 -4.194941 2.807457
v -0.252479 -4.141931 2.754399
v -0.254735 -4.187839 2.780928
v -0.253781 -4.168436 2.761507
v -0.049000 -4.200000 2.807457
v -0.049000 -4.146926 2.754399
v -0.049000 -4.192889 2.780928
v -0.049000 -4.173463 2.761507
v 0.157084 -4.194942 2.807457
v 0.154480 -4.141932 2.754399
v 0.156735 -4.187840 2.780928
v 0.155782 -4.168437 2.761507
v 0.362671 -4.179777 2.807457
v 0.357469 -4.126959 2.754399
v 0.361974 -4.172701 2.780928
v 0.360070 -4.153368 2.761507
v 0.567267 -4.154543 2.807457
v 0.559480 -4.102044 2.754399
v 0.566224 -4.147509 2.780928
v 0.563373 -4.128293 2.761507
v 0.770378 -4.119300 2.807457
v 0.760024 -4.067246 2.754399
v 0.768991 -4.112327 2.780928
v 0.765201 -4.093274 2.761507
v 0.971515 -4.074134 2.807457
v 0.958619 -4.022651 2.754399
v 0.969787 -4.067236 2.780928
v 0.965067 -4.048392 2.761507
v 1.170194 -4.019153 2.807457
v 1.154787 -3.968364 2.754399
v 1.168130 -4.012348 2.780928
v 1.162491 -3.993758 2.761507
v 1.365935 -3.954489 2.807457
v 1.348055 -3.904518 2.754399
v 1.363540 -3.947794 2.780928
v 1.356995 -3.929503 2.761508
v 1.558268 -3.880298 2.807457
v 1.537958 -3.831265 2.754399
v 1.555547 -3.873729 2.780928
v 1.548113 -3.855782 2.761508
v 1.746729 -3.796760 2.807457
v 1.724037 -3.748782 2.754399
v 1.743689 -3.790332 2.780928
v 1.735383 -3.772771 2.761508
v 1.930864 -3.704075 2.807457
v 1.905845 -3.657268 2.754399
v 1.927512 -3.697804 2.780928
v 1.918355 -3.680672 2.761508
v 2.110229 -3.602467 2.807457
v 2.082944 -3.556944 2.754399
v 2.106573 -3.596367 2.780928
v 2.096586 -3.579705 2.761508
v 2.284393 -3.492180 2.807457
v 2.254906 -3.448050 2.754399
v 2.280442 -3.486267 2.780928
v 2.269650 -3.470115 2.761508
v 2.452935 -3.373480 2.807457
v 2.421319 -3.330850 2.754399
v 2.448699 -3.367768 2.780928
v 2.437127 -3.352165 2.761508
v 2.615449 -3.246653 2.807457
v 2.581780 -3.205626 2.754399
v 2.610939 -3.241156 2.780928
v 2.598615 -3.226139 2.761508
v 2.771545 -3.112004 2.807457
v 2.735903 -3.072679 2.754399
v 2.766770 -3.106735 2.780928
v 2.753724 -3.092341 2.761508
v 2.920846 -2.969859 2.807457
v 2.883318 -2.932330 2.754399
v 2.915819 -2.964831 2.780928
v 2.902082 -2.951094 2.761508
v 3.062993 -2.820559 2.807457
v 3.023668 -2.784916 2.754399
v 3.057724 -2.815784 2.780928
v 3.043331 -2.802737 2.761508
v 3.197643 -2.664463 2.807457
v 3.156617 -2.630793 2.754399
v 3.192146 -2.659952 2.780928
v 3.177130 -2.647628 2.761508
v 3.324472 -2.501948 2.807457
v 3.281842 -2.470332 2.754399
v 3.318760 -2.497713 2.780928
v 3.303157 -2.486140 2.761508
v 3.443173 -2.333406 2.807457
v 3.399044 -2.303920 2.754399
v 3.437261 -2.329456 2.780928
v 3.421109 -2.318663 2.761508
v 3.553462 -2.159242 2.807457
v 3.507939 -2.131957 2.754399
v 3.547363 -2.155587 2.780928
v 3.530701 -2.145600 2.761508
v 3.655072 -1.979877 2.807457
v 3.608265 -1.954858 2.754399
v 3.648801 -1.976525 2.780928
v 3.631668 -1.967367 2.761508
v 3.747758 -1.795742 2.807457
v 3.699780 -1.773050 2.754399
v 3.741330 -1.792701 2.780928
v 3.723769 -1.784396 2.761508
v 3.831298 -1.607280 2.807457
v 3.782264 -1.586970 2.754399
v 3.824729 -1.604559 2.780928
v 3.806781 -1.597125 2.761508
v 3.905490 -1.414947 2.807457
v 3.855519 -1.397067 2.754399
v 3.898795 -1.412551 2.780928
v 3.880504 -1.406007 2.761508
v 3.970155 -1.219205 2.807457
v 3.919366 -1.203798 2.754400
v 3.963351 -1.217141 2.780928
v 3.944761 -1.211502 2.761508
v 4.025137 -1.020525 2.807457
v 3.973654 -1.007630 2.754400
v 4.018239 -1.018798 2.780928
v 3.999395 -1.014077 2.761508
v 4.070305 -0.819387 2.807457
v 4.018251 -0.809033 2.754400
v 4.063331 -0.818000 2.780928
v 4.044278 -0.814210 2.761508
v 4.105548 -0.616276 2.807457
v 4.053049 -0.608488 2.754400
v 4.098515 -0.615232 2.780928
v 4.079298 -0.612382 2.761508
v 4.130783 -0.411679 2.807457
v 4.077965 -0.406477 2.754400
v 4.123707 -0.410982 2.780928
v 4.104374 -0.409078 2.761508
v 4.145949 -0.206091 2.807457
v 4.092939 -0.203486 2.754400
v 4.138847 -0.205742 2.780928
v 4.119444 -0.204789 2.761508
v 4.151008 -0.000006 2.807457
v 4.097934 -0.000006 2.754400
v 4.143897 -0.000006 2.780929
v 4.124471 -0.000006 2.761508
v 4.145949 0.206079 2.807457
v 4.092939 0.203475 2.754400
v 4.138847 0.205730 2.780929
v 4.119444 0.204777 2.761508
v 4.130785 0.411667 2.807457
v 4.077966 0.406465 2.754400
v 4.123708 0.410970 2.780929
v 4.104375 0.409066 2.761508
v 4.105550 0.616264 2.807457
v 4.053051 0.608476 2.754400
v 4.098516 0.615221 2.780929
v 4.079300 0.612370 2.761508
v 4.070307 0.819376 2.807457
v 4.018253 0.809022 2.754400
v 4.063333 0.817989 2.780929
v 4.044280 0.814199 2.761508
v 4.025140 1.020514 2.807457
v 3.973657 1.007618 2.754400
v 4.018242 1.018786 2.780929
v 3.999398 1.014066 2.761508
v 3.970159 1.219193 2.807458
v 3.919370 1.203787 2.754400
v 3.963354 1.217129 2.780929
v 3.944764 1.211490 2.761508
v 3.905494 1.414936 2.807458
v 3.855523 1.397056 2.754400
v 3.898799 1.412540 2.780929
v 3.880508 1.405996 2.761508
v 3.831303 1.607269 2.807458
v 3.782269 1.586959 2.754400
v 3.824733 1.604548 2.780929
v 3.806786 1.597114 2.761508
v 3.747763 1.795731 2.807458
v 3.699785 1.773039 2.754400
v 3.741335 1.792691 2.780929
v 3.723774 1.784385 2.761508
v 3.655077 1.979866 2.807458
v 3.608271 1.954848 2.754400
v 3.648807 1.976515 2.780929
v 3.631674 1.967357 2.761508
v 3.553468 2.159232 2.807458
v 3.507945 2.131947 2.754400
v 3.547369 2.155576 2.780929
v 3.530707 2.145590 2.761508
v 3.443180 2.333396 2.807458
v 3.399051 2.303910 2.754400
v 3.437268 2.329445 2.780929
v 3.421115 2.318653 2.761508
v 3.324479 2.501939 2.807458
v 3.281849 2.470323 2.754400
v 3.318767 2.497703 2.780929
v 3.303164 2.486130 2.761508
v 3.197651 2.664454 2.807458
v 3.156624 2.630784 2.754400
v 3.192154 2.659943 2.780929
v 3.177137 2.647619 2.761508
v 3.063001 2.820550 2.807458
v 3.023676 2.784908 2.754400
v 3.057732 2.815774 2.780929
v 3.043338 2.802729 2.761508
v 2.920854 2.969851 2.807458
v 2.883326 2.932322 2.754400
v 2.915826 2.964823 2.780929
v 2.902090 2.951087 2.761508
v 2.771553 3.111998 2.807458
v 2.735911 3.072673 2.754400
v 2.766777 3.106729 2.780929
v 2.753731 3.092335 2.761508
v 2.615456 3.246647 2.807458
v 2.581787 3.205620 2.754400
v 2.610945 3.241150 2.780929
v 2.598621 3.226134 2.761508
v 2.452941 3.373475 2.807458
v 2.421325 3.330846 2.754400
v 2.448705 3.367764 2.780929
v 2.437133 3.352160 2.761508
v 2.284398 3.492176 2.807458
v 2.254912 3.448047 2.754400
v 2.280448 3.486264 2.780929
v 2.269655 3.470111 2.761509
v 2.110234 3.602464 2.807458
v 2.082949 3.556941 2.754400
v 2.106578 3.596364 2.780929
v 2.096591 3.579702 2.761509
v 1.930868 3.704073 2.807458
v 1.905849 3.657266 2.754400
v 1.927516 3.697802 2.780929
v 1.918359 3.680670 2.761509
v 1.746733 3.796758 2.807458
v 1.724041 3.748780 2.754400
v 1.743692 3.790330 2.780929
v 1.735387 3.772769 2.761509
v 1.558271 3.880297 2.807458
v 1.537961 3.831264 2.754400
v 1.555550 3.873728 2.780929
v 1.548116 3.855780 2.761509
v 1.365937 3.954488 2.807458
v 1.348057 3.904517 2.754400
v 1.363542 3.947793 2.780929
v 1.356997 3.929503 2.761509
v 1.170195 4.019152 2.807458
v 1.154788 3.968364 2.754400
v 1.168131 4.012348 2.780929
v 1.162492 3.993758 2.761509
v 0.971515 4.074134 2.807458
v 0.958619 4.022651 2.754400
v 0.969787 4.067236 2.780929
v 0.965067 4.048392 2.761509
v 0.770377 4.119300 2.807458
v 0.760023 4.067247 2.754400
v 0.768990 4.112326 2.780929
v 0.765200 4.093274 2.761509
v 0.567265 4.154543 2.807458
v 0.559478 4.102044 2.754400
v 0.566222 4.147510 2.780929
v 0.563371 4.128294 2.761509
v 0.362668 4.179777 2.807458
v 0.357466 4.126959 2.754400
v 0.361971 4.172701 2.780929
v 0.360067 4.153368 2.761509
v 0.157080 4.194942 2.807458
v 0.154476 4.141932 2.754400
v 0.156731 4.187840 2.780929
v 0.155778 4.168437 2.761509
vt 0.450332 0.198983
vt 0.452811 0.209104
vt 0.447673 0.210284
vt 0.445257 0.200419
vt 0.056067 0.179173
vt 0.059971 0.169533
vt 0.064785 0.171715
vt 0.060980 0.181111
vt 0.114229 0.416653
vt 0.106670 0.409646
vt 0.110301 0.405746
vt 0.117669 0.412575
vt 0.454802 0.219338
vt 0.449613 0.220259
vt 0.064333 0.160100
vt 0.069037 0.162522
vt 0.099456 0.402268
vt 0.103270 0.398554
vt 0.456299 0.229659
vt 0.451072 0.230318
vt 0.069142 0.150898
vt 0.073724 0.153553
vt 0.092604 0.394537
vt 0.096592 0.391019
vt 0.457299 0.240043
vt 0.452047 0.240439
vt 0.074387 0.141948
vt 0.078837 0.144830
vt 0.086132 0.386471
vt 0.090284 0.383158
vt 0.457799 0.250465
vt 0.452535 0.250597
vt 0.080056 0.133273
vt 0.084361 0.136374
vt 0.457799 0.260899
vt 0.452535 0.260767
vt 0.086133 0.124892
vt 0.090285 0.128205
vt 0.457299 0.271321
vt 0.452047 0.270924
vt 0.092606 0.116826
vt 0.096593 0.120344
vt 0.456299 0.281705
vt 0.451072 0.281045
vt 0.099457 0.109095
vt 0.103271 0.112808
vt 0.454802 0.292026
vt 0.449613 0.291105
vt 0.106671 0.101717
vt 0.110302 0.105617
vt 0.452811 0.302260
vt 0.447673 0.301080
vt 0.114231 0.094709
vt 0.117670 0.098788
vt 0.450332 0.312381
vt 0.445257 0.310945
vt 0.122117 0.088090
vt 0.125357 0.092336
vt 0.447371 0.322366
vt 0.442371 0.320677
vt 0.130312 0.081874
vt 0.133344 0.086278
vt 0.443934 0.332191
vt 0.439020 0.330252
vt 0.138795 0.076077
vt 0.141612 0.080628
vt 0.440029 0.341831
vt 0.435215 0.339648
vt 0.147546 0.070713
vt 0.150141 0.075399
vt 0.435667 0.351263
vt 0.430964 0.348842
vt 0.156544 0.065795
vt 0.158911 0.070605
vt 0.430858 0.360465
vt 0.426276 0.357811
vt 0.165766 0.061333
vt 0.167900 0.066257
vt 0.425613 0.369415
vt 0.421164 0.366534
vt 0.175192 0.057340
vt 0.177087 0.062365
vt 0.419945 0.378091
vt 0.415639 0.374990
vt 0.184798 0.053825
vt 0.186450 0.058939
vt 0.413867 0.386472
vt 0.409716 0.383158
vt 0.194561 0.050796
vt 0.195966 0.055987
vt 0.407395 0.394538
vt 0.403407 0.391020
vt 0.204458 0.048261
vt 0.205612 0.053516
vt 0.400543 0.402269
vt 0.396729 0.398555
vt 0.214464 0.046225
vt 0.215364 0.051532
vt 0.393329 0.409647
vt 0.389698 0.405746
vt 0.224556 0.044695
vt 0.225201 0.050040
vt 0.385770 0.416654
vt 0.382330 0.412576
vt 0.234709 0.043672
vt 0.235097 0.049043
vt 0.377883 0.423274
vt 0.374643 0.419028
vt 0.244899 0.043160
vt 0.245029 0.048544
vt 0.369688 0.429489
vt 0.366656 0.425086
vt 0.255102 0.043160
vt 0.254973 0.048544
vt 0.361205 0.435286
vt 0.358388 0.430736
vt 0.265292 0.043672
vt 0.264904 0.049043
vt 0.352455 0.440651
vt 0.349859 0.435965
vt 0.275445 0.044695
vt 0.274800 0.050040
vt 0.343457 0.445569
vt 0.341089 0.440759
vt 0.285537 0.046226
vt 0.284637 0.051532
vt 0.334234 0.450031
vt 0.332100 0.445107
vt 0.295543 0.048261
vt 0.294389 0.053516
vt 0.324808 0.454024
vt 0.322913 0.448999
vt 0.305440 0.050797
vt 0.304035 0.055987
vt 0.315202 0.457539
vt 0.313550 0.452425
vt 0.315203 0.053826
vt 0.313551 0.058939
vt 0.080055 0.378090
vt 0.084360 0.374989
vt 0.305439 0.460568
vt 0.304034 0.455377
vt 0.324809 0.057341
vt 0.322914 0.062366
vt 0.074387 0.369415
vt 0.078836 0.366533
vt 0.295542 0.463103
vt 0.294389 0.457848
vt 0.334235 0.061334
vt 0.332101 0.066258
vt 0.069142 0.360465
vt 0.073724 0.357810
vt 0.285536 0.465139
vt 0.284636 0.459832
vt 0.343457 0.065795
vt 0.341090 0.070606
vt 0.064332 0.351263
vt 0.069036 0.348841
vt 0.275444 0.466670
vt 0.274799 0.461324
vt 0.352455 0.070714
vt 0.349859 0.075400
vt 0.059970 0.341830
vt 0.064785 0.339648
vt 0.265291 0.467692
vt 0.264903 0.462321
vt 0.361206 0.076078
vt 0.358389 0.080628
vt 0.056066 0.332190
vt 0.060979 0.330252
vt 0.255101 0.468204
vt 0.254971 0.462820
vt 0.369689 0.081875
vt 0.366657 0.086278
vt 0.052629 0.322366
vt 0.057629 0.320676
vt 0.244898 0.468204
vt 0.245027 0.462820
vt 0.377883 0.088091
vt 0.374644 0.092336
vt 0.049668 0.312381
vt 0.054743 0.310944
vt 0.234708 0.467692
vt 0.235095 0.462321
vt 0.385770 0.094710
vt 0.382330 0.098788
vt 0.047189 0.302259
vt 0.052327 0.301079
vt 0.224555 0.466669
vt 0.225199 0.461324
vt 0.393329 0.101717
vt 0.389698 0.105618
vt 0.045198 0.292026
vt 0.050387 0.291105
vt 0.214463 0.465138
vt 0.215363 0.459832
vt 0.400544 0.109095
vt 0.396730 0.112809
vt 0.043701 0.281704
vt 0.048928 0.281045
vt 0.204456 0.463103
vt 0.205610 0.457848
vt 0.407395 0.116827
vt 0.403407 0.120344
vt 0.042701 0.271320
vt 0.047953 0.270924
vt 0.194560 0.460567
vt 0.195964 0.455377
vt 0.413867 0.124892
vt 0.409716 0.128206
vt 0.042201 0.260899
vt 0.047465 0.260766
vt 0.184797 0.457538
vt 0.186449 0.452424
vt 0.419945 0.133273
vt 0.415639 0.136374
vt 0.042201 0.250464
vt 0.047465 0.250596
vt 0.175191 0.454023
vt 0.177086 0.448998
vt 0.425613 0.141949
vt 0.421164 0.144830
vt 0.042701 0.240043
vt 0.047953 0.240439
vt 0.165765 0.450030
vt 0.167899 0.445106
vt 0.430858 0.150899
vt 0.426276 0.153553
vt 0.043701 0.229659
vt 0.048928 0.230318
vt 0.156542 0.445569
vt 0.158910 0.440758
vt 0.435667 0.160101
vt 0.430964 0.162522
vt 0.045198 0.219337
vt 0.050387 0.220258
vt 0.147544 0.440650
vt 0.150140 0.435964
vt 0.440029 0.169533
vt 0.435215 0.171716
vt 0.047189 0.209104
vt 0.052327 0.210284
vt 0.138794 0.435286
vt 0.141611 0.430735
vt 0.443934 0.179173
vt 0.439020 0.181112
vt 0.049668 0.198982
vt 0.054743 0.200418
vt 0.130311 0.429489
vt 0.133343 0.425085
vt 0.447371 0.188998
vt 0.442370 0.190687
vt 0.052629 0.188997
vt 0.057630 0.190686
vt 0.122116 0.423273
vt 0.125356 0.419027
vt 0.208528 0.839021
vt 0.209434 0.839021
vt 0.209434 0.849423
vt 0.208528 0.849423
vt 0.136539 0.836189
vt 0.137444 0.836189
vt 0.137444 0.868868
vt 0.136539 0.868868
vt 0.779673 0.836382
vt 0.780578 0.836382
vt 0.780578 0.866081
vt 0.780578 0.906195
vt 0.779673 0.906195
vt 0.122235 0.875576
vt 0.121330 0.875576
vt 0.121330 0.836569
vt 0.122235 0.836569
vt 0.650591 0.906890
vt 0.651497 0.906890
vt 0.651497 0.947291
vt 0.651497 0.988933
vt 0.650591 0.988933
vt 0.113218 0.836757
vt 0.114124 0.836757
vt 0.114124 0.856482
vt 0.113218 0.856482
vt 0.251005 0.839257
vt 0.250100 0.839257
vt 0.250100 0.835972
vt 0.251005 0.835972
vt 0.258211 0.838114
vt 0.259116 0.838114
vt 0.259116 0.839930
vt 0.258211 0.839930
vt 0.212584 0.839716
vt 0.213489 0.839716
vt 0.213489 0.848472
vt 0.212584 0.848472
vt 0.196252 0.854168
vt 0.195347 0.854168
vt 0.195347 0.848316
vt 0.196252 0.848316
vt 0.976033 0.692026
vt 0.976939 0.692026
vt 0.976939 0.696290
vt 0.976033 0.696290
vt 0.441439 0.693059
vt 0.446975 0.682182
vt 0.451015 0.674321
vt 0.464979 0.647418
vt 0.468765 0.639413
vt 0.476426 0.621537
vt 0.479017 0.613068
vt 0.483190 0.591294
vt 0.483177 0.582500
vt 0.480439 0.568440
vt 0.476618 0.560701
vt 0.464396 0.546973
vt 0.439447 0.556955
vt 0.454915 0.544091
vt 0.441481 0.538696
vt 0.427304 0.540614
vt 0.427204 0.546688
vt 0.417226 0.540496
vt 0.433340 0.532679
vt 0.449718 0.530031
vt 0.482808 0.529112
vt 0.470534 0.535466
vt 0.480642 0.541314
vt 0.488141 0.548000
vt 0.493814 0.555607
vt 0.498092 0.564781
vt 0.501318 0.578358
vt 0.501876 0.588564
vt 0.499297 0.609261
vt 0.497065 0.619391
vt 0.490941 0.638508
vt 0.487141 0.648177
vt 0.480950 0.661361
vt 0.476321 0.670684
vt 0.467859 0.686823
vt 0.462785 0.695895
vt 0.450979 0.715808
vt 0.099928 0.882169
vt 0.099928 0.890421
vt 0.099023 0.890421
vt 0.099023 0.882169
vt 0.129333 0.836522
vt 0.129333 0.847685
vt 0.128427 0.847685
vt 0.128427 0.836522
vt 0.253033 0.834682
vt 0.253033 0.837805
vt 0.252127 0.837805
vt 0.252127 0.834682
vt 0.782606 0.900681
vt 0.782606 0.903853
vt 0.781701 0.903853
vt 0.781701 0.900681
vt 0.103079 0.849824
vt 0.103984 0.849824
vt 0.103984 0.868275
vt 0.103079 0.868275
vt 0.253033 0.840057
vt 0.253033 0.842237
vt 0.252127 0.842237
vt 0.252127 0.840057
vt 0.240866 0.834803
vt 0.240866 0.844386
vt 0.239960 0.844386
vt 0.239960 0.834803
vt 0.151639 0.863135
vt 0.150734 0.863135
vt 0.150734 0.852410
vt 0.151639 0.852410
vt 0.207514 0.846824
vt 0.207514 0.843053
vt 0.208420 0.843053
vt 0.208420 0.846824
vt 0.087870 0.852992
vt 0.088775 0.852992
vt 0.088775 0.868756
vt 0.087870 0.868756
vt 0.087870 0.838134
vt 0.088775 0.838134
vt 0.207514 0.838236
vt 0.207514 0.835098
vt 0.208420 0.835098
vt 0.208420 0.838236
vt 0.218668 0.835000
vt 0.219573 0.835000
vt 0.219573 0.847854
vt 0.218668 0.847854
vt 0.207514 0.849594
vt 0.208420 0.849594
vt 0.253141 0.834604
vt 0.254047 0.834604
vt 0.254047 0.840872
vt 0.253141 0.840872
vt 0.164929 0.858628
vt 0.164929 0.848232
vt 0.165834 0.848232
vt 0.165834 0.858628
vt 0.152762 0.849726
vt 0.153667 0.849726
vt 0.153667 0.862813
vt 0.152762 0.862813
vt 0.642969 0.601384
vt 0.635321 0.601271
vt 0.621903 0.600105
vt 0.618929 0.609298
vt 0.618375 0.613681
vt 0.618642 0.618073
vt 0.620235 0.622078
vt 0.624264 0.626865
vt 0.627463 0.629866
vt 0.646749 0.644069
vt 0.639387 0.664153
vt 0.635655 0.677308
vt 0.632524 0.692629
vt 0.631885 0.706213
vt 0.633764 0.723621
vt 0.636311 0.737065
vt 0.639741 0.749593
vt 0.643810 0.762659
vt 0.646241 0.769605
vt 0.634653 0.757412
vt 0.628553 0.750176
vt 0.622079 0.741500
vt 0.617261 0.733381
vt 0.613922 0.726111
vt 0.611589 0.717056
vt 0.610877 0.707529
vt 0.611464 0.698104
vt 0.613438 0.688319
vt 0.615365 0.678931
vt 0.619382 0.659701
vt 0.602963 0.676594
vt 0.588682 0.694211
vt 0.583462 0.701481
vt 0.579489 0.707641
vt 0.574493 0.716309
vt 0.570204 0.724806
vt 0.565949 0.736450
vt 0.563957 0.717772
vt 0.564905 0.708532
vt 0.568211 0.698253
vt 0.572675 0.690106
vt 0.581790 0.679117
vt 0.588416 0.672429
vt 0.600202 0.662469
vt 0.607444 0.656371
vt 0.610509 0.653799
vt 0.605130 0.653646
vt 0.597142 0.654381
vt 0.577763 0.658549
vt 0.570123 0.661065
vt 0.550667 0.669845
vt 0.543559 0.673680
vt 0.536100 0.678412
vt 0.529231 0.682653
vt 0.525493 0.684898
vt 0.534294 0.674836
vt 0.542638 0.666691
vt 0.550392 0.660236
vt 0.559830 0.653432
vt 0.566808 0.649107
vt 0.577320 0.644520
vt 0.578369 0.644233
vt 0.589686 0.641812
vt 0.603107 0.639726
vt 0.589103 0.634479
vt 0.577825 0.631925
vt 0.567126 0.630996
vt 0.555577 0.631491
vt 0.538766 0.634417
vt 0.551924 0.626141
vt 0.562526 0.622171
vt 0.571857 0.620724
vt 0.583362 0.619350
vt 0.594550 0.618407
vt 0.583662 0.609318
vt 0.578870 0.606524
vt 0.572507 0.604136
vt 0.567238 0.602392
vt 0.563883 0.601426
vt 0.572600 0.600837
vt 0.577992 0.601283
vt 0.585971 0.603168
vt 0.591062 0.605102
vt 0.601762 0.610854
vt 0.594889 0.602521
vt 0.591763 0.598299
vt 0.586916 0.590983
vt 0.597152 0.598751
vt 0.600725 0.601008
vt 0.606131 0.603807
vt 0.610081 0.603897
vt 0.612895 0.602599
vt 0.613309 0.599862
vt 0.611103 0.597841
vt 0.607675 0.595361
vt 0.596747 0.589241
vt 0.593455 0.586758
vt 0.585890 0.579259
vt 0.581259 0.572893
vt 0.578670 0.567787
vt 0.575982 0.560287
vt 0.572418 0.544309
vt 0.571444 0.536347
vt 0.571224 0.527213
vt 0.576436 0.533562
vt 0.581805 0.542450
vt 0.586324 0.553129
vt 0.590759 0.562574
vt 0.593104 0.567106
vt 0.599835 0.574693
vt 0.604960 0.578155
vt 0.614338 0.582016
vt 0.625299 0.584074
vt 0.152762 0.835846
vt 0.153667 0.835846
vt 0.164929 0.843417
vt 0.165834 0.843417
vt 0.198280 0.853427
vt 0.197375 0.853427
vt 0.197375 0.835315
vt 0.198280 0.835315
vt 0.782606 0.870846
vt 0.782606 0.878806
vt 0.781701 0.878806
vt 0.781701 0.870846
vt 0.120316 0.851939
vt 0.121221 0.851939
vt 0.121221 0.875843
vt 0.120316 0.875843
vt 0.782606 0.846379
vt 0.782606 0.854414
vt 0.781701 0.854414
vt 0.781701 0.846379
vt 0.120316 0.836584
vt 0.121221 0.836584
vt 0.088775 0.903231
vt 0.087870 0.903231
vt 0.782606 0.884409
vt 0.781701 0.884409
vt 0.126400 0.840854
vt 0.127305 0.840854
vt 0.127305 0.849918
vt 0.126400 0.849918
vt 0.782606 0.891682
vt 0.781701 0.891682
vt 0.976033 0.525302
vt 0.976939 0.525302
vt 0.976939 0.533226
vt 0.976033 0.533226
vt 0.099928 0.850891
vt 0.099928 0.860996
vt 0.099023 0.860996
vt 0.099023 0.850891
vt 0.150734 0.843331
vt 0.151639 0.843331
vt 0.189155 0.845493
vt 0.189155 0.851292
vt 0.188250 0.851292
vt 0.188250 0.845493
vt 0.976033 0.545688
vt 0.976939 0.545688
vt 0.976939 0.555531
vt 0.976033 0.555531
vt 0.130347 0.836459
vt 0.130347 0.844532
vt 0.129441 0.844532
vt 0.129441 0.836459
vt 0.150734 0.835864
vt 0.151639 0.835864
vt 0.230835 0.846199
vt 0.230835 0.834906
vt 0.231740 0.834906
vt 0.231740 0.846199
vt 0.976033 0.576313
vt 0.976939 0.576313
vt 0.976939 0.586733
vt 0.976033 0.586733
vt 0.642371 0.892860
vt 0.642371 0.901890
vt 0.641466 0.901890
vt 0.641466 0.892860
vt 0.130347 0.857035
vt 0.130347 0.862424
vt 0.129441 0.862424
vt 0.129441 0.857035
vt 0.976033 0.606826
vt 0.976939 0.606826
vt 0.976939 0.617171
vt 0.976033 0.617171
vt 0.130347 0.849325
vt 0.129441 0.849325
vt 0.189155 0.835428
vt 0.189155 0.840626
vt 0.188250 0.840626
vt 0.188250 0.835428
vt 0.976033 0.631504
vt 0.976939 0.631504
vt 0.976939 0.641699
vt 0.976033 0.641699
vt 0.164929 0.835609
vt 0.165834 0.835609
vt 0.976033 0.659449
vt 0.976939 0.659449
vt 0.976939 0.669516
vt 0.976033 0.669516
vt 0.189155 0.855419
vt 0.188250 0.855419
vt 0.976033 0.837712
vt 0.976939 0.837712
vt 0.976939 0.849375
vt 0.976033 0.849375
vt 0.092939 0.898023
vt 0.092939 0.887594
vt 0.093845 0.887594
vt 0.093845 0.898023
vt 0.130347 0.873648
vt 0.129441 0.873648
vt 0.976033 0.955057
vt 0.976939 0.955057
vt 0.976939 0.967799
vt 0.976033 0.967799
vt 0.646427 0.898016
vt 0.646427 0.918222
vt 0.645521 0.918222
vt 0.645521 0.898016
vt 0.976033 0.713389
vt 0.976939 0.713389
vt 0.976939 0.723778
vt 0.976033 0.723778
vt 0.092939 0.866074
vt 0.092939 0.854597
vt 0.093845 0.854597
vt 0.093845 0.866074
vt 0.976939 0.706568
vt 0.976033 0.706568
vt 0.092939 0.875767
vt 0.093845 0.875767
vt 0.976033 0.735179
vt 0.976939 0.735179
vt 0.976939 0.744929
vt 0.976033 0.744929
vt 0.089789 0.838046
vt 0.089789 0.857516
vt 0.088883 0.857516
vt 0.088883 0.838046
vt 0.237824 0.834853
vt 0.237824 0.845260
vt 0.236918 0.845260
vt 0.236918 0.834853
vt 0.976033 0.750309
vt 0.976939 0.750309
vt 0.976939 0.757610
vt 0.976033 0.757610
vt 0.089789 0.879531
vt 0.089789 0.890186
vt 0.088883 0.890186
vt 0.088883 0.879531
vt 0.089789 0.869102
vt 0.088883 0.869102
vt 0.127305 0.860237
vt 0.126400 0.860237
vt 0.642371 0.837426
vt 0.642371 0.849739
vt 0.641466 0.849739
vt 0.641466 0.837426
vt 0.976033 0.831453
vt 0.976939 0.831453
vt 0.092939 0.837839
vt 0.093845 0.837839
vt 0.976033 0.805330
vt 0.976939 0.805330
vt 0.976939 0.822692
vt 0.976033 0.822692
vt 0.976033 0.887755
vt 0.976939 0.887755
vt 0.976939 0.896482
vt 0.976033 0.896482
vt 0.642371 0.862731
vt 0.642371 0.874210
vt 0.641466 0.874210
vt 0.641466 0.862731
vt 0.976939 0.858049
vt 0.976033 0.858049
vt 0.642371 0.861584
vt 0.641466 0.861584
vt 0.976033 0.915761
vt 0.976939 0.915761
vt 0.976939 0.924585
vt 0.976033 0.924585
vt 0.642371 0.882074
vt 0.641466 0.882074
vt 0.976033 0.946653
vt 0.976939 0.946653
vt 0.642371 0.911832
vt 0.641466 0.911832
vt 0.976939 0.905976
vt 0.976939 0.974154
vt 0.976033 0.974154
vt 0.646427 0.837762
vt 0.646427 0.844438
vt 0.645521 0.844438
vt 0.645521 0.837762
vt 0.089789 0.901681
vt 0.088883 0.901681
vt 0.102970 0.890096
vt 0.102065 0.890096
vt 0.102065 0.879814
vt 0.102970 0.879814
vt 0.638907 0.918668
vt 0.638907 0.928565
vt 0.638001 0.928565
vt 0.638001 0.918668
vt 0.153776 0.852521
vt 0.154681 0.852521
vt 0.154681 0.861571
vt 0.153776 0.861571
vt 0.646427 0.860685
vt 0.646427 0.868588
vt 0.645521 0.868588
vt 0.645521 0.860685
vt 0.153776 0.843929
vt 0.154681 0.843929
vt 0.154681 0.848186
vt 0.153776 0.848186
vt 0.646427 0.852222
vt 0.645521 0.852222
vt 0.646427 0.889884
vt 0.645521 0.889884
vt 0.976033 0.796472
vt 0.976939 0.796472
vt 0.232863 0.834903
vt 0.233768 0.834903
vt 0.233768 0.846153
vt 0.232863 0.846153
vt 0.646427 0.926309
vt 0.645521 0.926309
vt 0.649469 0.860684
vt 0.648563 0.860684
vt 0.648563 0.839809
vt 0.649469 0.839809
vt 0.145664 0.842314
vt 0.146570 0.842314
vt 0.146570 0.847918
vt 0.145664 0.847918
vt 0.109163 0.880850
vt 0.109163 0.878235
vt 0.110068 0.878235
vt 0.110068 0.880850
vt 0.153776 0.840177
vt 0.154681 0.840177
vt 0.642371 0.924631
vt 0.641466 0.924631
vt 0.160873 0.856552
vt 0.161779 0.856552
vt 0.161779 0.859979
vt 0.160873 0.859979
vt 0.113110 0.836852
vt 0.113110 0.843626
vt 0.112204 0.843626
vt 0.112204 0.836852
vt 0.109162 0.856082
vt 0.109162 0.848137
vt 0.110068 0.848137
vt 0.110068 0.856082
vt 0.153776 0.835776
vt 0.154681 0.835776
vt 0.109162 0.869812
vt 0.110068 0.869812
vt 0.160873 0.835686
vt 0.161779 0.835686
vt 0.105107 0.882807
vt 0.105107 0.875734
vt 0.106012 0.875734
vt 0.106012 0.882807
vt 0.143637 0.835953
vt 0.144542 0.835953
vt 0.144542 0.844042
vt 0.143637 0.844042
vt 0.143637 0.858982
vt 0.144542 0.858982
vt 0.144542 0.862549
vt 0.143637 0.862549
vt 0.105107 0.866317
vt 0.105107 0.857401
vt 0.106012 0.857400
vt 0.106012 0.866317
vt 0.144542 0.847555
vt 0.143637 0.847555
vt 0.109162 0.836867
vt 0.110068 0.836867
vt 0.261253 0.834367
vt 0.262158 0.834367
vt 0.262158 0.836687
vt 0.261253 0.836687
vt 0.140486 0.836174
vt 0.140486 0.848246
vt 0.139581 0.848246
vt 0.139581 0.836174
vt 0.646427 0.930576
vt 0.645521 0.930576
vt 0.145664 0.838461
vt 0.146570 0.838461
vt 0.140486 0.855759
vt 0.140486 0.863319
vt 0.139581 0.863319
vt 0.139581 0.855759
vt 0.144542 0.864702
vt 0.143637 0.864702
vt 0.638907 0.839028
vt 0.638907 0.855726
vt 0.638001 0.855726
vt 0.638001 0.839028
vt 0.146570 0.851683
vt 0.145664 0.851683
vt 0.105107 0.836978
vt 0.106012 0.836978
vt 0.145664 0.835949
vt 0.146570 0.835949
vt 0.113110 0.861687
vt 0.112204 0.861687
vt 0.193319 0.835403
vt 0.194225 0.835403
vt 0.194225 0.844391
vt 0.193319 0.844391
vt 0.638907 0.873672
vt 0.638907 0.882819
vt 0.638001 0.882819
vt 0.638001 0.873672
vt 0.126400 0.868735
vt 0.127305 0.868735
vt 0.127305 0.875510
vt 0.126400 0.875510
vt 0.638907 0.864498
vt 0.638001 0.864498
vt 0.194225 0.848479
vt 0.193319 0.848479
vt 0.638907 0.892353
vt 0.638907 0.901779
vt 0.638001 0.901779
vt 0.638001 0.892353
vt 0.102970 0.856028
vt 0.102065 0.856028
vt 0.102065 0.848614
vt 0.102970 0.848614
vt 0.102065 0.871866
vt 0.102970 0.871866
vt 0.638907 0.909658
vt 0.638001 0.909658
vt 0.102065 0.843583
vt 0.102970 0.843583
vt 0.638907 0.936965
vt 0.638001 0.936965
vt 0.102065 0.837390
vt 0.102970 0.837390
vt 0.977953 0.781897
vt 0.977953 0.791009
vt 0.977047 0.791009
vt 0.977047 0.781897
vt 0.133497 0.847417
vt 0.134402 0.847417
vt 0.134402 0.853979
vt 0.133497 0.853979
vt 0.117274 0.836624
vt 0.118179 0.836625
vt 0.118179 0.846065
vt 0.117274 0.846065
vt 0.146570 0.864624
vt 0.145664 0.864624
vt 0.977953 0.861785
vt 0.977953 0.876208
vt 0.977047 0.876208
vt 0.977047 0.861785
vt 0.096887 0.845248
vt 0.095981 0.845248
vt 0.095981 0.837743
vt 0.096887 0.837743
vt 0.140486 0.868609
vt 0.139581 0.868609
vt 0.117274 0.859760
vt 0.118179 0.859760
vt 0.118179 0.865352
vt 0.117274 0.865352
vt 0.113110 0.880578
vt 0.112204 0.880578
vt 0.118179 0.851438
vt 0.117274 0.851438
vt 0.099928 0.872365
vt 0.099023 0.872365
vt 0.133497 0.836231
vt 0.134402 0.836231
vt 0.134402 0.841975
vt 0.133497 0.841975
vt 0.977953 0.817541
vt 0.977953 0.831202
vt 0.977047 0.831202
vt 0.977047 0.817541
vt 0.194225 0.854976
vt 0.193319 0.854976
vt 0.977953 0.804604
vt 0.977047 0.804604
vt 0.977953 0.848617
vt 0.977047 0.848617
vt 0.134402 0.858933
vt 0.133497 0.858933
vt 0.977953 0.888405
vt 0.977047 0.888405
vt 0.097900 0.894374
vt 0.096995 0.894374
vt 0.096995 0.884001
vt 0.097900 0.884001
vt 0.118179 0.876562
vt 0.117274 0.876562
vt 0.638907 0.952945
vt 0.638001 0.952945
vt 0.778550 0.869448
vt 0.777645 0.869448
vt 0.777645 0.849864
vt 0.778550 0.849864
vt 0.099928 0.846050
vt 0.099023 0.846050
vt 0.097900 0.862867
vt 0.096995 0.862867
vt 0.096995 0.852238
vt 0.097900 0.852238
vt 0.096995 0.872340
vt 0.097900 0.872340
vt 0.169999 0.856989
vt 0.169999 0.844137
vt 0.170904 0.844137
vt 0.170904 0.856989
vt 0.785757 0.836171
vt 0.786662 0.836171
vt 0.786662 0.855236
vt 0.785757 0.855236
vt 0.169999 0.835517
vt 0.170904 0.835517
vt 0.134402 0.869613
vt 0.133497 0.869613
vt 0.647549 0.884857
vt 0.647549 0.870233
vt 0.648455 0.870233
vt 0.648455 0.884857
vt 0.785757 0.877883
vt 0.786662 0.877883
vt 0.786662 0.889462
vt 0.785757 0.889462
vt 0.786662 0.866965
vt 0.785757 0.866965
vt 0.096887 0.896320
vt 0.095981 0.896320
vt 0.095981 0.884287
vt 0.096887 0.884287
vt 0.096995 0.837633
vt 0.097900 0.837633
vt 0.096887 0.871790
vt 0.095981 0.871790
vt 0.095981 0.861316
vt 0.096887 0.861316
vt 0.095981 0.872878
vt 0.096887 0.872878
vt 0.096887 0.854448
vt 0.095981 0.854448
vt 0.179124 0.835490
vt 0.180029 0.835490
vt 0.180029 0.844039
vt 0.179124 0.844039
vt 0.040112 0.849359
vt 0.040074 0.842738
vt 0.041191 0.841572
vt 0.043039 0.841543
vt 0.053801 0.836904
vt 0.046732 0.845120
vt 0.048127 0.848294
vt 0.055398 0.848328
vt 0.057355 0.845301
vt 0.059263 0.844877
vt 0.059970 0.845460
vt 0.059970 0.849358
vt 0.225656 0.847373
vt 0.224751 0.847373
vt 0.224751 0.834972
vt 0.225656 0.834972
vt 0.778550 0.923824
vt 0.777645 0.923824
vt 0.777645 0.917930
vt 0.778550 0.917930
vt 0.786662 0.902468
vt 0.785757 0.902468
vt 0.762418 0.792397
vt 0.771445 0.797993
vt 0.772512 0.801730
vt 0.768200 0.810677
vt 0.766942 0.816180
vt 0.766882 0.864908
vt 0.767162 0.870621
vt 0.767993 0.878986
vt 0.769812 0.884317
vt 0.774332 0.891522
vt 0.762418 0.891340
vt 0.646535 0.918491
vt 0.647441 0.918491
vt 0.647441 0.926881
vt 0.646535 0.926881
vt 0.778550 0.903670
vt 0.777645 0.903670
vt 0.777645 0.896591
vt 0.778550 0.896591
vt 0.205378 0.849631
vt 0.204472 0.849631
vt 0.204472 0.843612
vt 0.205378 0.843612
vt 0.777645 0.911084
vt 0.778550 0.911084
vt 0.235796 0.845931
vt 0.234890 0.845931
vt 0.234890 0.843796
vt 0.235796 0.843796
vt 0.778550 0.877110
vt 0.777645 0.877110
vt 0.227793 0.834963
vt 0.228698 0.834963
vt 0.228698 0.847211
vt 0.227793 0.847211
vt 0.084828 0.838138
vt 0.085733 0.838138
vt 0.085733 0.847374
vt 0.084828 0.847374
vt 0.777645 0.841780
vt 0.778550 0.841780
vt 0.103079 0.872040
vt 0.103984 0.872040
vt 0.103984 0.889633
vt 0.103079 0.889633
vt 0.001434 0.868136
vt 0.002989 0.847514
vt 0.017795 0.838149
vt 0.017795 0.889551
vt 0.186113 0.855993
vt 0.185208 0.855993
vt 0.185208 0.853823
vt 0.186113 0.853823
vt 0.132483 0.853089
vt 0.133388 0.853089
vt 0.133388 0.871029
vt 0.132483 0.871029
vt 0.180029 0.856514
vt 0.179124 0.856514
vt 0.132483 0.836311
vt 0.133388 0.836311
vt 0.132483 0.836507
vt 0.778659 0.874811
vt 0.779564 0.874811
vt 0.779564 0.882444
vt 0.778659 0.882444
vt 0.114124 0.878910
vt 0.113218 0.878910
vt 0.783729 0.836215
vt 0.784634 0.836215
vt 0.784634 0.843233
vt 0.783729 0.843233
vt 0.185208 0.846838
vt 0.186113 0.846838
vt 0.790126 0.858588
vt 0.789221 0.858588
vt 0.789221 0.836856
vt 0.790126 0.836856
vt 0.783729 0.854681
vt 0.784634 0.854681
vt 0.784634 0.863098
vt 0.783729 0.863098
vt 0.650591 0.841065
vt 0.651497 0.841065
vt 0.185208 0.835460
vt 0.186113 0.835460
vt 0.790126 0.878557
vt 0.789221 0.878557
vt 0.783729 0.873600
vt 0.784634 0.873600
vt 0.784634 0.882961
vt 0.783729 0.882961
vt 0.790126 0.914572
vt 0.789221 0.914572
vt 0.778659 0.837058
vt 0.779564 0.837058
vt 0.779564 0.850602
vt 0.778659 0.850602
vt 0.678796 0.966687
vt 0.661678 0.873900
vt 0.656806 0.826474
vt 0.670238 0.812403
vt 0.777645 0.837380
vt 0.778550 0.837380
vt 0.641220 0.789296
vt 0.651333 0.800393
vt 0.651333 0.828533
vt 0.638184 0.811118
vt 0.778659 0.859372
vt 0.779564 0.859372
vt 0.779564 0.868381
vt 0.778659 0.868381
vt 0.115246 0.849297
vt 0.116152 0.849297
vt 0.116152 0.878709
vt 0.115246 0.878709
vt 0.646535 0.837947
vt 0.647441 0.837947
vt 0.647441 0.855993
vt 0.646535 0.855993
vt 0.115246 0.836746
vt 0.116152 0.836746
vt 0.784634 0.903245
vt 0.783729 0.903245
vt 0.779564 0.901084
vt 0.778659 0.901084
vt 0.264295 0.834320
vt 0.265200 0.834320
vt 0.265200 0.835850
vt 0.264295 0.835850
vt 0.646535 0.875359
vt 0.647441 0.875359
vt 0.647441 0.884858
vt 0.646535 0.884858
vt 0.260130 0.837294
vt 0.259225 0.837294
vt 0.259225 0.834402
vt 0.260130 0.834402
vt 0.647441 0.865463
vt 0.646535 0.865463
vt 0.228807 0.834944
vt 0.229712 0.834944
vt 0.229712 0.846874
vt 0.228807 0.846874
vt 0.646535 0.894406
vt 0.647441 0.894406
vt 0.647441 0.903412
vt 0.646535 0.903412
vt 0.200308 0.851980
vt 0.199403 0.851980
vt 0.199403 0.838772
vt 0.200308 0.838772
vt 0.221709 0.845638
vt 0.222615 0.845638
vt 0.222615 0.847591
vt 0.221709 0.847591
vt 0.646535 0.910570
vt 0.647441 0.910570
vt 0.199403 0.837176
vt 0.200308 0.837176
vt 0.221709 0.834985
vt 0.222615 0.834985
vt 0.222615 0.840336
vt 0.221709 0.840336
vt 0.647441 0.933841
vt 0.646535 0.933841
vt 0.199403 0.835233
vt 0.200308 0.835233
vt 0.059970 0.853257
vt 0.059263 0.853840
vt 0.057355 0.853417
vt 0.055398 0.850389
vt 0.048127 0.850423
vt 0.046732 0.853598
vt 0.053801 0.861813
vt 0.043039 0.857174
vt 0.041191 0.857145
vt 0.040074 0.855979
vt 0.649469 0.966744
vt 0.648563 0.966744
vt 0.648563 0.958315
vt 0.649469 0.958315
vt 0.234890 0.840424
vt 0.235796 0.840424
vt 0.248977 0.842812
vt 0.248072 0.842812
vt 0.248072 0.840181
vt 0.248977 0.840181
vt 0.266214 0.835622
vt 0.265309 0.835622
vt 0.265309 0.834307
vt 0.266214 0.834307
vt 0.649469 0.889530
vt 0.648563 0.889530
vt 0.648563 0.874059
vt 0.649469 0.874059
vt 0.248072 0.834714
vt 0.248977 0.834714
vt 0.250100 0.834699
vt 0.251005 0.834699
vt 0.779564 0.918136
vt 0.778659 0.918136
vt 0.251005 0.842543
vt 0.250100 0.842543
vt 0.649469 0.933406
vt 0.648563 0.933406
vt 0.648563 0.920228
vt 0.649469 0.920228
vt 0.648563 0.945613
vt 0.649469 0.945613
vt 0.234890 0.834891
vt 0.235796 0.834891
vt 0.649469 0.903061
vt 0.648563 0.903061
vt 0.182166 0.845973
vt 0.183071 0.845972
vt 0.183071 0.856241
vt 0.182166 0.856241
vt 0.085733 0.852659
vt 0.084828 0.852659
vt 0.091925 0.847881
vt 0.092831 0.847881
vt 0.092831 0.852906
vt 0.091925 0.852906
vt 0.204364 0.838527
vt 0.203459 0.838527
vt 0.203459 0.835101
vt 0.204364 0.835100
vt 0.211461 0.848760
vt 0.210556 0.848760
vt 0.210556 0.835051
vt 0.211461 0.835051
vt 0.091925 0.891044
vt 0.092831 0.891044
vt 0.092831 0.895323
vt 0.091925 0.895323
vt 0.126400 0.836565
vt 0.127305 0.836565
vt 0.091925 0.838025
vt 0.092831 0.838025
vt 0.212584 0.835034
vt 0.213489 0.835034
vt 0.976033 0.783017
vt 0.976939 0.783017
vt 0.866847 0.855178
vt 0.852121 0.843121
vt 0.844781 0.835861
vt 0.834726 0.825462
vt 0.828051 0.817588
vt 0.816167 0.801559
vt 0.810827 0.792727
vt 0.801790 0.774020
vt 0.799063 0.764187
vt 0.797784 0.750275
vt 0.798904 0.740177
vt 0.801841 0.731093
vt 0.806799 0.722272
vt 0.814489 0.713373
vt 0.800860 0.711459
vt 0.832435 0.701293
vt 0.848762 0.698334
vt 0.866488 0.700350
vt 0.859029 0.709531
vt 0.856998 0.703823
vt 0.842985 0.706737
vt 0.832005 0.716318
vt 0.850729 0.723320
vt 0.823961 0.722204
vt 0.816784 0.739258
vt 0.815639 0.747847
vt 0.817533 0.762052
vt 0.820324 0.770370
vt 0.831212 0.789563
vt 0.836362 0.796705
vt 0.849303 0.811049
vt 0.855434 0.817354
vt 0.866273 0.827694
vt 0.750504 0.891522
vt 0.755024 0.884317
vt 0.756843 0.878986
vt 0.757674 0.870621
vt 0.757954 0.864908
vt 0.757894 0.816180
vt 0.756637 0.810677
vt 0.752324 0.801730
vt 0.753391 0.797993
vt 0.108149 0.881398
vt 0.108149 0.867839
vt 0.109054 0.867839
vt 0.109054 0.881398
vt 0.204364 0.849639
vt 0.203459 0.849639
vt 0.201322 0.835171
vt 0.201322 0.850885
vt 0.200417 0.850885
vt 0.200417 0.835171
vt 0.092831 0.901301
vt 0.091925 0.901301
vt 0.214612 0.848413
vt 0.214612 0.835031
vt 0.215517 0.835031
vt 0.215517 0.848413
vt 0.085733 0.859796
vt 0.084828 0.859796
vt 0.257088 0.834570
vt 0.257088 0.840270
vt 0.256183 0.840270
vt 0.256183 0.834570
vt 0.085733 0.864511
vt 0.084828 0.864511
vt 0.156709 0.849555
vt 0.156709 0.860838
vt 0.155804 0.860838
vt 0.155804 0.849555
vt 0.085733 0.903309
vt 0.084828 0.903309
vt 0.156709 0.835734
vt 0.155804 0.835734
vt 0.217654 0.835021
vt 0.218559 0.835021
vt 0.218559 0.839263
vt 0.217654 0.839263
vt 0.181152 0.856325
vt 0.181152 0.835479
vt 0.182057 0.835479
vt 0.182057 0.856325
vt 0.218559 0.848233
vt 0.217654 0.848233
vt 0.166848 0.835591
vt 0.166848 0.858308
vt 0.165943 0.858308
vt 0.165943 0.835591
vt 0.208528 0.835088
vt 0.209434 0.835088
vt 0.158845 0.853043
vt 0.158845 0.835697
vt 0.159751 0.835697
vt 0.159751 0.853043
vt 0.108149 0.836898
vt 0.109054 0.836898
vt 0.519907 0.863569
vt 0.559791 0.863569
vt 0.569478 0.878381
vt 0.570502 0.882140
vt 0.569426 0.905926
vt 0.570426 0.909982
vt 0.571870 0.912446
vt 0.572883 0.916280
vt 0.572854 0.918734
vt 0.571644 0.922452
vt 0.568461 0.926917
vt 0.565498 0.929628
vt 0.561630 0.931889
vt 0.564058 0.926870
vt 0.565011 0.922756
vt 0.565152 0.895734
vt 0.564214 0.891621
vt 0.559420 0.881817
vt 0.556265 0.879567
vt 0.549206 0.878765
vt 0.545822 0.880418
vt 0.542665 0.885466
vt 0.643493 0.848337
vt 0.643493 0.837667
vt 0.644399 0.837667
vt 0.644399 0.848337
vt 0.188141 0.838695
vt 0.187236 0.838695
vt 0.187236 0.835431
vt 0.188141 0.835431
vt 0.129333 0.866478
vt 0.129333 0.874747
vt 0.128427 0.874747
vt 0.128427 0.866478
vt 0.124263 0.875514
vt 0.123358 0.875514
vt 0.123358 0.871945
vt 0.124263 0.871945
vt 0.129333 0.857687
vt 0.128427 0.857687
vt 0.204472 0.840098
vt 0.205378 0.840098
vt 0.647549 0.953334
vt 0.647549 0.944577
vt 0.648455 0.944577
vt 0.648455 0.953334
vt 0.124263 0.861358
vt 0.123358 0.861358
vt 0.123358 0.857620
vt 0.124263 0.857620
vt 0.204472 0.835100
vt 0.205378 0.835100
vt 0.647549 0.925080
vt 0.647549 0.915053
vt 0.648455 0.915053
vt 0.648455 0.925080
vt 0.243002 0.834788
vt 0.243907 0.834788
vt 0.243907 0.837974
vt 0.243002 0.837974
vt 0.647549 0.963746
vt 0.648455 0.963746
vt 0.647549 0.895234
vt 0.648455 0.895234
vt 0.542665 0.841673
vt 0.545822 0.846721
vt 0.549206 0.848374
vt 0.556265 0.847572
vt 0.559420 0.845322
vt 0.564214 0.835518
vt 0.565152 0.831404
vt 0.565011 0.804382
vt 0.564058 0.800268
vt 0.561630 0.795250
vt 0.565498 0.797511
vt 0.568461 0.800222
vt 0.571644 0.804687
vt 0.572854 0.808405
vt 0.572883 0.810858
vt 0.571870 0.814693
vt 0.570426 0.817157
vt 0.569426 0.821213
vt 0.570502 0.844998
vt 0.569478 0.848758
vt 0.138567 0.836179
vt 0.139472 0.836179
vt 0.139472 0.868689
vt 0.138567 0.868689
vt 0.647549 0.859770
vt 0.648455 0.859770
vt 0.123358 0.836565
vt 0.124263 0.836565
vt 0.196252 0.838744
vt 0.195347 0.838744
vt 0.195347 0.835357
vt 0.196252 0.835357
vt 0.176988 0.835490
vt 0.176988 0.856529
vt 0.176082 0.856529
vt 0.176082 0.835490
vt 0.195347 0.844173
vt 0.196252 0.844173
vt 0.162901 0.848707
vt 0.162901 0.840083
vt 0.163806 0.840083
vt 0.163806 0.848707
vt 0.103079 0.839411
vt 0.103984 0.839411
vt 0.103984 0.843213
vt 0.103079 0.843213
vt 0.173946 0.835505
vt 0.173946 0.856785
vt 0.173041 0.856785
vt 0.173041 0.835505
vt 0.099928 0.837409
vt 0.099023 0.837409
vt 0.103079 0.846068
vt 0.103984 0.846068
vt 0.162901 0.859403
vt 0.163806 0.859403
vt 0.103079 0.837364
vt 0.103984 0.837364
vt 0.162901 0.835653
vt 0.163806 0.835653
vt 0.643493 0.913588
vt 0.643493 0.904737
vt 0.644399 0.904737
vt 0.644399 0.913588
vt 0.188141 0.855471
vt 0.187236 0.855471
vt 0.175068 0.851115
vt 0.175974 0.851115
vt 0.175974 0.856536
vt 0.175068 0.856536
vt 0.643493 0.885376
vt 0.643493 0.876767
vt 0.644399 0.876767
vt 0.644399 0.885376
vt 0.192197 0.855177
vt 0.191291 0.855177
vt 0.191291 0.835414
vt 0.192197 0.835414
vt 0.643493 0.928897
vt 0.644399 0.928897
vt 0.246044 0.834780
vt 0.246949 0.834780
vt 0.246949 0.838010
vt 0.246044 0.838010
vt 0.643493 0.855861
vt 0.644399 0.855861
vt 0.246949 0.840696
vt 0.246044 0.840696
vt 0.644399 0.895203
vt 0.246949 0.843983
vt 0.246044 0.843983
vt 0.158845 0.860181
vt 0.159751 0.860181
vt 0.175068 0.835491
vt 0.175974 0.835491
vt 0.175974 0.837575
vt 0.175068 0.837575
vt 0.175974 0.841417
vt 0.175068 0.841417
vt 0.647549 0.839640
vt 0.648455 0.839640
vt 0.175974 0.847049
vt 0.175068 0.847049
vt 0.977953 0.946213
vt 0.977953 0.954375
vt 0.977047 0.954375
vt 0.977047 0.946213
vt 0.977953 0.937820
vt 0.977953 0.942084
vt 0.977047 0.942084
vt 0.977047 0.937820
vt 0.142623 0.842856
vt 0.143528 0.842856
vt 0.143528 0.846607
vt 0.142623 0.846607
vt 0.977953 0.907004
vt 0.977047 0.907004
vt 0.142623 0.836131
vt 0.143528 0.836131
vt 0.242893 0.841149
vt 0.241988 0.841149
vt 0.241988 0.834800
vt 0.242893 0.834800
vt 0.977953 0.933713
vt 0.977047 0.933713
vt 0.143528 0.867840
vt 0.142623 0.867840
vt 0.977953 0.924810
vt 0.977953 0.928325
vt 0.977047 0.928325
vt 0.977047 0.924810
vt 0.167971 0.835587
vt 0.168876 0.835587
vt 0.168876 0.838759
vt 0.167971 0.838759
vt 0.168876 0.848446
vt 0.167971 0.848446
vt 0.168876 0.852172
vt 0.167971 0.852172
vt 0.168876 0.858229
vt 0.167971 0.858229
vt 0.242893 0.844335
vt 0.241988 0.844335
vt 0.057115 0.844941
vt 0.055187 0.847924
vt 0.055234 0.835849
vt 0.042957 0.841141
vt 0.057115 0.853776
vt 0.055187 0.850793
vt 0.055234 0.862868
vt 0.042957 0.857576
vt 0.047196 0.845191
vt 0.048382 0.847892
vt 0.048382 0.850825
vt 0.047196 0.853526
vt 0.039718 0.849359
vt 0.039679 0.842575
vt 0.041023 0.841171
vt 0.039679 0.856142
vt 0.041023 0.857546
vt 0.059363 0.844442
vt 0.060364 0.845268
vt 0.060364 0.849358
vt 0.060364 0.853449
vt 0.059363 0.854275
vt 0.258211 0.834551
vt 0.259116 0.834551
vt 0.762418 0.891743
vt 0.775060 0.891936
vt 0.749776 0.891936
vt 0.762418 0.791926
vt 0.771780 0.797729
vt 0.772933 0.801768
vt 0.768573 0.810814
vt 0.767336 0.816227
vt 0.767276 0.864898
vt 0.767555 0.870591
vt 0.768380 0.878898
vt 0.770169 0.884139
vt 0.753056 0.797729
vt 0.754667 0.884139
vt 0.756456 0.878898
vt 0.757281 0.870591
vt 0.757560 0.864898
vt 0.757500 0.816227
vt 0.756263 0.810814
vt 0.751903 0.801768
vt 0.182166 0.835474
vt 0.183071 0.835474
vt 0.813707 0.713670
vt 0.799067 0.711614
vt 0.832341 0.700901
vt 0.848749 0.697927
vt 0.867258 0.700032
vt 0.858894 0.710329
vt 0.856744 0.704287
vt 0.843163 0.707112
vt 0.832774 0.716176
vt 0.853234 0.723828
vt 0.824216 0.722618
vt 0.806477 0.722036
vt 0.801480 0.730928
vt 0.798517 0.740090
vt 0.797388 0.750272
vt 0.798674 0.764261
vt 0.801420 0.774166
vt 0.810482 0.792922
vt 0.815841 0.801787
vt 0.827745 0.817842
vt 0.834436 0.825736
vt 0.844504 0.836147
vt 0.851860 0.843423
vt 0.867258 0.856032
vt 0.855708 0.817064
vt 0.866663 0.827515
vt 0.849587 0.810770
vt 0.836666 0.796448
vt 0.831542 0.789341
vt 0.820685 0.770202
vt 0.817918 0.761959
vt 0.816037 0.747847
vt 0.817167 0.739367
vt 0.222723 0.847410
vt 0.222723 0.834974
vt 0.223628 0.834974
vt 0.223628 0.847410
vt 0.471369 0.535486
vt 0.484553 0.528660
vt 0.449682 0.529629
vt 0.433223 0.532290
vt 0.416396 0.540452
vt 0.427586 0.547397
vt 0.427692 0.540968
vt 0.441431 0.539109
vt 0.454143 0.544214
vt 0.437241 0.558271
vt 0.464287 0.547449
vt 0.480871 0.540983
vt 0.488430 0.547723
vt 0.494152 0.555396
vt 0.498465 0.564645
vt 0.501710 0.578299
vt 0.502271 0.588578
vt 0.499686 0.609331
vt 0.497445 0.619499
vt 0.491311 0.638646
vt 0.487502 0.648340
vt 0.481304 0.661539
vt 0.476670 0.670871
vt 0.468204 0.687017
vt 0.463132 0.696107
vt 0.451175 0.716275
vt 0.449201 0.720169
vt 0.448766 0.720173
vt 0.444969 0.729687
vt 0.444606 0.729530
vt 0.442501 0.736091
vt 0.442126 0.735966
vt 0.439977 0.746154
vt 0.439590 0.746078
vt 0.438558 0.757538
vt 0.438162 0.757528
vt 0.439303 0.767769
vt 0.438913 0.767839
vt 0.440949 0.773725
vt 0.440583 0.773883
vt 0.445925 0.782500
vt 0.445609 0.782746
vt 0.449395 0.786119
vt 0.449119 0.786407
vt 0.456838 0.793296
vt 0.456573 0.793594
vt 0.441238 0.692581
vt 0.446625 0.681995
vt 0.450667 0.674132
vt 0.464628 0.647236
vt 0.468408 0.639245
vt 0.476056 0.621396
vt 0.478635 0.612969
vt 0.482796 0.591255
vt 0.482783 0.582540
vt 0.480063 0.568572
vt 0.476291 0.560932
vt 0.423605 0.744666
vt 0.423290 0.744267
vt 0.426210 0.731134
vt 0.426592 0.731237
vt 0.428720 0.722652
vt 0.429093 0.722783
vt 0.434795 0.706352
vt 0.435159 0.706506
vt 0.438347 0.698261
vt 0.438702 0.698437
vt 0.390186 0.707112
vt 0.390467 0.706694
vt 0.397933 0.730069
vt 0.397566 0.730217
vt 0.399738 0.734053
vt 0.399390 0.734244
vt 0.402929 0.739356
vt 0.402628 0.739623
vt 0.406078 0.742039
vt 0.405875 0.742391
vt 0.409994 0.743595
vt 0.409886 0.743985
vt 0.414171 0.744371
vt 0.414138 0.744774
vt 0.427406 0.776439
vt 0.427041 0.776595
vt 0.425710 0.772582
vt 0.426092 0.772478
vt 0.423325 0.760071
vt 0.423707 0.759971
vt 0.422068 0.756023
vt 0.422437 0.755879
vt 0.420952 0.753480
vt 0.421223 0.753115
vt 0.418698 0.753119
vt 0.418548 0.752688
vt 0.416837 0.755237
vt 0.416484 0.755036
vt 0.415773 0.758938
vt 0.415370 0.758912
vt 0.416723 0.764949
vt 0.416336 0.765030
vt 0.417734 0.769082
vt 0.417355 0.769197
vt 0.422609 0.783641
vt 0.421485 0.781529
vt 0.476135 0.816175
vt 0.477069 0.816932
vt 0.467545 0.813562
vt 0.467692 0.813188
vt 0.460387 0.810180
vt 0.460570 0.809823
vt 0.446544 0.801835
vt 0.446766 0.801501
vt 0.440332 0.796908
vt 0.440594 0.796605
vt 0.436320 0.792794
vt 0.436622 0.792532
vt 0.431758 0.786296
vt 0.432097 0.786088
vt 0.415825 0.774826
vt 0.416141 0.774585
vt 0.412828 0.770482
vt 0.413156 0.770258
vt 0.408218 0.762991
vt 0.407478 0.761032
vt 0.409983 0.773159
vt 0.409590 0.773204
vt 0.410241 0.778759
vt 0.409846 0.778752
vt 0.409572 0.787162
vt 0.409181 0.787099
vt 0.408337 0.792609
vt 0.407960 0.792490
vt 0.404294 0.803136
vt 0.404766 0.800805
vt 0.404490 0.797237
vt 0.404884 0.797243
vt 0.404464 0.791589
vt 0.404858 0.791579
vt 0.404172 0.784705
vt 0.404564 0.784654
vt 0.403037 0.779253
vt 0.403416 0.779136
vt 0.398245 0.766845
vt 0.398252 0.765767
vt 0.394340 0.776544
vt 0.393979 0.776384
vt 0.389563 0.787349
vt 0.389206 0.787178
vt 0.385362 0.796047
vt 0.385026 0.795832
vt 0.378398 0.805238
vt 0.378111 0.804959
vt 0.365123 0.816932
vt 0.366407 0.815269
vt 0.373873 0.799612
vt 0.374235 0.799775
vt 0.377823 0.788557
vt 0.378201 0.788671
vt 0.380192 0.777900
vt 0.380583 0.777963
vt 0.381231 0.766188
vt 0.381625 0.766197
vt 0.380659 0.752546
vt 0.380987 0.750959
vt 0.375319 0.763593
vt 0.374971 0.763404
vt 0.369618 0.773906
vt 0.369281 0.773698
vt 0.369012 0.774874
vt 0.368695 0.774632
vt 0.361511 0.783769
vt 0.361231 0.783485
vt 0.355333 0.789285
vt 0.355084 0.788972
vt 0.346108 0.796433
vt 0.345880 0.796103
vt 0.337716 0.802046
vt 0.337513 0.801701
vt 0.327568 0.807721
vt 0.327392 0.807360
vt 0.313207 0.814306
vt 0.315347 0.812883
vt 0.318311 0.809620
vt 0.318573 0.809922
vt 0.324351 0.804210
vt 0.324609 0.804515
vt 0.331015 0.798385
vt 0.331282 0.798682
vt 0.336726 0.792642
vt 0.337012 0.792919
vt 0.350788 0.776373
vt 0.351097 0.776625
vt 0.355426 0.769726
vt 0.355759 0.769943
vt 0.365169 0.752145
vt 0.365524 0.752323
vt 0.368260 0.744628
vt 0.368633 0.744763
vt 0.369452 0.740399
vt 0.370123 0.739474
vt 0.367011 0.742019
vt 0.366797 0.741680
vt 0.359131 0.747226
vt 0.358917 0.746887
vt 0.346260 0.755698
vt 0.346061 0.755349
vt 0.337987 0.760141
vt 0.337819 0.759776
vt 0.324931 0.765711
vt 0.324814 0.765324
vt 0.315912 0.767604
vt 0.315870 0.767201
vt 0.305252 0.767707
vt 0.305290 0.767304
vt 0.296272 0.765809
vt 0.296393 0.765423
vt 0.277920 0.757495
vt 0.279597 0.757814
vt 0.291693 0.756799
vt 0.291736 0.757200
vt 0.300877 0.755204
vt 0.300954 0.755600
vt 0.346595 0.739909
vt 0.346431 0.739542
vt 0.365945 0.729303
vt 0.367317 0.729036
vt 0.348143 0.727515
vt 0.348182 0.727114
vt 0.338810 0.726544
vt 0.338851 0.726143
vt 0.329067 0.725495
vt 0.329136 0.725097
vt 0.320054 0.723193
vt 0.320176 0.722808
vt 0.311335 0.719583
vt 0.311516 0.719223
vt 0.303547 0.714522
vt 0.303788 0.714201
vt 0.297745 0.709023
vt 0.298028 0.708742
vt 0.291616 0.701832
vt 0.291926 0.701583
vt 0.285478 0.692862
vt 0.285808 0.692641
vt 0.280576 0.684701
vt 0.280918 0.684501
vt 0.271872 0.668061
vt 0.273075 0.669508
vt 0.325849 0.748479
vt 0.325712 0.748101
vt 0.310449 0.752971
vt 0.310546 0.753362
vt 0.317374 0.750975
vt 0.317491 0.751360
vt 0.279043 0.673660
vt 0.278809 0.673984
vt 0.289969 0.681582
vt 0.289747 0.681915
vt 0.300581 0.688713
vt 0.300378 0.689059
vt 0.312305 0.695261
vt 0.312130 0.695622
vt 0.327910 0.702354
vt 0.327778 0.702736
vt 0.340699 0.705838
vt 0.340628 0.706236
vt 0.355877 0.707432
vt 0.355852 0.707834
vt 0.369235 0.707787
vt 0.369240 0.708191
vt 0.465431 0.800954
vt 0.465150 0.801239
vt 0.472119 0.808929
vt 0.471801 0.809169
vt 0.542741 0.841046
vt 0.519332 0.863569
vt 0.542741 0.886093
vt 0.546093 0.846407
vt 0.549274 0.847961
vt 0.556122 0.847183
vt 0.559113 0.845050
vt 0.563840 0.835380
vt 0.564757 0.831359
vt 0.564617 0.804431
vt 0.563685 0.800406
vt 0.560704 0.794245
vt 0.565730 0.797182
vt 0.568755 0.799950
vt 0.571999 0.804500
vt 0.573247 0.808337
vt 0.573278 0.810909
vt 0.572236 0.814852
vt 0.570794 0.817313
vt 0.569822 0.821254
vt 0.570899 0.845044
vt 0.569841 0.848929
vt 0.560265 0.863569
vt 0.569841 0.878210
vt 0.570899 0.882095
vt 0.569822 0.905885
vt 0.570794 0.909826
vt 0.572236 0.912287
vt 0.573278 0.916229
vt 0.573247 0.918801
vt 0.571999 0.922638
vt 0.568755 0.927189
vt 0.565730 0.929957
vt 0.560704 0.932894
vt 0.563685 0.926733
vt 0.564617 0.922708
vt 0.564757 0.895780
vt 0.563840 0.891759
vt 0.559113 0.882089
vt 0.556122 0.879956
vt 0.549274 0.879178
vt 0.546093 0.880732
vt 0.243907 0.844121
vt 0.243002 0.844121
vt 0.001030 0.868261
vt 0.018189 0.890721
vt 0.018189 0.837426
vt 0.002611 0.847279
vt 0.001048 0.868016
vt 0.640946 0.788404
vt 0.637771 0.811230
vt 0.651727 0.829715
vt 0.651727 0.800234
vt 0.148598 0.863891
vt 0.147692 0.863891
vt 0.147692 0.835907
vt 0.148598 0.835907
vt 0.670208 0.811862
vt 0.656395 0.826331
vt 0.661288 0.873959
vt 0.678972 0.969818
vt 0.685545 0.796335
vt 0.685151 0.797305
vt 0.685545 0.875567
vt 0.685151 0.875553
vt 0.614449 0.581627
vt 0.625486 0.583699
vt 0.605144 0.577797
vt 0.600094 0.574385
vt 0.593429 0.566873
vt 0.591110 0.562392
vt 0.586683 0.552961
vt 0.635301 0.601673
vt 0.622180 0.600534
vt 0.643965 0.601802
vt 0.627712 0.629552
vt 0.647223 0.643922
vt 0.624547 0.626584
vt 0.620576 0.621865
vt 0.619031 0.617983
vt 0.618770 0.613694
vt 0.619315 0.609388
vt 0.596534 0.589581
vt 0.593200 0.587067
vt 0.607466 0.595703
vt 0.610857 0.598156
vt 0.612887 0.600016
vt 0.612538 0.602322
vt 0.610000 0.603492
vt 0.606230 0.603406
vt 0.600918 0.600656
vt 0.597374 0.598417
vt 0.585290 0.589248
vt 0.571051 0.536377
vt 0.570802 0.526073
vt 0.572030 0.544379
vt 0.575603 0.560401
vt 0.578308 0.567949
vt 0.580923 0.573108
vt 0.585593 0.579526
vt 0.591443 0.598534
vt 0.594581 0.602772
vt 0.600161 0.609538
vt 0.591223 0.604733
vt 0.586084 0.602781
vt 0.578053 0.600883
vt 0.572603 0.600433
vt 0.561568 0.601178
vt 0.567124 0.602777
vt 0.572378 0.604517
vt 0.578703 0.606891
vt 0.583438 0.609652
vt 0.593544 0.618087
vt 0.583322 0.618948
vt 0.571806 0.620325
vt 0.562427 0.621779
vt 0.551751 0.625776
vt 0.536827 0.635163
vt 0.555619 0.631893
vt 0.567117 0.631399
vt 0.577765 0.632324
vt 0.588992 0.634867
vt 0.601528 0.639564
vt 0.589616 0.641415
vt 0.578277 0.643841
vt 0.577192 0.644138
vt 0.566627 0.648747
vt 0.559614 0.653095
vt 0.550154 0.659915
vt 0.542377 0.666389
vt 0.534011 0.674556
vt 0.523518 0.686552
vt 0.529432 0.683000
vt 0.536305 0.678756
vt 0.543755 0.674030
vt 0.550839 0.670208
vt 0.570263 0.661442
vt 0.577865 0.658939
vt 0.597200 0.654780
vt 0.605142 0.654049
vt 0.609443 0.654172
vt 0.607194 0.656059
vt 0.599951 0.662158
vt 0.588152 0.672129
vt 0.581501 0.678843
vt 0.572350 0.689875
vt 0.567849 0.698090
vt 0.564518 0.708447
vt 0.563560 0.717773
vt 0.565737 0.738180
vt 0.570565 0.724970
vt 0.574838 0.716504
vt 0.618717 0.660957
vt 0.603255 0.676866
vt 0.614980 0.678847
vt 0.613052 0.688237
vt 0.611073 0.698050
vt 0.610482 0.707532
vt 0.611199 0.717124
vt 0.613550 0.726249
vt 0.616913 0.733572
vt 0.621753 0.741728
vt 0.628247 0.750430
vt 0.634362 0.757684
vt 0.647223 0.771217
vt 0.588993 0.694459
vt 0.579824 0.707855
vt 0.583785 0.701711
vt 0.644184 0.762530
vt 0.640119 0.749478
vt 0.636695 0.736972
vt 0.634153 0.723561
vt 0.632280 0.706201
vt 0.632916 0.692680
vt 0.636038 0.677406
vt 0.639761 0.664280
vt 0.582156 0.542264
vt 0.576756 0.533325
vt 0.782606 0.836249
vt 0.781701 0.836249
vt 0.105180 0.396695
vt 0.092363 0.381499
vt 0.098867 0.376308
vt 0.101328 0.379533
vt 0.102614 0.379553
vt 0.104085 0.377745
vt 0.103812 0.374180
vt 0.109195 0.369924
vt 0.111755 0.371307
vt 0.111038 0.383729
vt 0.117533 0.371833
vt 0.119040 0.370592
vt 0.119255 0.368640
vt 0.115143 0.363316
vt 0.118592 0.360564
vt 0.126221 0.370875
vt 0.129222 0.362135
vt 0.132162 0.357468
vt 0.138058 0.351692
vt 0.142274 0.347965
vt 0.179828 0.318069
vt 0.184762 0.315736
vt 0.194417 0.313686
vt 0.196821 0.310272
vt 0.195534 0.299154
vt 0.200455 0.295226
vt 0.201714 0.312793
vt 0.203216 0.316521
vt 0.218376 0.334599
vt 0.219981 0.338316
vt 0.220324 0.341164
vt 0.221875 0.344927
vt 0.223446 0.346936
vt 0.226739 0.349176
vt 0.232034 0.350722
vt 0.236083 0.351001
vt 0.241812 0.350154
vt 0.235756 0.347172
vt 0.232600 0.344586
vt 0.216290 0.323445
vt 0.214595 0.319698
vt 0.212504 0.309100
vt 0.213579 0.305537
vt 0.218510 0.300615
vt 0.221952 0.299838
vt 0.227819 0.301955
vt 0.232725 0.269470
vt 0.237606 0.269237
vt 0.232979 0.297345
vt 0.253824 0.320576
vt 0.252956 0.330428
vt 0.251244 0.339082
vt 0.244656 0.360159
vt 0.240537 0.367788
vt 0.231571 0.378685
vt 0.224665 0.383520
vt 0.207793 0.389415
vt 0.189196 0.366601
vt 0.197380 0.387249
vt 0.183837 0.385455
vt 0.172675 0.377054
vt 0.175612 0.371369
vt 0.162535 0.371937
vt 0.173431 0.387383
vt 0.186598 0.397829
vt 0.216694 0.415868
vt 0.245092 0.460124
vt 0.225522 0.458648
vt 0.206188 0.455217
vt 0.187276 0.449864
vt 0.168968 0.442641
vt 0.151440 0.433618
vt 0.134862 0.422881
vt 0.119392 0.410534
vt 0.407637 0.129865
vt 0.405331 0.131706
vt 0.364985 0.156149
vt 0.346000 0.159606
vt 0.336067 0.157863
vt 0.328202 0.157298
vt 0.312140 0.157785
vt 0.304376 0.159040
vt 0.298921 0.160666
vt 0.291862 0.164110
vt 0.283157 0.170285
vt 0.280099 0.173145
vt 0.272113 0.182930
vt 0.269104 0.185858
vt 0.266927 0.187536
vt 0.264782 0.186740
vt 0.264150 0.183968
vt 0.264962 0.180201
vt 0.268627 0.175402
vt 0.271461 0.172279
vt 0.282594 0.161927
vt 0.272495 0.166305
vt 0.267823 0.168635
vt 0.260253 0.172925
vt 0.266591 0.164886
vt 0.269457 0.160107
vt 0.272831 0.152415
vt 0.274316 0.147033
vt 0.275736 0.135817
vt 0.273127 0.141082
vt 0.270442 0.146018
vt 0.266942 0.151906
vt 0.263378 0.156123
vt 0.253331 0.164632
vt 0.254482 0.154209
vt 0.255388 0.142387
vt 0.255807 0.132695
vt 0.254037 0.121210
vt 0.247917 0.104420
vt 0.247421 0.123908
vt 0.245671 0.135541
vt 0.242725 0.146047
vt 0.238114 0.156820
vt 0.231184 0.168491
vt 0.231712 0.156180
vt 0.231578 0.144333
vt 0.231502 0.143187
vt 0.229123 0.131695
vt 0.226309 0.123817
vt 0.221595 0.113006
vt 0.216888 0.103951
vt 0.210672 0.093976
vt 0.201192 0.081127
vt 0.203457 0.087749
vt 0.206198 0.095466
vt 0.209292 0.103855
vt 0.211588 0.111703
vt 0.216242 0.132889
vt 0.217173 0.141000
vt 0.217424 0.161206
vt 0.216589 0.169316
vt 0.215640 0.173609
vt 0.214264 0.170986
vt 0.209814 0.162540
vt 0.202530 0.148772
vt 0.197376 0.140800
vt 0.188562 0.129484
vt 0.181551 0.123379
vt 0.172260 0.118034
vt 0.163499 0.115270
vt 0.143500 0.113508
vt 0.126979 0.094462
vt 0.143023 0.082906
vt 0.160097 0.073014
vt 0.178036 0.064881
vt 0.196669 0.058586
vt 0.215815 0.054189
vt 0.235291 0.051732
vt 0.254908 0.051240
vt 0.274477 0.052716
vt 0.293812 0.056147
vt 0.312724 0.061500
vt 0.331032 0.068723
vt 0.348560 0.077746
vt 0.365138 0.088483
vt 0.380608 0.100830
vt 0.394820 0.114669
vt 0.208359 0.403388
vt 0.219276 0.403256
vt 0.229075 0.401077
vt 0.237705 0.397175
vt 0.245843 0.391198
vt 0.255121 0.380834
vt 0.260458 0.372105
vt 0.267973 0.352647
vt 0.270802 0.342634
vt 0.274452 0.322834
vt 0.275683 0.312463
vt 0.276474 0.297843
vt 0.276811 0.287382
vt 0.275617 0.267245
vt 0.255345 0.286834
vt 0.255121 0.302154
vt 0.254667 0.311019
vt 0.271435 0.261379
vt 0.253813 0.256271
vt 0.255999 0.250894
vt 0.262107 0.252306
vt 0.270661 0.253759
vt 0.287621 0.255616
vt 0.296280 0.255938
vt 0.309441 0.255482
vt 0.311862 0.264474
vt 0.312192 0.268802
vt 0.311718 0.273072
vt 0.309983 0.276869
vt 0.305782 0.281376
vt 0.302474 0.284175
vt 0.282274 0.297512
vt 0.288715 0.318232
vt 0.291781 0.331534
vt 0.294139 0.346951
vt 0.294102 0.360487
vt 0.291369 0.377727
vt 0.288164 0.390989
vt 0.284124 0.403301
vt 0.279416 0.416124
vt 0.275948 0.424643
vt 0.289465 0.411796
vt 0.295933 0.404869
vt 0.302851 0.396515
vt 0.308090 0.388622
vt 0.311812 0.381483
vt 0.314614 0.372492
vt 0.315806 0.362949
vt 0.315688 0.353449
vt 0.314198 0.343546
vt 0.312740 0.334068
vt 0.309897 0.316007
vt 0.324548 0.332699
vt 0.337917 0.351010
vt 0.342758 0.358524
vt 0.346409 0.364865
vt 0.350959 0.373763
vt 0.354805 0.382440
vt 0.358971 0.395884
vt 0.373021 0.416902
vt 0.356977 0.428458
vt 0.339903 0.438350
vt 0.321964 0.446483
vt 0.303331 0.452778
vt 0.284185 0.457175
vt 0.264709 0.459632
vt 0.155240 0.120907
vt 0.162535 0.126831
vt 0.169869 0.133507
vt 0.174996 0.138670
vt 0.180946 0.145298
vt 0.195066 0.163011
vt 0.207338 0.181602
vt 0.190898 0.174393
vt 0.182263 0.170643
vt 0.173232 0.166759
vt 0.164250 0.164333
vt 0.154909 0.163197
vt 0.145700 0.163792
vt 0.138025 0.165750
vt 0.129265 0.169029
vt 0.119661 0.173863
vt 0.111520 0.178596
vt 0.096050 0.188885
vt 0.104972 0.187514
vt 0.118279 0.185960
vt 0.130938 0.184943
vt 0.144296 0.184986
vt 0.161311 0.186463
vt 0.174159 0.189715
vt 0.188208 0.195801
vt 0.200080 0.202075
vt 0.218168 0.213500
vt 0.235725 0.196700
vt 0.239184 0.194099
vt 0.244480 0.191026
vt 0.248503 0.190227
vt 0.252667 0.190795
vt 0.256693 0.192174
vt 0.264633 0.196761
vt 0.261003 0.209707
vt 0.259204 0.218375
vt 0.280144 0.203334
vt 0.284266 0.192659
vt 0.289740 0.184063
vt 0.293989 0.179656
vt 0.302485 0.174421
vt 0.307231 0.172960
vt 0.317134 0.170341
vt 0.328273 0.167867
vt 0.337891 0.164177
vt 0.325841 0.179864
vt 0.262164 0.224993
vt 0.283378 0.229042
vt 0.275872 0.235032
vt 0.253757 0.228343
vt 0.243871 0.225641
vt 0.226449 0.221381
vt 0.216444 0.219174
vt 0.202385 0.216406
vt 0.192250 0.215107
vt 0.172583 0.213917
vt 0.162399 0.214290
vt 0.142117 0.217018
vt 0.132541 0.220192
vt 0.120457 0.226878
vt 0.112810 0.233499
vt 0.107012 0.241112
vt 0.102565 0.250305
vt 0.099786 0.261102
vt 0.089975 0.249801
vt 0.054900 0.210874
vt 0.060134 0.191532
vt 0.067196 0.172808
vt 0.076019 0.154882
vt 0.086517 0.137927
vt 0.098590 0.122105
vt 0.112121 0.107570
vt 0.234450 0.264559
vt 0.246811 0.254473
vt 0.099772 0.284042
vt 0.106480 0.299643
vt 0.118483 0.314206
vt 0.122199 0.301370
vt 0.116093 0.302903
vt 0.110837 0.289788
vt 0.112427 0.275916
vt 0.130022 0.289052
vt 0.112902 0.265059
vt 0.122593 0.249754
vt 0.128857 0.244078
vt 0.141371 0.237830
vt 0.149608 0.235598
vt 0.171200 0.234183
vt 0.179824 0.234587
vt 0.189379 0.236120
vt 0.205710 0.262295
vt 0.200721 0.266443
vt 0.201304 0.272779
vt 0.199731 0.276005
vt 0.193864 0.279700
vt 0.190223 0.279901
vt 0.180679 0.275252
vt 0.177538 0.272659
vt 0.161449 0.251342
vt 0.159763 0.247583
vt 0.158406 0.240850
vt 0.156211 0.246328
vt 0.155492 0.250413
vt 0.155672 0.256042
vt 0.156996 0.259852
vt 0.158519 0.261899
vt 0.161712 0.264352
vt 0.164329 0.265384
vt 0.167466 0.267880
vt 0.180929 0.287312
vt 0.184099 0.289709
vt 0.185301 0.295175
vt 0.181479 0.296731
vt 0.177188 0.305811
vt 0.173777 0.310139
vt 0.136297 0.340131
vt 0.131737 0.343408
vt 0.124825 0.347854
vt 0.119685 0.349636
vt 0.110666 0.350490
vt 0.111093 0.357944
vt 0.109190 0.357683
vt 0.107647 0.358876
vt 0.094785 0.362429
vt 0.106741 0.364736
vt 0.107431 0.367612
vt 0.102086 0.371919
vt 0.098771 0.370781
vt 0.096699 0.371802
vt 0.096406 0.373082
vt 0.081063 0.365090
vt 0.071391 0.347628
vt 0.063439 0.329281
vt 0.057284 0.310225
vt 0.052985 0.290643
vt 0.050583 0.270725
vt 0.050101 0.250662
vt 0.051545 0.230648
vt 0.376843 0.161256
vt 0.364452 0.183787
vt 0.358146 0.190721
vt 0.352309 0.199367
vt 0.347256 0.209816
vt 0.342366 0.219004
vt 0.339827 0.223358
vt 0.332798 0.230514
vt 0.327585 0.233659
vt 0.318102 0.237001
vt 0.306975 0.238497
vt 0.296818 0.238564
vt 0.290134 0.237754
vt 0.280057 0.235993
vt 0.302875 0.232412
vt 0.338364 0.201171
vt 0.224802 0.249483
vt 0.198649 0.237606
vt 0.207167 0.239309
vt 0.236154 0.246267
vt 0.244618 0.248262
vt 0.362159 0.375616
vt 0.361666 0.366252
vt 0.358854 0.355736
vt 0.354767 0.347298
vt 0.346176 0.335804
vt 0.339867 0.328753
vt 0.328579 0.318182
vt 0.321649 0.311715
vt 0.319496 0.309712
vt 0.323798 0.309814
vt 0.331692 0.310957
vt 0.350797 0.316115
vt 0.358264 0.319010
vt 0.377227 0.328774
vt 0.384112 0.332959
vt 0.391317 0.338067
vt 0.397971 0.342662
vt 0.403701 0.346517
vt 0.393817 0.333991
vt 0.385868 0.325400
vt 0.378423 0.318530
vt 0.369314 0.311227
vt 0.362526 0.306520
vt 0.352204 0.301368
vt 0.351135 0.301015
vt 0.339931 0.298003
vt 0.328127 0.295535
vt 0.340880 0.291496
vt 0.352218 0.289540
vt 0.362898 0.289169
vt 0.374358 0.290260
vt 0.392962 0.294503
vt 0.378524 0.284352
vt 0.368060 0.279805
vt 0.358767 0.277866
vt 0.347333 0.275892
vt 0.337168 0.274501
vt 0.347679 0.266602
vt 0.352546 0.264091
vt 0.358980 0.262048
vt 0.364314 0.260584
vt 0.369942 0.259276
vt 0.358959 0.257958
vt 0.353494 0.258125
vt 0.345378 0.259603
vt 0.340149 0.261284
vt 0.330984 0.265619
vt 0.336893 0.259152
vt 0.340238 0.255082
vt 0.346844 0.246128
vt 0.334320 0.254657
vt 0.330669 0.256709
vt 0.325228 0.259179
vt 0.321458 0.259069
vt 0.318981 0.257768
vt 0.318748 0.255448
vt 0.320868 0.253696
vt 0.324376 0.251422
vt 0.335598 0.245877
vt 0.339053 0.243538
vt 0.347025 0.236402
vt 0.352007 0.230236
vt 0.354875 0.225220
vt 0.357952 0.217822
vt 0.362317 0.202006
vt 0.363692 0.194065
vt 0.418936 0.146273
vt 0.428608 0.163735
vt 0.436560 0.182083
vt 0.442716 0.201139
vt 0.447015 0.220720
vt 0.449417 0.240638
vt 0.449899 0.260701
vt 0.448455 0.280716
vt 0.445100 0.300489
vt 0.439867 0.319832
vt 0.432804 0.338556
vt 0.423982 0.356482
vt 0.413483 0.373437
vt 0.401410 0.389259
vt 0.387880 0.403794
vt 0.973166 0.530291
vt 0.973166 0.538677
vt 0.962913 0.538677
vt 0.962913 0.530291
vt 0.900395 0.790314
vt 0.900395 0.780049
vt 0.910649 0.780049
vt 0.910649 0.790314
vt 0.894770 0.747360
vt 0.894770 0.758236
vt 0.884517 0.758236
vt 0.884517 0.747360
vt 0.973166 0.547419
vt 0.962913 0.547419
vt 0.900395 0.769574
vt 0.910649 0.769574
vt 0.894770 0.768963
vt 0.884517 0.768963
vt 0.973166 0.556496
vt 0.962913 0.556496
vt 0.900395 0.758912
vt 0.910649 0.758912
vt 0.894770 0.779515
vt 0.884517 0.779515
vt 0.973166 0.565886
vt 0.962913 0.565886
vt 0.900395 0.748091
vt 0.910649 0.748091
vt 0.894770 0.789866
vt 0.884517 0.789866
vt 0.973166 0.575567
vt 0.962913 0.575567
vt 0.900395 0.737137
vt 0.910649 0.737137
vt 0.894770 0.799990
vt 0.884517 0.799990
vt 0.973166 0.585516
vt 0.962913 0.585516
vt 0.900395 0.726074
vt 0.910649 0.726074
vt 0.894770 0.809865
vt 0.884517 0.809865
vt 0.973166 0.595708
vt 0.962913 0.595708
vt 0.900395 0.714931
vt 0.910649 0.714931
vt 0.894770 0.819465
vt 0.884517 0.819465
vt 0.973166 0.606118
vt 0.962913 0.606118
vt 0.900395 0.703734
vt 0.910649 0.703734
vt 0.894770 0.828768
vt 0.884517 0.828768
vt 0.973166 0.616723
vt 0.962913 0.616723
vt 0.900395 0.692510
vt 0.910649 0.692510
vt 0.894770 0.837752
vt 0.884517 0.837752
vt 0.973166 0.627495
vt 0.962913 0.627495
vt 0.900395 0.681286
vt 0.910649 0.681286
vt 0.894770 0.846394
vt 0.884517 0.846394
vt 0.973166 0.638410
vt 0.962913 0.638410
vt 0.900395 0.670090
vt 0.910649 0.670090
vt 0.894770 0.854675
vt 0.884517 0.854675
vt 0.973166 0.649441
vt 0.962913 0.649441
vt 0.900395 0.658947
vt 0.910649 0.658947
vt 0.894770 0.862573
vt 0.884517 0.862573
vt 0.973166 0.660561
vt 0.962913 0.660561
vt 0.900395 0.647885
vt 0.910649 0.647885
vt 0.947034 0.530773
vt 0.947034 0.538972
vt 0.936781 0.538972
vt 0.936781 0.530773
vt 0.973166 0.671744
vt 0.962913 0.671744
vt 0.900395 0.636931
vt 0.910649 0.636931
vt 0.947034 0.547538
vt 0.936781 0.547538
vt 0.973166 0.682962
vt 0.962913 0.682962
vt 0.900395 0.626111
vt 0.910649 0.626111
vt 0.947034 0.556450
vt 0.936781 0.556450
vt 0.973166 0.694189
vt 0.962913 0.694189
vt 0.900395 0.615451
vt 0.910649 0.615451
vt 0.947034 0.565686
vt 0.936781 0.565686
vt 0.973166 0.705397
vt 0.962913 0.705397
vt 0.900395 0.604976
vt 0.910649 0.604976
vt 0.947034 0.575224
vt 0.936781 0.575224
vt 0.973166 0.716560
vt 0.962913 0.716560
vt 0.900395 0.594713
vt 0.910649 0.594713
vt 0.947034 0.585041
vt 0.936781 0.585041
vt 0.973166 0.727651
vt 0.962913 0.727651
vt 0.900395 0.584685
vt 0.910649 0.584685
vt 0.947034 0.595114
vt 0.936781 0.595114
vt 0.973166 0.738642
vt 0.962913 0.738642
vt 0.900395 0.574917
vt 0.910649 0.574917
vt 0.947034 0.605418
vt 0.936781 0.605418
vt 0.973166 0.749508
vt 0.962913 0.749508
vt 0.900395 0.556254
vt 0.900395 0.547404
vt 0.910649 0.547404
vt 0.910649 0.556254
vt 0.947034 0.615928
vt 0.936781 0.615928
vt 0.973166 0.760223
vt 0.962913 0.760223
vt 0.947034 0.626620
vt 0.936781 0.626620
vt 0.973166 0.770760
vt 0.962913 0.770760
vt 0.947034 0.637466
vt 0.936781 0.637466
vt 0.973166 0.781094
vt 0.962913 0.781094
vt 0.947034 0.648442
vt 0.936781 0.648442
vt 0.973166 0.791200
vt 0.962913 0.791200
vt 0.947034 0.659521
vt 0.936781 0.659521
vt 0.973166 0.801054
vt 0.962913 0.801054
vt 0.947034 0.670675
vt 0.936781 0.670675
vt 0.973166 0.810632
vt 0.962913 0.810632
vt 0.947034 0.681879
vt 0.936781 0.681879
vt 0.973166 0.819911
vt 0.962913 0.819911
vt 0.947034 0.693105
vt 0.936781 0.693105
vt 0.973166 0.828869
vt 0.962913 0.828869
vt 0.947034 0.704326
vt 0.936781 0.704326
vt 0.973166 0.837483
vt 0.962913 0.837483
vt 0.947034 0.715515
vt 0.936781 0.715515
vt 0.973166 0.845735
vt 0.962913 0.845735
vt 0.947034 0.726645
vt 0.936781 0.726645
vt 0.894770 0.531244
vt 0.894770 0.539223
vt 0.884517 0.539223
vt 0.884517 0.531244
vt 0.947034 0.737690
vt 0.936781 0.737690
vt 0.894770 0.547580
vt 0.884517 0.547580
vt 0.947034 0.748622
vt 0.936781 0.748622
vt 0.894770 0.556295
vt 0.884517 0.556295
vt 0.947034 0.759416
vt 0.936781 0.759416
vt 0.894770 0.565347
vt 0.884517 0.565347
vt 0.947034 0.770045
vt 0.936781 0.770045
vt 0.894770 0.574714
vt 0.884517 0.574714
vt 0.947034 0.780484
vt 0.936781 0.780484
vt 0.894770 0.584373
vt 0.884517 0.584373
vt 0.947034 0.790707
vt 0.936781 0.790707
vt 0.894770 0.594302
vt 0.884517 0.594302
vt 0.947034 0.800691
vt 0.936781 0.800691
vt 0.894770 0.604475
vt 0.884517 0.604475
vt 0.947034 0.810410
vt 0.936781 0.810410
vt 0.894770 0.614870
vt 0.884517 0.614870
vt 0.947034 0.819842
vt 0.936781 0.819842
vt 0.894770 0.625460
vt 0.884517 0.625460
vt 0.947034 0.828964
vt 0.936781 0.828964
vt 0.894770 0.636221
vt 0.884517 0.636221
vt 0.947034 0.837753
vt 0.936781 0.837753
vt 0.894770 0.647125
vt 0.884517 0.647125
vt 0.947034 0.846189
vt 0.936781 0.846189
vt 0.894770 0.658148
vt 0.884517 0.658148
vt 0.947034 0.854252
vt 0.936781 0.854252
vt 0.894770 0.669262
vt 0.884517 0.669262
vt 0.900395 0.854265
vt 0.900395 0.846133
vt 0.910649 0.846133
vt 0.910649 0.854265
vt 0.894770 0.680440
vt 0.884517 0.680440
vt 0.900395 0.837631
vt 0.910649 0.837631
vt 0.894770 0.691657
vt 0.884517 0.691657
vt 0.900395 0.828779
vt 0.910649 0.828779
vt 0.894770 0.702884
vt 0.884517 0.702884
vt 0.900395 0.565432
vt 0.910649 0.565432
vt 0.900395 0.819599
vt 0.910649 0.819599
vt 0.894770 0.714095
vt 0.884517 0.714095
vt 0.900395 0.810112
vt 0.910649 0.810112
vt 0.894770 0.725262
vt 0.884517 0.725262
vt 0.900395 0.538904
vt 0.910649 0.538904
vt 0.900395 0.800343
vt 0.910649 0.800343
vt 0.894770 0.736359
vt 0.884517 0.736359
vt 0.900395 0.530774
vt 0.910649 0.530774
vt 0.118876 0.427519
vt 0.110790 0.420732
vt 0.047629 0.187308
vt 0.051153 0.177234
vt 0.452371 0.187308
vt 0.455408 0.197546
vt 0.127278 0.433892
vt 0.044592 0.197546
vt 0.448847 0.177235
vt 0.135976 0.439836
vt 0.042051 0.207923
vt 0.444844 0.167351
vt 0.144949 0.445336
vt 0.040010 0.218417
vt 0.440371 0.157679
vt 0.154174 0.450379
vt 0.038475 0.228999
vt 0.435440 0.148244
vt 0.163631 0.454954
vt 0.037450 0.239646
vt 0.430062 0.139068
vt 0.173295 0.459048
vt 0.036936 0.250332
vt 0.424250 0.130172
vt 0.183145 0.462652
vt 0.036936 0.261031
vt 0.418019 0.121579
vt 0.193155 0.465758
vt 0.037449 0.271716
vt 0.411383 0.113309
vt 0.203303 0.468358
vt 0.038475 0.282364
vt 0.404358 0.105382
vt 0.213563 0.470445
vt 0.040010 0.292946
vt 0.396961 0.097817
vt 0.223910 0.472015
vt 0.042050 0.303439
vt 0.389210 0.090632
vt 0.234321 0.473063
vt 0.044592 0.313817
vt 0.381123 0.083845
vt 0.244769 0.473588
vt 0.047629 0.324055
vt 0.372721 0.077472
vt 0.255230 0.473588
vt 0.051153 0.334128
vt 0.364023 0.071528
vt 0.265678 0.473063
vt 0.055156 0.344013
vt 0.355051 0.066028
vt 0.276089 0.472015
vt 0.059629 0.353684
vt 0.345825 0.060984
vt 0.286436 0.470445
vt 0.064560 0.363120
vt 0.336369 0.056410
vt 0.296696 0.468358
vt 0.069938 0.372296
vt 0.326704 0.052316
vt 0.306843 0.465758
vt 0.075749 0.381192
vt 0.316855 0.048712
vt 0.316854 0.462653
vt 0.081981 0.389785
vt 0.306844 0.045606
vt 0.326703 0.459048
vt 0.296697 0.043006
vt 0.336368 0.454954
vt 0.286437 0.040919
vt 0.345824 0.450380
vt 0.276090 0.039349
vt 0.355050 0.445337
vt 0.265679 0.038301
vt 0.364023 0.439837
vt 0.255231 0.037776
vt 0.372721 0.433893
vt 0.244770 0.037776
vt 0.381123 0.427520
vt 0.234322 0.038301
vt 0.389209 0.420732
vt 0.223912 0.039349
vt 0.396960 0.413548
vt 0.213564 0.040919
vt 0.404357 0.405983
vt 0.203304 0.043006
vt 0.411382 0.398055
vt 0.193157 0.045606
vt 0.418019 0.389785
vt 0.183146 0.048711
vt 0.424250 0.381192
vt 0.173297 0.052315
vt 0.430062 0.372297
vt 0.163632 0.056410
vt 0.435440 0.363120
vt 0.154176 0.060984
vt 0.440371 0.353685
vt 0.144950 0.066027
vt 0.444844 0.344013
vt 0.135978 0.071527
vt 0.448847 0.334129
vt 0.127280 0.077471
vt 0.452371 0.324056
vt 0.118877 0.083844
vt 0.455408 0.313818
vt 0.110791 0.090631
vt 0.457950 0.303440
vt 0.103040 0.097816
vt 0.459990 0.292947
vt 0.095643 0.105381
vt 0.461525 0.282364
vt 0.088618 0.113308
vt 0.462551 0.271717
vt 0.081982 0.121578
vt 0.463064 0.261031
vt 0.075750 0.130171
vt 0.463064 0.250333
vt 0.069938 0.139067
vt 0.462551 0.239647
vt 0.088617 0.398054
vt 0.064560 0.148243
vt 0.461525 0.229000
vt 0.095642 0.405982
vt 0.059629 0.157679
vt 0.459990 0.218417
vt 0.103039 0.413547
vt 0.055157 0.167350
vt 0.457949 0.207924
vt 0.339491 0.049205
vt 0.349290 0.053945
vt 0.057855 0.367004
vt 0.052746 0.357228
vt 0.287754 0.478210
vt 0.277032 0.479837
vt 0.358849 0.059170
vt 0.048111 0.347206
vt 0.266245 0.480923
vt 0.368146 0.064869
vt 0.043963 0.336965
vt 0.255419 0.481467
vt 0.377158 0.071028
vt 0.040312 0.326527
vt 0.244580 0.481467
vt 0.385864 0.077632
vt 0.037165 0.315919
vt 0.233754 0.480923
vt 0.394243 0.084664
vt 0.034532 0.305166
vt 0.222967 0.479836
vt 0.402274 0.092109
vt 0.032417 0.294294
vt 0.212245 0.478210
vt 0.409938 0.099947
vt 0.030827 0.283328
vt 0.201614 0.476047
vt 0.417218 0.108161
vt 0.029764 0.272296
vt 0.191100 0.473354
vt 0.424094 0.116730
vt 0.029233 0.261224
vt 0.180728 0.470136
vt 0.430551 0.125634
vt 0.029233 0.250139
vt 0.170522 0.466401
vt 0.436572 0.134851
vt 0.029765 0.239067
vt 0.160508 0.462159
vt 0.442145 0.144360
vt 0.030827 0.228035
vt 0.150710 0.457419
vt 0.447254 0.154136
vt 0.032417 0.217069
vt 0.141151 0.452193
vt 0.451889 0.164157
vt 0.034532 0.206197
vt 0.131854 0.446494
vt 0.456036 0.174399
vt 0.037166 0.195444
vt 0.122841 0.440335
vt 0.459688 0.184836
vt 0.040312 0.184835
vt 0.114135 0.433732
vt 0.462834 0.195444
vt 0.043964 0.174398
vt 0.105756 0.426699
vt 0.465468 0.206197
vt 0.048112 0.164156
vt 0.097725 0.419255
vt 0.467583 0.217070
vt 0.052746 0.154135
vt 0.090061 0.411416
vt 0.469173 0.228035
vt 0.057856 0.144359
vt 0.082782 0.403202
vt 0.470236 0.239067
vt 0.063428 0.134851
vt 0.075906 0.394633
vt 0.470767 0.250139
vt 0.069450 0.125633
vt 0.470767 0.261225
vt 0.075907 0.116730
vt 0.470236 0.272297
vt 0.082783 0.108160
vt 0.469173 0.283329
vt 0.090062 0.099947
vt 0.467583 0.294294
vt 0.097727 0.092108
vt 0.465468 0.305167
vt 0.105758 0.084664
vt 0.462835 0.315920
vt 0.114137 0.077631
vt 0.459688 0.326528
vt 0.122843 0.071028
vt 0.456037 0.336965
vt 0.131855 0.064869
vt 0.451889 0.347207
vt 0.141152 0.059170
vt 0.447254 0.357228
vt 0.150711 0.053944
vt 0.442145 0.367005
vt 0.160510 0.049205
vt 0.436572 0.376513
vt 0.170524 0.044963
vt 0.430550 0.385730
vt 0.180729 0.041228
vt 0.424094 0.394634
vt 0.191102 0.038010
vt 0.417217 0.403203
vt 0.201616 0.035317
vt 0.409938 0.411417
vt 0.212246 0.033154
vt 0.402274 0.419256
vt 0.222968 0.031527
vt 0.394243 0.426700
vt 0.233755 0.030441
vt 0.385864 0.433733
vt 0.244581 0.029897
vt 0.377158 0.440336
vt 0.255420 0.029897
vt 0.368145 0.446495
vt 0.266246 0.030441
vt 0.358848 0.452194
vt 0.277033 0.031528
vt 0.349289 0.457420
vt 0.287755 0.033154
vt 0.339491 0.462159
vt 0.298385 0.035317
vt 0.329477 0.466401
vt 0.308900 0.038010
vt 0.319271 0.470136
vt 0.319272 0.041228
vt 0.069449 0.385730
vt 0.308899 0.473354
vt 0.329477 0.044963
vt 0.063427 0.376512
vt 0.298384 0.476047
vt 0.074792 0.395523
vt 0.068294 0.386562
vt 0.073976 0.396174
vt 0.067448 0.387171
vt 0.898983 0.565648
vt 0.898983 0.556485
vt 0.062233 0.377286
vt 0.061360 0.377852
vt 0.898983 0.575116
vt 0.056625 0.367716
vt 0.055725 0.368238
vt 0.898983 0.584868
vt 0.051483 0.357877
vt 0.050559 0.358353
vt 0.898983 0.594878
vt 0.046819 0.347792
vt 0.045874 0.348221
vt 0.898983 0.605124
vt 0.042645 0.337485
vt 0.041680 0.337866
vt 0.898983 0.615581
vt 0.038970 0.326981
vt 0.037988 0.327313
vt 0.898983 0.626223
vt 0.035803 0.316305
vt 0.034806 0.316587
vt 0.898983 0.637025
vt 0.033153 0.305483
vt 0.032144 0.305715
vt 0.898983 0.647961
vt 0.031025 0.294541
vt 0.030006 0.294722
vt 0.898983 0.659004
vt 0.029424 0.283505
vt 0.028398 0.283635
vt 0.898983 0.670128
vt 0.028355 0.272403
vt 0.027323 0.272480
vt 0.898983 0.681305
vt 0.027820 0.261260
vt 0.026786 0.261286
vt 0.898983 0.692510
vt 0.027820 0.250103
vt 0.026786 0.250077
vt 0.898983 0.703715
vt 0.028355 0.238960
vt 0.027324 0.238882
vt 0.898983 0.714893
vt 0.029424 0.227858
vt 0.028398 0.227728
vt 0.898983 0.726018
vt 0.031025 0.216822
vt 0.030006 0.216641
vt 0.898983 0.737061
vt 0.033153 0.205880
vt 0.032144 0.205648
vt 0.898983 0.747997
vt 0.035804 0.195058
vt 0.034807 0.194776
vt 0.898983 0.758800
vt 0.038970 0.184382
vt 0.037988 0.184050
vt 0.898983 0.769443
vt 0.042645 0.173878
vt 0.041680 0.173497
vt 0.898983 0.779901
vt 0.046820 0.163571
vt 0.045874 0.163142
vt 0.898983 0.790148
vt 0.051484 0.153486
vt 0.050560 0.153010
vt 0.898983 0.800160
vt 0.056626 0.143647
vt 0.055726 0.143125
vt 0.898983 0.809913
vt 0.062234 0.134077
vt 0.061360 0.133511
vt 0.898983 0.819384
vt 0.068295 0.124801
vt 0.067449 0.124192
vt 0.898983 0.828548
vt 0.074793 0.115840
vt 0.073977 0.115190
vt 0.898983 0.837385
vt 0.081713 0.107216
vt 0.080930 0.106525
vt 0.898983 0.845873
vt 0.089039 0.098950
vt 0.088289 0.098221
vt 0.898983 0.853992
vt 0.096752 0.091061
vt 0.096039 0.090295
vt 0.948447 0.845927
vt 0.948447 0.853976
vt 0.104835 0.083569
vt 0.104159 0.082768
vt 0.948447 0.837505
vt 0.113267 0.076492
vt 0.112631 0.075658
vt 0.948447 0.828730
vt 0.122029 0.069846
vt 0.121433 0.068981
vt 0.948447 0.819624
vt 0.131099 0.063648
vt 0.130545 0.062754
vt 0.948447 0.810208
vt 0.140455 0.057912
vt 0.139946 0.056992
vt 0.948447 0.800505
vt 0.150076 0.052653
vt 0.149611 0.051708
vt 0.948447 0.790538
vt 0.159937 0.047883
vt 0.159518 0.046916
vt 0.948447 0.780332
vt 0.170015 0.043614
vt 0.169643 0.042627
vt 0.948447 0.769911
vt 0.180286 0.039856
vt 0.179961 0.038851
vt 0.948447 0.759300
vt 0.190725 0.036617
vt 0.190449 0.035598
vt 0.948447 0.748524
vt 0.201306 0.033906
vt 0.201079 0.032874
vt 0.948447 0.737611
vt 0.212005 0.031730
vt 0.211828 0.030688
vt 0.948447 0.726585
vt 0.222795 0.030093
vt 0.222669 0.029043
vt 0.948447 0.715473
vt 0.233651 0.029000
vt 0.233575 0.027944
vt 0.948447 0.704303
vt 0.244546 0.028452
vt 0.244521 0.027395
vt 0.948447 0.693101
vt 0.255455 0.028452
vt 0.255480 0.027395
vt 0.948447 0.681894
vt 0.266350 0.029000
vt 0.266426 0.027945
vt 0.948447 0.670710
vt 0.277206 0.030093
vt 0.277333 0.029043
vt 0.948447 0.659574
vt 0.287996 0.031730
vt 0.288173 0.030688
vt 0.948447 0.648514
vt 0.298695 0.033907
vt 0.298922 0.032874
vt 0.948447 0.637557
vt 0.309277 0.036617
vt 0.309553 0.035598
vt 0.948447 0.626729
vt 0.319715 0.039856
vt 0.320040 0.038851
vt 0.948447 0.616055
vt 0.329986 0.043615
vt 0.330358 0.042627
vt 0.948447 0.605563
vt 0.340064 0.047884
vt 0.340483 0.046917
vt 0.948447 0.595277
vt 0.349925 0.052654
vt 0.350390 0.051709
vt 0.948447 0.585221
vt 0.359546 0.057913
vt 0.360055 0.056992
vt 0.948447 0.575420
vt 0.368902 0.063648
vt 0.369455 0.062755
vt 0.948447 0.565898
vt 0.377972 0.069847
vt 0.378568 0.068982
vt 0.948447 0.556678
vt 0.386734 0.076492
vt 0.387370 0.075658
vt 0.948447 0.547781
vt 0.395166 0.083570
vt 0.395842 0.082769
vt 0.948447 0.539230
vt 0.403249 0.091062
vt 0.403962 0.090296
vt 0.948447 0.531044
vt 0.410962 0.098951
vt 0.411711 0.098221
vt 0.896183 0.854406
vt 0.896183 0.862291
vt 0.418288 0.107217
vt 0.419071 0.106526
vt 0.896183 0.846140
vt 0.425208 0.115841
vt 0.426023 0.115190
vt 0.896183 0.837512
vt 0.431706 0.124802
vt 0.432552 0.124193
vt 0.896183 0.828544
vt 0.437766 0.134078
vt 0.438640 0.133512
vt 0.896183 0.819256
vt 0.443374 0.143647
vt 0.444274 0.143126
vt 0.896183 0.809672
vt 0.448517 0.153486
vt 0.449441 0.153011
vt 0.896183 0.799814
vt 0.453180 0.163571
vt 0.454126 0.163143
vt 0.896183 0.789707
vt 0.457355 0.173879
vt 0.458320 0.173498
vt 0.896183 0.779374
vt 0.461030 0.184383
vt 0.462012 0.184051
vt 0.896183 0.768840
vt 0.464196 0.195059
vt 0.465193 0.194777
vt 0.896183 0.758131
vt 0.466847 0.205881
vt 0.467856 0.205649
vt 0.896183 0.747273
vt 0.468975 0.216823
vt 0.469994 0.216642
vt 0.896183 0.736291
vt 0.470576 0.227858
vt 0.471602 0.227729
vt 0.896183 0.725213
vt 0.471645 0.238961
vt 0.472677 0.238883
vt 0.896183 0.714064
vt 0.472180 0.250104
vt 0.473214 0.250078
vt 0.896183 0.702872
vt 0.472180 0.261260
vt 0.473214 0.261286
vt 0.896183 0.691664
vt 0.471645 0.272403
vt 0.472677 0.272481
vt 0.896183 0.680467
vt 0.470576 0.283506
vt 0.471602 0.283635
vt 0.896183 0.669307
vt 0.468975 0.294541
vt 0.469994 0.294722
vt 0.896183 0.658212
vt 0.466847 0.305483
vt 0.467856 0.305715
vt 0.896183 0.647208
vt 0.464196 0.316305
vt 0.465194 0.316587
vt 0.896183 0.636322
vt 0.461030 0.326981
vt 0.462012 0.327313
vt 0.896183 0.625580
vt 0.457355 0.337485
vt 0.458320 0.337866
vt 0.896183 0.615008
vt 0.453180 0.347793
vt 0.454126 0.348221
vt 0.896183 0.604631
vt 0.448516 0.357878
vt 0.449441 0.358354
vt 0.896183 0.594474
vt 0.443374 0.367717
vt 0.444274 0.368238
vt 0.896183 0.584562
vt 0.437766 0.377286
vt 0.438640 0.377852
vt 0.896183 0.574920
vt 0.431706 0.386562
vt 0.432552 0.387172
vt 0.896183 0.565569
vt 0.425208 0.395523
vt 0.426023 0.396174
vt 0.896183 0.556532
vt 0.418287 0.404147
vt 0.419071 0.404838
vt 0.896183 0.547832
vt 0.410962 0.412414
vt 0.411711 0.413143
vt 0.896183 0.539489
vt 0.403248 0.420302
vt 0.403962 0.421069
vt 0.896183 0.531523
vt 0.395166 0.427794
vt 0.395841 0.428596
vt 0.974579 0.837228
vt 0.974579 0.845465
vt 0.386733 0.434872
vt 0.387370 0.435706
vt 0.974579 0.828628
vt 0.377971 0.441518
vt 0.378567 0.442383
vt 0.974579 0.819685
vt 0.368901 0.447716
vt 0.369455 0.448610
vt 0.974579 0.810422
vt 0.359545 0.453451
vt 0.360055 0.454372
vt 0.974579 0.800860
vt 0.349924 0.458711
vt 0.350390 0.459656
vt 0.974579 0.791022
vt 0.340063 0.463480
vt 0.340483 0.464448
vt 0.974579 0.780933
vt 0.329985 0.467750
vt 0.330358 0.468737
vt 0.974579 0.770617
vt 0.319714 0.471508
vt 0.320039 0.472513
vt 0.974579 0.760098
vt 0.309276 0.474747
vt 0.309552 0.475766
vt 0.974579 0.749402
vt 0.298694 0.477458
vt 0.298921 0.478490
vt 0.974579 0.738554
vt 0.287995 0.479634
vt 0.288172 0.480677
vt 0.974579 0.727581
vt 0.277205 0.481271
vt 0.277331 0.482321
vt 0.974579 0.716509
vt 0.266349 0.482364
vt 0.266425 0.483420
vt 0.974579 0.705365
vt 0.255454 0.482912
vt 0.255479 0.483970
vt 0.974579 0.694176
vt 0.244545 0.482912
vt 0.244520 0.483969
vt 0.974579 0.682968
vt 0.233650 0.482364
vt 0.233574 0.483419
vt 0.974579 0.671769
vt 0.222794 0.481271
vt 0.222667 0.482321
vt 0.974579 0.660605
vt 0.212003 0.479634
vt 0.211827 0.480676
vt 0.974579 0.649504
vt 0.201305 0.477457
vt 0.201078 0.478490
vt 0.974579 0.638492
vt 0.190723 0.474746
vt 0.190447 0.475766
vt 0.974579 0.627595
vt 0.180284 0.471508
vt 0.179960 0.472512
vt 0.974579 0.616841
vt 0.170014 0.467749
vt 0.169641 0.468736
vt 0.974579 0.606255
vt 0.159935 0.463480
vt 0.159516 0.464447
vt 0.974579 0.595861
vt 0.150074 0.458710
vt 0.149609 0.459655
vt 0.974579 0.585687
vt 0.140454 0.453451
vt 0.139944 0.454371
vt 0.974579 0.575755
vt 0.131097 0.447715
vt 0.130544 0.448609
vt 0.974579 0.566091
vt 0.122027 0.441517
vt 0.121432 0.442382
vt 0.974579 0.556716
vt 0.113266 0.434871
vt 0.112629 0.435705
vt 0.974579 0.547654
vt 0.104833 0.427794
vt 0.104158 0.428595
vt 0.974579 0.538927
vt 0.096751 0.420301
vt 0.096037 0.421068
vt 0.974579 0.530555
vt 0.089037 0.412413
vt 0.088288 0.413142
vt 0.898983 0.539164
vt 0.898983 0.531047
vt 0.081712 0.404146
vt 0.080928 0.404837
vt 0.898983 0.547650
vt 0.592605 0.116826
vt 0.596593 0.120344
vt 0.590285 0.128205
vt 0.586133 0.124892
vt 0.957299 0.271321
vt 0.952047 0.270924
vt 0.952535 0.260767
vt 0.957799 0.260899
vt 0.805440 0.460567
vt 0.804036 0.455377
vt 0.813551 0.452424
vt 0.815203 0.457538
vt 0.584361 0.136374
vt 0.580055 0.133273
vt 0.952535 0.250597
vt 0.957799 0.250465
vt 0.822914 0.448998
vt 0.824809 0.454023
vt 0.578836 0.144830
vt 0.574387 0.141949
vt 0.952047 0.240439
vt 0.957299 0.240043
vt 0.832101 0.445106
vt 0.834235 0.450030
vt 0.573724 0.153553
vt 0.569142 0.150898
vt 0.951072 0.230318
vt 0.956299 0.229659
vt 0.841090 0.440758
vt 0.843457 0.445569
vt 0.569037 0.162522
vt 0.564333 0.160100
vt 0.949613 0.220258
vt 0.954802 0.219338
vt 0.564785 0.171715
vt 0.559971 0.169533
vt 0.947673 0.210284
vt 0.952811 0.209104
vt 0.560980 0.181111
vt 0.556067 0.179173
vt 0.945257 0.200419
vt 0.950332 0.198982
vt 0.557630 0.190687
vt 0.552629 0.188997
vt 0.942370 0.190687
vt 0.947371 0.188997
vt 0.554743 0.200419
vt 0.549668 0.198982
vt 0.939020 0.181111
vt 0.943934 0.179173
vt 0.552327 0.210284
vt 0.547189 0.209104
vt 0.935215 0.171716
vt 0.940029 0.169533
vt 0.550387 0.220258
vt 0.545198 0.219337
vt 0.930963 0.162522
vt 0.935667 0.160101
vt 0.548928 0.230318
vt 0.543701 0.229659
vt 0.926276 0.153553
vt 0.930858 0.150898
vt 0.547953 0.240439
vt 0.542701 0.240043
vt 0.921164 0.144830
vt 0.925613 0.141949
vt 0.547465 0.250597
vt 0.542201 0.250464
vt 0.915639 0.136374
vt 0.919945 0.133273
vt 0.547465 0.260767
vt 0.542201 0.260899
vt 0.909716 0.128205
vt 0.913867 0.124892
vt 0.547953 0.270924
vt 0.542701 0.271321
vt 0.903407 0.120344
vt 0.907395 0.116826
vt 0.548928 0.281045
vt 0.543701 0.281705
vt 0.896729 0.112809
vt 0.900543 0.109095
vt 0.550387 0.291105
vt 0.545198 0.292026
vt 0.889698 0.105617
vt 0.893329 0.101717
vt 0.552327 0.301080
vt 0.547189 0.302260
vt 0.882330 0.098788
vt 0.885769 0.094710
vt 0.554743 0.310945
vt 0.549668 0.312381
vt 0.874643 0.092336
vt 0.877883 0.088090
vt 0.557630 0.320677
vt 0.552629 0.322366
vt 0.866656 0.086278
vt 0.869688 0.081875
vt 0.560980 0.330252
vt 0.556066 0.332191
vt 0.858388 0.080628
vt 0.861205 0.076078
vt 0.564785 0.339648
vt 0.559971 0.341831
vt 0.849859 0.075399
vt 0.852455 0.070713
vt 0.569036 0.348842
vt 0.564333 0.351263
vt 0.841089 0.070605
vt 0.843457 0.065795
vt 0.573724 0.357811
vt 0.569142 0.360465
vt 0.832100 0.066257
vt 0.834234 0.061334
vt 0.578836 0.366534
vt 0.574387 0.369415
vt 0.822913 0.062365
vt 0.824808 0.057341
vt 0.584361 0.374990
vt 0.580055 0.378091
vt 0.813550 0.058939
vt 0.815202 0.053825
vt 0.590284 0.383158
vt 0.586133 0.386472
vt 0.804035 0.055987
vt 0.805439 0.050796
vt 0.596593 0.391020
vt 0.592605 0.394538
vt 0.794389 0.053516
vt 0.795543 0.048261
vt 0.603271 0.398555
vt 0.599457 0.402269
vt 0.784636 0.051532
vt 0.785536 0.046226
vt 0.610302 0.405746
vt 0.606671 0.409647
vt 0.774800 0.050040
vt 0.775444 0.044695
vt 0.849859 0.435964
vt 0.852455 0.440650
vt 0.617670 0.412576
vt 0.614230 0.416654
vt 0.764904 0.049043
vt 0.765291 0.043672
vt 0.858388 0.430736
vt 0.861206 0.435286
vt 0.625357 0.419028
vt 0.622117 0.423274
vt 0.754972 0.048544
vt 0.755101 0.043160
vt 0.866657 0.425086
vt 0.869689 0.429489
vt 0.633344 0.425086
vt 0.630312 0.429489
vt 0.745028 0.048544
vt 0.744899 0.043160
vt 0.874644 0.419028
vt 0.877883 0.423273
vt 0.641612 0.430736
vt 0.638795 0.435286
vt 0.735096 0.049043
vt 0.734709 0.043672
vt 0.882330 0.412576
vt 0.885770 0.416654
vt 0.650141 0.435965
vt 0.647546 0.440651
vt 0.725200 0.050040
vt 0.724555 0.044695
vt 0.889698 0.405746
vt 0.893329 0.409647
vt 0.658911 0.440759
vt 0.656543 0.445569
vt 0.715364 0.051532
vt 0.714464 0.046226
vt 0.896730 0.398555
vt 0.900544 0.402269
vt 0.667900 0.445107
vt 0.665766 0.450031
vt 0.705611 0.053516
vt 0.704457 0.048261
vt 0.903408 0.391020
vt 0.907395 0.394537
vt 0.677087 0.448999
vt 0.675192 0.454024
vt 0.695965 0.055987
vt 0.694561 0.050796
vt 0.909716 0.383158
vt 0.913867 0.386472
vt 0.686450 0.452425
vt 0.684798 0.457539
vt 0.686449 0.058939
vt 0.684798 0.053825
vt 0.915639 0.374990
vt 0.919945 0.378091
vt 0.695966 0.455377
vt 0.694561 0.460568
vt 0.677087 0.062365
vt 0.675192 0.057341
vt 0.921164 0.366534
vt 0.925613 0.369415
vt 0.705611 0.457848
vt 0.704458 0.463103
vt 0.667900 0.066257
vt 0.665766 0.061334
vt 0.926276 0.357811
vt 0.930858 0.360465
vt 0.715364 0.459832
vt 0.714464 0.465139
vt 0.658911 0.070605
vt 0.656543 0.065795
vt 0.930964 0.348841
vt 0.935667 0.351263
vt 0.725201 0.461324
vt 0.724556 0.466670
vt 0.650141 0.075400
vt 0.647545 0.070713
vt 0.935215 0.339648
vt 0.940030 0.341830
vt 0.735097 0.462321
vt 0.734709 0.467692
vt 0.641612 0.080628
vt 0.638795 0.076078
vt 0.939021 0.330252
vt 0.943934 0.332190
vt 0.745029 0.462820
vt 0.744899 0.468204
vt 0.633344 0.086278
vt 0.630312 0.081875
vt 0.942371 0.320677
vt 0.947371 0.322366
vt 0.754973 0.462820
vt 0.755102 0.468204
vt 0.625357 0.092336
vt 0.622117 0.088090
vt 0.945257 0.310945
vt 0.950332 0.312381
vt 0.764904 0.462321
vt 0.765292 0.467692
vt 0.617670 0.098788
vt 0.614230 0.094710
vt 0.947673 0.301080
vt 0.952811 0.302260
vt 0.774801 0.461324
vt 0.775445 0.466669
vt 0.610302 0.105618
vt 0.606671 0.101717
vt 0.949613 0.291105
vt 0.954802 0.292026
vt 0.784637 0.459832
vt 0.785537 0.465138
vt 0.603271 0.112809
vt 0.599457 0.109095
vt 0.951072 0.281045
vt 0.956299 0.281705
vt 0.794390 0.457848
vt 0.795544 0.463103
vt 0.210447 0.839021
vt 0.210447 0.849423
vt 0.209542 0.849423
vt 0.209542 0.839021
vt 0.136430 0.836189
vt 0.136430 0.868868
vt 0.135525 0.868868
vt 0.135525 0.836189
vt 0.781592 0.836382
vt 0.781592 0.906195
vt 0.780687 0.906195
vt 0.780687 0.866081
vt 0.780687 0.836382
vt 0.123249 0.836569
vt 0.123249 0.875576
vt 0.122344 0.875576
vt 0.122344 0.836569
vt 0.652510 0.906890
vt 0.652510 0.988933
vt 0.651605 0.988933
vt 0.651605 0.947291
vt 0.651605 0.906890
vt 0.115138 0.836757
vt 0.115138 0.856482
vt 0.114232 0.856482
vt 0.114232 0.836757
vt 0.249991 0.837984
vt 0.249991 0.841270
vt 0.249086 0.841270
vt 0.249086 0.837984
vt 0.258102 0.838114
vt 0.258102 0.839930
vt 0.257197 0.839930
vt 0.257197 0.838114
vt 0.214503 0.839716
vt 0.214503 0.848472
vt 0.213598 0.848472
vt 0.213598 0.839716
vt 0.194333 0.854168
vt 0.194333 0.848316
vt 0.195238 0.848316
vt 0.195239 0.854168
vt 0.977047 0.590886
vt 0.977047 0.586622
vt 0.977953 0.586622
vt 0.977953 0.590886
vt 0.074657 0.693059
vt 0.065117 0.715808
vt 0.053310 0.695895
vt 0.048236 0.686823
vt 0.039775 0.670684
vt 0.035145 0.661361
vt 0.028954 0.648177
vt 0.025155 0.638508
vt 0.019031 0.619391
vt 0.016798 0.609261
vt 0.014219 0.588564
vt 0.014777 0.578358
vt 0.018004 0.564781
vt 0.022281 0.555607
vt 0.027955 0.548000
vt 0.035453 0.541314
vt 0.045561 0.535466
vt 0.033287 0.529112
vt 0.066377 0.530031
vt 0.082755 0.532679
vt 0.098870 0.540496
vt 0.088891 0.546688
vt 0.088791 0.540614
vt 0.074615 0.538696
vt 0.061180 0.544091
vt 0.076648 0.556955
vt 0.051699 0.546973
vt 0.039477 0.560701
vt 0.035656 0.568440
vt 0.032918 0.582500
vt 0.032905 0.591294
vt 0.037078 0.613068
vt 0.039669 0.621537
vt 0.047330 0.639413
vt 0.051116 0.647418
vt 0.065080 0.674321
vt 0.069121 0.682182
vt 0.100037 0.882169
vt 0.100942 0.882169
vt 0.100942 0.890421
vt 0.100037 0.890421
vt 0.128319 0.874747
vt 0.127413 0.874747
vt 0.127413 0.863584
vt 0.128319 0.863584
vt 0.251114 0.834682
vt 0.252019 0.834682
vt 0.252019 0.837805
vt 0.251114 0.837805
vt 0.783620 0.839421
vt 0.782715 0.839421
vt 0.782715 0.836249
vt 0.783620 0.836249
vt 0.104093 0.877173
vt 0.104093 0.858722
vt 0.104998 0.858722
vt 0.104998 0.877173
vt 0.251114 0.840057
vt 0.252019 0.840057
vt 0.252019 0.842237
vt 0.251114 0.842237
vt 0.239852 0.844386
vt 0.238946 0.844386
vt 0.238946 0.834803
vt 0.239852 0.834803
vt 0.150625 0.835864
vt 0.150625 0.846590
vt 0.149720 0.846590
vt 0.149720 0.835864
vt 0.206500 0.837867
vt 0.207406 0.837867
vt 0.207406 0.841639
vt 0.206500 0.841639
vt 0.086856 0.888373
vt 0.086856 0.872610
vt 0.087761 0.872610
vt 0.087761 0.888373
vt 0.086856 0.903231
vt 0.087761 0.903231
vt 0.206500 0.846456
vt 0.207406 0.846456
vt 0.207406 0.849594
vt 0.206500 0.849594
vt 0.220587 0.835000
vt 0.220587 0.847854
vt 0.219681 0.847854
vt 0.219681 0.835000
vt 0.206500 0.835098
vt 0.207406 0.835098
vt 0.254155 0.840872
vt 0.254155 0.834604
vt 0.255061 0.834604
vt 0.255061 0.840872
vt 0.163915 0.835609
vt 0.164820 0.835609
vt 0.164820 0.846005
vt 0.163915 0.846005
vt 0.152653 0.849726
vt 0.152653 0.862813
vt 0.151748 0.862813
vt 0.151748 0.849726
vt 0.781519 0.695906
vt 0.763849 0.713216
vt 0.752889 0.715274
vt 0.743510 0.719134
vt 0.738386 0.722597
vt 0.731654 0.730184
vt 0.729309 0.734716
vt 0.724875 0.744161
vt 0.720356 0.754839
vt 0.714986 0.763728
vt 0.709774 0.770076
vt 0.709995 0.760943
vt 0.710969 0.752981
vt 0.714532 0.737003
vt 0.717220 0.729503
vt 0.719809 0.724396
vt 0.724440 0.718031
vt 0.732005 0.710531
vt 0.735297 0.708049
vt 0.746225 0.701929
vt 0.749653 0.699449
vt 0.751859 0.697428
vt 0.751445 0.694690
vt 0.748631 0.693392
vt 0.744682 0.693483
vt 0.739275 0.696282
vt 0.735703 0.698539
vt 0.725466 0.706306
vt 0.730314 0.698991
vt 0.733439 0.694769
vt 0.740312 0.686436
vt 0.729612 0.692188
vt 0.724521 0.694121
vt 0.716543 0.696007
vt 0.711150 0.696452
vt 0.702433 0.695864
vt 0.705788 0.694898
vt 0.711057 0.693154
vt 0.717420 0.690765
vt 0.722212 0.687971
vt 0.733100 0.678883
vt 0.721912 0.677940
vt 0.710408 0.676565
vt 0.701076 0.675118
vt 0.690474 0.671149
vt 0.677316 0.662873
vt 0.694128 0.665799
vt 0.705676 0.666294
vt 0.716375 0.665365
vt 0.727653 0.662810
vt 0.741657 0.657563
vt 0.728236 0.655478
vt 0.716919 0.653057
vt 0.715871 0.652770
vt 0.705358 0.648183
vt 0.698380 0.643858
vt 0.688943 0.637053
vt 0.681189 0.630598
vt 0.672845 0.622453
vt 0.664043 0.612391
vt 0.667781 0.614636
vt 0.674650 0.618877
vt 0.682109 0.623610
vt 0.689218 0.627445
vt 0.708673 0.636225
vt 0.716314 0.638741
vt 0.735692 0.642909
vt 0.743680 0.643644
vt 0.749059 0.643491
vt 0.745994 0.640919
vt 0.738752 0.634821
vt 0.726967 0.624861
vt 0.720341 0.618172
vt 0.711225 0.607184
vt 0.706762 0.599037
vt 0.703455 0.588758
vt 0.702507 0.579518
vt 0.704499 0.560840
vt 0.708755 0.572483
vt 0.713043 0.580980
vt 0.718039 0.589649
vt 0.722012 0.595809
vt 0.727233 0.603079
vt 0.741513 0.620695
vt 0.757932 0.637589
vt 0.753916 0.618359
vt 0.751988 0.608971
vt 0.750015 0.599186
vt 0.749428 0.589761
vt 0.750140 0.580233
vt 0.752473 0.571179
vt 0.755811 0.563909
vt 0.760629 0.555790
vt 0.767103 0.547113
vt 0.773203 0.539878
vt 0.784791 0.527685
vt 0.782360 0.534631
vt 0.778292 0.547696
vt 0.774862 0.560225
vt 0.772314 0.573669
vt 0.770436 0.591076
vt 0.771075 0.604660
vt 0.774205 0.619981
vt 0.777937 0.633136
vt 0.785299 0.653221
vt 0.766013 0.667424
vt 0.762814 0.670424
vt 0.758786 0.675212
vt 0.757192 0.679216
vt 0.756925 0.683609
vt 0.757480 0.687991
vt 0.760454 0.697185
vt 0.773871 0.696019
vt 0.152653 0.835846
vt 0.151748 0.835846
vt 0.164820 0.850820
vt 0.163915 0.850820
vt 0.197266 0.835315
vt 0.197266 0.853427
vt 0.196361 0.853427
vt 0.196361 0.835315
vt 0.783620 0.869255
vt 0.782715 0.869255
vt 0.782715 0.861296
vt 0.783620 0.861296
vt 0.120207 0.851939
vt 0.120207 0.875843
vt 0.119302 0.875843
vt 0.119302 0.851939
vt 0.783620 0.893722
vt 0.782715 0.893722
vt 0.782715 0.885688
vt 0.783620 0.885688
vt 0.120207 0.836584
vt 0.119302 0.836584
vt 0.086856 0.838134
vt 0.087761 0.838134
vt 0.782715 0.855693
vt 0.783620 0.855693
vt 0.125386 0.871220
vt 0.125386 0.862156
vt 0.126291 0.862156
vt 0.126291 0.871220
vt 0.782715 0.848420
vt 0.783620 0.848420
vt 0.977047 0.757610
vt 0.977047 0.749686
vt 0.977953 0.749686
vt 0.977953 0.757610
vt 0.100037 0.850891
vt 0.100942 0.850891
vt 0.100942 0.860996
vt 0.100037 0.860996
vt 0.150625 0.855668
vt 0.149720 0.855668
vt 0.190169 0.845353
vt 0.189264 0.845353
vt 0.189264 0.839555
vt 0.190169 0.839555
vt 0.977047 0.737224
vt 0.977047 0.727382
vt 0.977953 0.727382
vt 0.977953 0.737224
vt 0.131361 0.873648
vt 0.130455 0.873648
vt 0.130455 0.865575
vt 0.131361 0.865575
vt 0.150625 0.863135
vt 0.149720 0.863135
vt 0.232754 0.846199
vt 0.231849 0.846199
vt 0.231849 0.834906
vt 0.232754 0.834906
vt 0.977047 0.706599
vt 0.977047 0.696179
vt 0.977953 0.696179
vt 0.977953 0.706599
vt 0.776631 0.892860
vt 0.777536 0.892860
vt 0.777536 0.901890
vt 0.776631 0.901890
vt 0.131361 0.853072
vt 0.130455 0.853072
vt 0.130455 0.847683
vt 0.131361 0.847683
vt 0.977047 0.676086
vt 0.977047 0.665742
vt 0.977953 0.665742
vt 0.977953 0.676086
vt 0.130455 0.860782
vt 0.131361 0.860782
vt 0.190169 0.855419
vt 0.189264 0.855419
vt 0.189264 0.850221
vt 0.190169 0.850221
vt 0.977047 0.651408
vt 0.977047 0.641213
vt 0.977953 0.641213
vt 0.977953 0.651408
vt 0.164820 0.858628
vt 0.163915 0.858628
vt 0.977047 0.623464
vt 0.977047 0.613396
vt 0.977953 0.613396
vt 0.977953 0.623464
vt 0.189264 0.835428
vt 0.190169 0.835428
vt 0.653686 0.933837
vt 0.653686 0.922173
vt 0.654591 0.922173
vt 0.654591 0.933837
vt 0.094859 0.898023
vt 0.093953 0.898023
vt 0.093953 0.887594
vt 0.094859 0.887594
vt 0.130455 0.836459
vt 0.131361 0.836459
vt 0.653686 0.816491
vt 0.653686 0.803749
vt 0.654591 0.803749
vt 0.654591 0.816491
vt 0.645413 0.870323
vt 0.644507 0.870323
vt 0.644507 0.850116
vt 0.645413 0.850116
vt 0.977047 0.569523
vt 0.977047 0.559135
vt 0.977953 0.559135
vt 0.977953 0.569523
vt 0.094859 0.866074
vt 0.093953 0.866074
vt 0.093953 0.854597
vt 0.094859 0.854597
vt 0.977047 0.576345
vt 0.977953 0.576345
vt 0.093953 0.875767
vt 0.094859 0.875767
vt 0.977047 0.547733
vt 0.977047 0.537983
vt 0.977953 0.537983
vt 0.977953 0.547733
vt 0.089897 0.838046
vt 0.090803 0.838046
vt 0.090803 0.857516
vt 0.089897 0.857516
vt 0.238838 0.845260
vt 0.237932 0.845260
vt 0.237932 0.834853
vt 0.238838 0.834853
vt 0.977047 0.532603
vt 0.977047 0.525302
vt 0.977953 0.525302
vt 0.977953 0.532603
vt 0.089897 0.879531
vt 0.090803 0.879531
vt 0.090803 0.890186
vt 0.089897 0.890186
vt 0.090803 0.869102
vt 0.089897 0.869102
vt 0.125386 0.851837
vt 0.126291 0.851837
vt 0.776631 0.837426
vt 0.777536 0.837426
vt 0.777536 0.849739
vt 0.776631 0.849739
vt 0.653686 0.940095
vt 0.654591 0.940095
vt 0.093953 0.837839
vt 0.094859 0.837839
vt 0.653686 0.966218
vt 0.653686 0.948857
vt 0.654591 0.948857
vt 0.654591 0.966218
vt 0.653686 0.883793
vt 0.653686 0.875066
vt 0.654591 0.875066
vt 0.654591 0.883793
vt 0.776631 0.862731
vt 0.777536 0.862731
vt 0.777536 0.874210
vt 0.776631 0.874210
vt 0.653686 0.913500
vt 0.654591 0.913500
vt 0.777536 0.861584
vt 0.776631 0.861584
vt 0.653686 0.855788
vt 0.653686 0.846964
vt 0.654591 0.846964
vt 0.654591 0.855788
vt 0.776631 0.882074
vt 0.777536 0.882074
vt 0.653686 0.824895
vt 0.654591 0.824895
vt 0.777536 0.911832
vt 0.776631 0.911832
vt 0.654591 0.865573
vt 0.653686 0.797394
vt 0.654591 0.797394
vt 0.645413 0.930576
vt 0.644507 0.930576
vt 0.644507 0.923900
vt 0.645413 0.923900
vt 0.090803 0.901681
vt 0.089897 0.901681
vt 0.101956 0.837390
vt 0.101956 0.847672
vt 0.101051 0.847672
vt 0.101051 0.837390
vt 0.639015 0.918668
vt 0.639921 0.918668
vt 0.639921 0.928565
vt 0.639015 0.928565
vt 0.155695 0.852521
vt 0.155695 0.861571
vt 0.154790 0.861571
vt 0.154790 0.852521
vt 0.645413 0.907653
vt 0.644507 0.907653
vt 0.644507 0.899751
vt 0.645413 0.899751
vt 0.155695 0.843929
vt 0.155695 0.848186
vt 0.154790 0.848186
vt 0.154790 0.843929
vt 0.644507 0.916117
vt 0.645413 0.916117
vt 0.645413 0.878455
vt 0.644507 0.878455
vt 0.653686 0.975076
vt 0.654591 0.975076
vt 0.233877 0.846153
vt 0.233877 0.834903
vt 0.234782 0.834903
vt 0.234782 0.846153
vt 0.644507 0.842030
vt 0.645413 0.842030
vt 0.650483 0.945869
vt 0.650483 0.966744
vt 0.649577 0.966744
vt 0.649577 0.945869
vt 0.147584 0.842314
vt 0.147584 0.847918
vt 0.146678 0.847918
vt 0.146678 0.842314
vt 0.111082 0.880850
vt 0.110176 0.880850
vt 0.110176 0.878235
vt 0.111082 0.878235
vt 0.155695 0.840177
vt 0.154790 0.840177
vt 0.777536 0.924631
vt 0.776631 0.924631
vt 0.160765 0.856552
vt 0.160765 0.859979
vt 0.159859 0.859979
vt 0.159859 0.856552
vt 0.111190 0.836852
vt 0.112096 0.836852
vt 0.112096 0.843626
vt 0.111190 0.843626
vt 0.111082 0.856082
vt 0.110176 0.856082
vt 0.110176 0.848137
vt 0.111082 0.848137
vt 0.155695 0.835776
vt 0.154790 0.835776
vt 0.110176 0.869812
vt 0.111082 0.869812
vt 0.160765 0.835686
vt 0.159859 0.835686
vt 0.107026 0.882807
vt 0.106121 0.882807
vt 0.106121 0.875734
vt 0.107026 0.875734
vt 0.144650 0.864702
vt 0.144650 0.856613
vt 0.145556 0.856613
vt 0.145556 0.864702
vt 0.144650 0.841673
vt 0.144650 0.838106
vt 0.145556 0.838106
vt 0.145556 0.841673
vt 0.107026 0.866317
vt 0.106121 0.866317
vt 0.106121 0.857400
vt 0.107026 0.857400
vt 0.144650 0.853100
vt 0.145556 0.853100
vt 0.110176 0.836867
vt 0.111082 0.836867
vt 0.263172 0.834367
vt 0.263172 0.836687
vt 0.262267 0.836687
vt 0.262267 0.834367
vt 0.141500 0.868609
vt 0.140595 0.868609
vt 0.140595 0.856537
vt 0.141500 0.856537
vt 0.644507 0.837762
vt 0.645413 0.837762
vt 0.147584 0.838461
vt 0.146678 0.838461
vt 0.141500 0.849024
vt 0.140595 0.849024
vt 0.140595 0.841464
vt 0.141500 0.841464
vt 0.144650 0.835953
vt 0.145556 0.835953
vt 0.639015 0.839028
vt 0.639921 0.839028
vt 0.639921 0.855726
vt 0.639015 0.855726
vt 0.147584 0.851683
vt 0.146678 0.851683
vt 0.106121 0.836978
vt 0.107026 0.836978
vt 0.147584 0.835949
vt 0.146678 0.835949
vt 0.112096 0.861687
vt 0.111190 0.861687
vt 0.192305 0.854976
vt 0.192305 0.845988
vt 0.193211 0.845988
vt 0.193211 0.854976
vt 0.639015 0.873672
vt 0.639921 0.873672
vt 0.639921 0.882819
vt 0.639015 0.882819
vt 0.125386 0.843339
vt 0.125386 0.836565
vt 0.126291 0.836565
vt 0.126291 0.843339
vt 0.639921 0.864498
vt 0.639015 0.864498
vt 0.192305 0.841900
vt 0.193211 0.841900
vt 0.639015 0.892353
vt 0.639921 0.892353
vt 0.639921 0.901779
vt 0.639015 0.901779
vt 0.101956 0.871458
vt 0.101956 0.878872
vt 0.101051 0.878872
vt 0.101051 0.871458
vt 0.101956 0.855620
vt 0.101051 0.855620
vt 0.639015 0.909658
vt 0.639921 0.909658
vt 0.101956 0.883903
vt 0.101051 0.883903
vt 0.639921 0.936965
vt 0.639015 0.936965
vt 0.101956 0.890096
vt 0.101051 0.890096
vt 0.653577 0.968752
vt 0.652672 0.968752
vt 0.652672 0.959640
vt 0.653577 0.959640
vt 0.134511 0.858427
vt 0.134511 0.851865
vt 0.135416 0.851865
vt 0.135416 0.858427
vt 0.118288 0.876562
vt 0.118288 0.867122
vt 0.119193 0.867122
vt 0.119193 0.876562
vt 0.147584 0.864624
vt 0.146678 0.864624
vt 0.653577 0.888865
vt 0.652672 0.888865
vt 0.652672 0.874442
vt 0.653577 0.874442
vt 0.095873 0.888815
vt 0.095873 0.896320
vt 0.094967 0.896320
vt 0.094967 0.888815
vt 0.140595 0.836174
vt 0.141500 0.836174
vt 0.118288 0.853427
vt 0.118288 0.847835
vt 0.119193 0.847835
vt 0.119193 0.853427
vt 0.112096 0.880578
vt 0.111190 0.880578
vt 0.118288 0.861749
vt 0.119193 0.861749
vt 0.100037 0.872365
vt 0.100942 0.872365
vt 0.134511 0.869613
vt 0.134511 0.863869
vt 0.135416 0.863869
vt 0.135416 0.869613
vt 0.653577 0.933108
vt 0.652672 0.933108
vt 0.652672 0.919447
vt 0.653577 0.919447
vt 0.192305 0.835403
vt 0.193211 0.835403
vt 0.652672 0.946045
vt 0.653577 0.946045
vt 0.653577 0.902032
vt 0.652672 0.902032
vt 0.134511 0.846911
vt 0.135416 0.846911
vt 0.652672 0.862245
vt 0.653577 0.862245
vt 0.098914 0.837633
vt 0.098914 0.848006
vt 0.098009 0.848006
vt 0.098009 0.837633
vt 0.118288 0.836624
vt 0.119193 0.836625
vt 0.639921 0.952945
vt 0.639015 0.952945
vt 0.792154 0.891756
vt 0.792154 0.911340
vt 0.791249 0.911340
vt 0.791249 0.891756
vt 0.100037 0.846050
vt 0.100942 0.846050
vt 0.098914 0.869140
vt 0.098914 0.879769
vt 0.098009 0.879769
vt 0.098009 0.869140
vt 0.098914 0.859667
vt 0.098009 0.859667
vt 0.171918 0.856989
vt 0.171013 0.856989
vt 0.171013 0.844137
vt 0.171918 0.844137
vt 0.786771 0.902468
vt 0.786771 0.883404
vt 0.787676 0.883404
vt 0.787676 0.902468
vt 0.171013 0.835517
vt 0.171918 0.835517
vt 0.134511 0.836231
vt 0.135416 0.836231
vt 0.636988 0.918529
vt 0.637893 0.918529
vt 0.637893 0.933153
vt 0.636988 0.933153
vt 0.786771 0.860756
vt 0.786771 0.849177
vt 0.787676 0.849177
vt 0.787676 0.860756
vt 0.786771 0.871675
vt 0.787676 0.871675
vt 0.095873 0.837743
vt 0.095873 0.849776
vt 0.094967 0.849776
vt 0.094967 0.837743
vt 0.098914 0.894374
vt 0.098009 0.894374
vt 0.095873 0.862273
vt 0.095873 0.872747
vt 0.094967 0.872747
vt 0.094967 0.862273
vt 0.095873 0.861185
vt 0.094967 0.861185
vt 0.095873 0.879615
vt 0.094967 0.879615
vt 0.179016 0.835490
vt 0.179016 0.844039
vt 0.178110 0.844039
vt 0.178110 0.835490
vt 0.083099 0.849358
vt 0.063241 0.849358
vt 0.063241 0.845460
vt 0.063948 0.844877
vt 0.065856 0.845301
vt 0.067813 0.848328
vt 0.075084 0.848294
vt 0.076479 0.845120
vt 0.069410 0.836904
vt 0.080172 0.841543
vt 0.082020 0.841572
vt 0.083137 0.842738
vt 0.225765 0.847373
vt 0.225765 0.834972
vt 0.226670 0.834972
vt 0.226670 0.847373
vt 0.792154 0.837380
vt 0.792154 0.843275
vt 0.791249 0.843275
vt 0.791249 0.837380
vt 0.786771 0.836171
vt 0.787676 0.836171
vt 0.734101 0.792397
vt 0.734101 0.891340
vt 0.722187 0.891522
vt 0.726706 0.884317
vt 0.728526 0.878986
vt 0.729357 0.870621
vt 0.729636 0.864908
vt 0.729577 0.816180
vt 0.728319 0.810677
vt 0.724007 0.801730
vt 0.725074 0.797993
vt 0.640935 0.918491
vt 0.640935 0.926881
vt 0.640029 0.926881
vt 0.640029 0.918491
vt 0.792154 0.857534
vt 0.792154 0.864613
vt 0.791249 0.864613
vt 0.791249 0.857534
vt 0.205486 0.849631
vt 0.205486 0.843612
vt 0.206392 0.843612
vt 0.206392 0.849631
vt 0.792154 0.850120
vt 0.791249 0.850120
vt 0.236810 0.834891
vt 0.236810 0.837026
vt 0.235904 0.837026
vt 0.235904 0.834891
vt 0.792154 0.884094
vt 0.791249 0.884094
vt 0.226779 0.847211
vt 0.226779 0.834963
vt 0.227684 0.834963
vt 0.227684 0.847211
vt 0.085842 0.903309
vt 0.085842 0.894073
vt 0.086747 0.894073
vt 0.086747 0.903309
vt 0.792154 0.919424
vt 0.791249 0.919424
vt 0.104093 0.854957
vt 0.104093 0.837364
vt 0.104998 0.837364
vt 0.104998 0.854957
vt 0.020653 0.860011
vt 0.037014 0.838596
vt 0.037014 0.889998
vt 0.022208 0.880633
vt 0.184194 0.855993
vt 0.184194 0.853823
vt 0.185099 0.853823
vt 0.185099 0.855993
vt 0.132375 0.853089
vt 0.132375 0.871029
vt 0.131469 0.871029
vt 0.131469 0.853089
vt 0.179016 0.856514
vt 0.178110 0.856514
vt 0.132375 0.836311
vt 0.132375 0.836507
vt 0.131469 0.836311
vt 0.791140 0.874811
vt 0.791140 0.882444
vt 0.790235 0.882444
vt 0.790235 0.874811
vt 0.115138 0.878910
vt 0.114232 0.878910
vt 0.785648 0.836215
vt 0.785648 0.843233
vt 0.784743 0.843233
vt 0.784743 0.836215
vt 0.184194 0.846838
vt 0.185099 0.846838
vt 0.788207 0.858588
vt 0.788207 0.836856
vt 0.789112 0.836856
vt 0.789112 0.858588
vt 0.785648 0.854681
vt 0.785648 0.863098
vt 0.784743 0.863098
vt 0.784743 0.854681
vt 0.652510 0.841065
vt 0.651605 0.841065
vt 0.184194 0.835460
vt 0.185099 0.835460
vt 0.788207 0.878557
vt 0.789112 0.878557
vt 0.785648 0.873600
vt 0.785648 0.882961
vt 0.784743 0.882961
vt 0.784743 0.873600
vt 0.788207 0.914572
vt 0.789112 0.914572
vt 0.791140 0.837058
vt 0.791140 0.850602
vt 0.790235 0.850602
vt 0.790235 0.837058
vt 0.711444 0.799466
vt 0.702886 0.953750
vt 0.689454 0.939679
vt 0.694327 0.892253
vt 0.792154 0.923824
vt 0.791249 0.923824
vt 0.780863 0.828823
vt 0.777828 0.807001
vt 0.790977 0.789586
vt 0.790977 0.817726
vt 0.791140 0.859372
vt 0.791140 0.868381
vt 0.790235 0.868381
vt 0.790235 0.859372
vt 0.117166 0.849297
vt 0.117166 0.878709
vt 0.116260 0.878709
vt 0.116260 0.849297
vt 0.640935 0.837947
vt 0.640935 0.855993
vt 0.640029 0.855993
vt 0.640029 0.837947
vt 0.117166 0.836746
vt 0.116260 0.836746
vt 0.785648 0.903245
vt 0.784743 0.903245
vt 0.791140 0.901084
vt 0.790235 0.901084
vt 0.264186 0.834320
vt 0.264186 0.835850
vt 0.263281 0.835850
vt 0.263281 0.834320
vt 0.640935 0.875359
vt 0.640935 0.884858
vt 0.640029 0.884858
vt 0.640029 0.875359
vt 0.261144 0.834402
vt 0.261144 0.837294
vt 0.260239 0.837294
vt 0.260239 0.834402
vt 0.640935 0.865463
vt 0.640029 0.865463
vt 0.230726 0.834944
vt 0.230726 0.846874
vt 0.229821 0.846874
vt 0.229821 0.834944
vt 0.640935 0.894406
vt 0.640935 0.903412
vt 0.640029 0.903412
vt 0.640029 0.894406
vt 0.199294 0.835233
vt 0.199294 0.848441
vt 0.198389 0.848441
vt 0.198389 0.835233
vt 0.220695 0.836938
vt 0.220695 0.834985
vt 0.221601 0.834985
vt 0.221601 0.836938
vt 0.640935 0.910570
vt 0.640029 0.910570
vt 0.199294 0.850038
vt 0.198389 0.850038
vt 0.220695 0.847591
vt 0.220695 0.842240
vt 0.221601 0.842240
vt 0.221601 0.847591
vt 0.640935 0.933841
vt 0.640029 0.933841
vt 0.199294 0.851980
vt 0.198389 0.851980
vt 0.083137 0.855979
vt 0.082020 0.857145
vt 0.080172 0.857174
vt 0.069410 0.861813
vt 0.076479 0.853598
vt 0.075084 0.850423
vt 0.067813 0.850389
vt 0.065856 0.853417
vt 0.063948 0.853840
vt 0.063241 0.853257
vt 0.650483 0.839809
vt 0.650483 0.848238
vt 0.649577 0.848238
vt 0.649577 0.839809
vt 0.236810 0.840398
vt 0.235904 0.840398
vt 0.247963 0.834714
vt 0.247963 0.837345
vt 0.247058 0.837345
vt 0.247058 0.834714
vt 0.267228 0.834307
vt 0.267228 0.835622
vt 0.266323 0.835622
vt 0.266323 0.834307
vt 0.650483 0.917023
vt 0.650483 0.932495
vt 0.649577 0.932495
vt 0.649577 0.917023
vt 0.247963 0.842812
vt 0.247058 0.842812
vt 0.249991 0.842543
vt 0.249086 0.842543
vt 0.791140 0.918136
vt 0.790235 0.918136
vt 0.249991 0.834699
vt 0.249086 0.834699
vt 0.650483 0.873148
vt 0.650483 0.886326
vt 0.649577 0.886326
vt 0.649577 0.873148
vt 0.650483 0.860941
vt 0.649577 0.860941
vt 0.236810 0.845931
vt 0.235904 0.845931
vt 0.650483 0.903493
vt 0.649577 0.903493
vt 0.184085 0.845972
vt 0.184085 0.856241
vt 0.183180 0.856241
vt 0.183180 0.845972
vt 0.085842 0.888788
vt 0.086747 0.888788
vt 0.091817 0.847881
vt 0.091817 0.852906
vt 0.090911 0.852906
vt 0.090911 0.847881
vt 0.203350 0.846212
vt 0.203350 0.849639
vt 0.202445 0.849639
vt 0.202445 0.846212
vt 0.211570 0.848760
vt 0.211570 0.835051
vt 0.212475 0.835051
vt 0.212475 0.848760
vt 0.091817 0.891044
vt 0.091817 0.895323
vt 0.090911 0.895323
vt 0.090911 0.891044
vt 0.125386 0.875510
vt 0.126291 0.875510
vt 0.091817 0.838025
vt 0.090911 0.838025
vt 0.214503 0.835034
vt 0.213598 0.835034
vt 0.653686 0.988532
vt 0.654591 0.988532
vt 0.866847 0.521704
vt 0.866273 0.549189
vt 0.855434 0.559529
vt 0.849303 0.565833
vt 0.836362 0.580178
vt 0.831212 0.587320
vt 0.820324 0.606513
vt 0.817533 0.614830
vt 0.815639 0.629035
vt 0.816784 0.637625
vt 0.823961 0.654679
vt 0.850729 0.653562
vt 0.832005 0.660565
vt 0.842985 0.670145
vt 0.856998 0.673060
vt 0.859029 0.667351
vt 0.866488 0.676532
vt 0.848762 0.678548
vt 0.832435 0.675589
vt 0.800860 0.665423
vt 0.814489 0.663510
vt 0.806799 0.654610
vt 0.801841 0.645789
vt 0.798904 0.636706
vt 0.797784 0.626607
vt 0.799063 0.612696
vt 0.801790 0.602862
vt 0.810827 0.584156
vt 0.816167 0.575324
vt 0.828051 0.559294
vt 0.834726 0.551421
vt 0.844781 0.541022
vt 0.852121 0.533762
vt 0.743128 0.797993
vt 0.744195 0.801730
vt 0.739882 0.810677
vt 0.738624 0.816180
vt 0.738565 0.864908
vt 0.738845 0.870621
vt 0.739676 0.878986
vt 0.741495 0.884317
vt 0.746014 0.891522
vt 0.108040 0.881398
vt 0.107135 0.881398
vt 0.107135 0.867839
vt 0.108040 0.867839
vt 0.203350 0.835100
vt 0.202445 0.835100
vt 0.201431 0.835171
vt 0.202336 0.835171
vt 0.202336 0.850885
vt 0.201431 0.850885
vt 0.091817 0.901301
vt 0.090911 0.901301
vt 0.215626 0.835031
vt 0.216531 0.835031
vt 0.216531 0.848413
vt 0.215626 0.848413
vt 0.085842 0.881651
vt 0.086747 0.881651
vt 0.256075 0.840270
vt 0.255169 0.840270
vt 0.255169 0.834570
vt 0.256075 0.834570
vt 0.085842 0.876936
vt 0.086747 0.876936
vt 0.157723 0.847017
vt 0.156818 0.847017
vt 0.156818 0.835734
vt 0.157723 0.835734
vt 0.085842 0.838138
vt 0.086747 0.838138
vt 0.157723 0.860838
vt 0.156818 0.860838
vt 0.217545 0.835021
vt 0.217545 0.839263
vt 0.216640 0.839263
vt 0.216640 0.835021
vt 0.181043 0.856325
vt 0.180138 0.856325
vt 0.180138 0.835479
vt 0.181043 0.835479
vt 0.217545 0.848233
vt 0.216640 0.848233
vt 0.166957 0.835591
vt 0.167862 0.835591
vt 0.167862 0.858308
vt 0.166957 0.858308
vt 0.210447 0.835088
vt 0.209542 0.835088
vt 0.158737 0.853043
vt 0.157832 0.853043
vt 0.157832 0.835697
vt 0.158737 0.835697
vt 0.107135 0.836898
vt 0.108040 0.836898
vt 0.580326 0.863569
vt 0.603084 0.841673
vt 0.606241 0.846721
vt 0.609625 0.848374
vt 0.616684 0.847572
vt 0.619839 0.845322
vt 0.624632 0.835518
vt 0.625570 0.831404
vt 0.625430 0.804382
vt 0.624477 0.800268
vt 0.622049 0.795250
vt 0.625917 0.797511
vt 0.628880 0.800222
vt 0.632063 0.804687
vt 0.633273 0.808405
vt 0.633302 0.810858
vt 0.632289 0.814693
vt 0.630845 0.817157
vt 0.629845 0.821213
vt 0.630921 0.844998
vt 0.629897 0.848758
vt 0.620210 0.863569
vt 0.643385 0.848337
vt 0.642480 0.848337
vt 0.642480 0.837667
vt 0.643385 0.837667
vt 0.187127 0.852207
vt 0.187127 0.855471
vt 0.186222 0.855471
vt 0.186222 0.852207
vt 0.128319 0.844791
vt 0.127413 0.844791
vt 0.127413 0.836522
vt 0.128319 0.836522
vt 0.125277 0.836565
vt 0.125277 0.840134
vt 0.124372 0.840134
vt 0.124372 0.836565
vt 0.127413 0.853582
vt 0.128319 0.853582
vt 0.205486 0.840098
vt 0.206392 0.840098
vt 0.636988 0.850051
vt 0.637893 0.850051
vt 0.637893 0.858808
vt 0.636988 0.858808
vt 0.125277 0.850721
vt 0.125277 0.854459
vt 0.124372 0.854459
vt 0.124372 0.850721
vt 0.205486 0.835100
vt 0.206392 0.835100
vt 0.636988 0.878305
vt 0.637893 0.878305
vt 0.637893 0.888333
vt 0.636988 0.888333
vt 0.244921 0.834788
vt 0.244921 0.837974
vt 0.244016 0.837974
vt 0.244016 0.834788
vt 0.636988 0.839640
vt 0.637893 0.839640
vt 0.636988 0.908152
vt 0.637893 0.908152
vt 0.629897 0.878381
vt 0.630921 0.882140
vt 0.629845 0.905926
vt 0.630845 0.909982
vt 0.632289 0.912446
vt 0.633302 0.916280
vt 0.633273 0.918734
vt 0.632063 0.922452
vt 0.628880 0.926917
vt 0.625917 0.929628
vt 0.622049 0.931889
vt 0.624477 0.926870
vt 0.625430 0.922756
vt 0.625570 0.895734
vt 0.624632 0.891621
vt 0.619839 0.881817
vt 0.616684 0.879567
vt 0.609625 0.878765
vt 0.606241 0.880418
vt 0.603084 0.885466
vt 0.138458 0.836179
vt 0.138458 0.868689
vt 0.137553 0.868689
vt 0.137553 0.836179
vt 0.637893 0.943616
vt 0.636988 0.943616
vt 0.125277 0.875514
vt 0.124372 0.875514
vt 0.194333 0.838744
vt 0.194333 0.835357
vt 0.195239 0.835357
vt 0.195238 0.838744
vt 0.178002 0.856529
vt 0.177096 0.856529
vt 0.177096 0.835490
vt 0.178002 0.835490
vt 0.194333 0.844173
vt 0.195238 0.844173
vt 0.161887 0.846349
vt 0.162793 0.846349
vt 0.162793 0.854974
vt 0.161887 0.854974
vt 0.104093 0.887586
vt 0.104093 0.883785
vt 0.104998 0.883785
vt 0.104998 0.887586
vt 0.172932 0.856785
vt 0.172027 0.856785
vt 0.172027 0.835505
vt 0.172932 0.835505
vt 0.100037 0.837409
vt 0.100942 0.837409
vt 0.104093 0.880929
vt 0.104998 0.880929
vt 0.161887 0.835653
vt 0.162793 0.835653
vt 0.104093 0.889633
vt 0.104998 0.889633
vt 0.162793 0.859403
vt 0.161887 0.859403
vt 0.643385 0.913588
vt 0.642480 0.913588
vt 0.642480 0.904737
vt 0.643385 0.904737
vt 0.187127 0.835431
vt 0.186222 0.835431
vt 0.174055 0.840912
vt 0.174055 0.835491
vt 0.174960 0.835491
vt 0.174960 0.840912
vt 0.643385 0.885376
vt 0.642480 0.885376
vt 0.642480 0.876767
vt 0.643385 0.876767
vt 0.191183 0.835414
vt 0.191183 0.855177
vt 0.190277 0.855177
vt 0.190277 0.835414
vt 0.643385 0.928897
vt 0.642480 0.928897
vt 0.245935 0.834780
vt 0.245935 0.838010
vt 0.245030 0.838010
vt 0.245030 0.834780
vt 0.643385 0.855861
vt 0.642480 0.855861
vt 0.245935 0.840696
vt 0.245030 0.840696
vt 0.642480 0.895203
vt 0.245935 0.843983
vt 0.245030 0.843983
vt 0.158737 0.860181
vt 0.157832 0.860181
vt 0.174055 0.856536
vt 0.174055 0.854452
vt 0.174960 0.854452
vt 0.174960 0.856536
vt 0.174055 0.850610
vt 0.174960 0.850610
vt 0.637893 0.963746
vt 0.636988 0.963746
vt 0.174055 0.844978
vt 0.174960 0.844978
vt 0.653577 0.804436
vt 0.652672 0.804436
vt 0.652672 0.796274
vt 0.653577 0.796274
vt 0.653577 0.812829
vt 0.652672 0.812829
vt 0.652672 0.808565
vt 0.653577 0.808565
vt 0.142514 0.842856
vt 0.142514 0.846607
vt 0.141609 0.846607
vt 0.141609 0.842856
vt 0.652672 0.843645
vt 0.653577 0.843645
vt 0.142514 0.836131
vt 0.141609 0.836131
vt 0.240974 0.841149
vt 0.240974 0.834800
vt 0.241879 0.834800
vt 0.241879 0.841149
vt 0.653577 0.816937
vt 0.652672 0.816937
vt 0.142514 0.867840
vt 0.141609 0.867840
vt 0.653577 0.825839
vt 0.652672 0.825839
vt 0.652672 0.822324
vt 0.653577 0.822324
vt 0.169890 0.835587
vt 0.169890 0.838759
vt 0.168985 0.838759
vt 0.168985 0.835587
vt 0.169890 0.848446
vt 0.168985 0.848446
vt 0.169890 0.852172
vt 0.168985 0.852172
vt 0.169890 0.858229
vt 0.168985 0.858229
vt 0.240974 0.844335
vt 0.241879 0.844335
vt 0.066096 0.844941
vt 0.068024 0.847924
vt 0.067977 0.835849
vt 0.080254 0.841141
vt 0.068024 0.850793
vt 0.066096 0.853776
vt 0.080254 0.857576
vt 0.067977 0.862868
vt 0.076015 0.845191
vt 0.074829 0.847892
vt 0.074829 0.850825
vt 0.076015 0.853526
vt 0.083532 0.842575
vt 0.083493 0.849358
vt 0.082188 0.841171
vt 0.083532 0.856142
vt 0.082188 0.857546
vt 0.063848 0.844442
vt 0.062847 0.845268
vt 0.062847 0.849358
vt 0.062847 0.853449
vt 0.063848 0.854275
vt 0.258102 0.834551
vt 0.257197 0.834551
vt 0.734101 0.891743
vt 0.721459 0.891936
vt 0.746742 0.891936
vt 0.724738 0.797729
vt 0.734101 0.791926
vt 0.723586 0.801768
vt 0.727946 0.810814
vt 0.729183 0.816227
vt 0.729242 0.864898
vt 0.728964 0.870591
vt 0.728138 0.878898
vt 0.726350 0.884139
vt 0.743463 0.797729
vt 0.741852 0.884139
vt 0.740063 0.878898
vt 0.739238 0.870591
vt 0.738959 0.864898
vt 0.739018 0.816227
vt 0.740256 0.810814
vt 0.744616 0.801768
vt 0.184085 0.835474
vt 0.183180 0.835474
vt 0.813707 0.663213
vt 0.799067 0.665268
vt 0.832341 0.675982
vt 0.848749 0.678955
vt 0.867258 0.676850
vt 0.858894 0.666554
vt 0.856744 0.672596
vt 0.843163 0.669771
vt 0.832774 0.660706
vt 0.853234 0.653054
vt 0.824216 0.654265
vt 0.806477 0.654847
vt 0.801480 0.645955
vt 0.798517 0.636793
vt 0.797388 0.626611
vt 0.798674 0.612621
vt 0.801420 0.602717
vt 0.810482 0.583960
vt 0.815841 0.575096
vt 0.827745 0.559040
vt 0.834436 0.551147
vt 0.844504 0.540736
vt 0.851860 0.533459
vt 0.867258 0.520850
vt 0.866663 0.549368
vt 0.855708 0.559818
vt 0.849587 0.566112
vt 0.836666 0.580435
vt 0.831542 0.587541
vt 0.820685 0.606681
vt 0.817918 0.614924
vt 0.816037 0.629035
vt 0.817167 0.637516
vt 0.224642 0.847410
vt 0.223737 0.847410
vt 0.223737 0.834974
vt 0.224642 0.834974
vt 0.044727 0.535486
vt 0.031542 0.528660
vt 0.066413 0.529629
vt 0.082873 0.532290
vt 0.099699 0.540452
vt 0.088509 0.547397
vt 0.088403 0.540968
vt 0.074664 0.539109
vt 0.061953 0.544214
vt 0.078855 0.558271
vt 0.051808 0.547449
vt 0.035224 0.540983
vt 0.027666 0.547723
vt 0.021943 0.555396
vt 0.017630 0.564645
vt 0.014386 0.578299
vt 0.013824 0.588578
vt 0.016410 0.609331
vt 0.018650 0.619499
vt 0.024784 0.638646
vt 0.028594 0.648340
vt 0.034791 0.661539
vt 0.039426 0.670871
vt 0.047891 0.687017
vt 0.052963 0.696107
vt 0.064921 0.716275
vt 0.067329 0.720173
vt 0.066895 0.720169
vt 0.071490 0.729530
vt 0.071127 0.729687
vt 0.073970 0.735966
vt 0.073594 0.736091
vt 0.076506 0.746078
vt 0.076118 0.746154
vt 0.077933 0.757528
vt 0.077537 0.757539
vt 0.077183 0.767839
vt 0.076793 0.767769
vt 0.075512 0.773883
vt 0.075147 0.773725
vt 0.070487 0.782746
vt 0.070171 0.782500
vt 0.066976 0.786407
vt 0.066700 0.786119
vt 0.059522 0.793594
vt 0.059257 0.793296
vt 0.069470 0.681995
vt 0.074857 0.692581
vt 0.065428 0.674132
vt 0.051468 0.647236
vt 0.047688 0.639245
vt 0.040039 0.621396
vt 0.037461 0.612969
vt 0.033299 0.591255
vt 0.033312 0.582540
vt 0.036032 0.568572
vt 0.039805 0.560932
vt 0.092490 0.744666
vt 0.089504 0.731237
vt 0.089885 0.731134
vt 0.092806 0.744267
vt 0.087002 0.722783
vt 0.087375 0.722652
vt 0.080936 0.706506
vt 0.081300 0.706352
vt 0.077393 0.698437
vt 0.077748 0.698261
vt 0.125909 0.707112
vt 0.118530 0.730217
vt 0.118162 0.730069
vt 0.125628 0.706694
vt 0.116705 0.734245
vt 0.116358 0.734053
vt 0.113468 0.739623
vt 0.113166 0.739356
vt 0.110220 0.742391
vt 0.110017 0.742039
vt 0.106209 0.743985
vt 0.106101 0.743595
vt 0.101958 0.744774
vt 0.101924 0.744371
vt 0.088689 0.776440
vt 0.090003 0.772478
vt 0.090385 0.772582
vt 0.089054 0.776595
vt 0.092388 0.759971
vt 0.092771 0.760071
vt 0.093658 0.755879
vt 0.094027 0.756023
vt 0.094872 0.753115
vt 0.095144 0.753480
vt 0.097548 0.752688
vt 0.097398 0.753120
vt 0.099611 0.755036
vt 0.099258 0.755237
vt 0.100725 0.758912
vt 0.100322 0.758938
vt 0.099759 0.765030
vt 0.099373 0.764949
vt 0.098740 0.769197
vt 0.098362 0.769082
vt 0.094610 0.781529
vt 0.093486 0.783641
vt 0.039961 0.816175
vt 0.048403 0.813188
vt 0.048550 0.813563
vt 0.039026 0.816932
vt 0.055525 0.809823
vt 0.055708 0.810180
vt 0.069330 0.801501
vt 0.069551 0.801835
vt 0.075502 0.796605
vt 0.075763 0.796908
vt 0.079473 0.792533
vt 0.079775 0.792794
vt 0.083999 0.786088
vt 0.084337 0.786296
vt 0.099955 0.774585
vt 0.100271 0.774826
vt 0.102939 0.770258
vt 0.103267 0.770482
vt 0.108617 0.761032
vt 0.107877 0.762991
vt 0.106505 0.773204
vt 0.106113 0.773159
vt 0.106249 0.778752
vt 0.105854 0.778759
vt 0.106914 0.787099
vt 0.106524 0.787162
vt 0.108136 0.792490
vt 0.107758 0.792609
vt 0.111329 0.800805
vt 0.111801 0.803136
vt 0.111211 0.797243
vt 0.111605 0.797237
vt 0.111237 0.791579
vt 0.111631 0.791589
vt 0.111531 0.784654
vt 0.111923 0.784705
vt 0.112680 0.779136
vt 0.113058 0.779253
vt 0.117843 0.765767
vt 0.117851 0.766845
vt 0.122117 0.776384
vt 0.121755 0.776544
vt 0.126889 0.787178
vt 0.126532 0.787349
vt 0.131069 0.795832
vt 0.130733 0.796047
vt 0.137985 0.804959
vt 0.137697 0.805238
vt 0.149689 0.815269
vt 0.150972 0.816932
vt 0.141860 0.799775
vt 0.142222 0.799613
vt 0.137894 0.788671
vt 0.138273 0.788557
vt 0.135513 0.777963
vt 0.135903 0.777900
vt 0.134470 0.766197
vt 0.134865 0.766188
vt 0.135108 0.750959
vt 0.135436 0.752546
vt 0.141124 0.763404
vt 0.140776 0.763593
vt 0.146815 0.773698
vt 0.146477 0.773906
vt 0.147400 0.774632
vt 0.147083 0.774874
vt 0.154864 0.783485
vt 0.154584 0.783770
vt 0.161012 0.788972
vt 0.160763 0.789285
vt 0.170215 0.796104
vt 0.169988 0.796433
vt 0.178582 0.801701
vt 0.178380 0.802047
vt 0.188703 0.807360
vt 0.188528 0.807721
vt 0.200748 0.812883
vt 0.202889 0.814306
vt 0.197523 0.809922
vt 0.197784 0.809620
vt 0.191487 0.804515
vt 0.191745 0.804210
vt 0.184814 0.798682
vt 0.185080 0.798385
vt 0.179084 0.792919
vt 0.179370 0.792642
vt 0.164999 0.776625
vt 0.165307 0.776373
vt 0.160336 0.769943
vt 0.160669 0.769726
vt 0.150572 0.752323
vt 0.150926 0.752145
vt 0.147463 0.744763
vt 0.147835 0.744628
vt 0.145973 0.739474
vt 0.146643 0.740399
vt 0.149299 0.741681
vt 0.149085 0.742019
vt 0.157178 0.746887
vt 0.156965 0.747226
vt 0.170034 0.755349
vt 0.169835 0.755698
vt 0.178277 0.759776
vt 0.178109 0.760141
vt 0.191281 0.765324
vt 0.191164 0.765711
vt 0.200226 0.767201
vt 0.200184 0.767604
vt 0.210805 0.767304
vt 0.210844 0.767707
vt 0.219702 0.765424
vt 0.219823 0.765809
vt 0.236499 0.757814
vt 0.238175 0.757495
vt 0.224360 0.757200
vt 0.224402 0.756799
vt 0.215142 0.755600
vt 0.215219 0.755205
vt 0.169500 0.739909
vt 0.148778 0.729036
vt 0.150150 0.729303
vt 0.169664 0.739542
vt 0.167913 0.727114
vt 0.167952 0.727515
vt 0.177244 0.726143
vt 0.177285 0.726544
vt 0.186960 0.725097
vt 0.187028 0.725495
vt 0.195919 0.722808
vt 0.196041 0.723193
vt 0.204579 0.719223
vt 0.204760 0.719583
vt 0.212307 0.714202
vt 0.212548 0.714522
vt 0.218067 0.708742
vt 0.218350 0.709023
vt 0.224169 0.701583
vt 0.224480 0.701832
vt 0.230287 0.692641
vt 0.230617 0.692862
vt 0.235177 0.684501
vt 0.235519 0.684701
vt 0.243020 0.669508
vt 0.244224 0.668061
vt 0.190247 0.748479
vt 0.190384 0.748101
vt 0.205549 0.753362
vt 0.205647 0.752971
vt 0.198605 0.751360
vt 0.198721 0.750975
vt 0.237286 0.673984
vt 0.237053 0.673660
vt 0.226348 0.681915
vt 0.226126 0.681582
vt 0.215717 0.689059
vt 0.215514 0.688713
vt 0.203966 0.695622
vt 0.203791 0.695261
vt 0.188317 0.702736
vt 0.188186 0.702354
vt 0.175468 0.706236
vt 0.175397 0.705838
vt 0.160244 0.707835
vt 0.160219 0.707432
vt 0.146855 0.708191
vt 0.146860 0.707787
vt 0.050945 0.801239
vt 0.050665 0.800954
vt 0.044294 0.809169
vt 0.043976 0.808929
vt 0.603160 0.886093
vt 0.579751 0.863569
vt 0.603160 0.841046
vt 0.606512 0.880732
vt 0.609693 0.879178
vt 0.616541 0.879956
vt 0.619532 0.882089
vt 0.624259 0.891759
vt 0.625176 0.895780
vt 0.625036 0.922708
vt 0.624104 0.926733
vt 0.621123 0.932894
vt 0.626149 0.929957
vt 0.629174 0.927189
vt 0.632418 0.922638
vt 0.633666 0.918801
vt 0.633696 0.916229
vt 0.632655 0.912287
vt 0.631212 0.909826
vt 0.630241 0.905885
vt 0.631317 0.882095
vt 0.630260 0.878210
vt 0.620684 0.863569
vt 0.630260 0.848929
vt 0.631317 0.845044
vt 0.630241 0.821254
vt 0.631212 0.817313
vt 0.632655 0.814852
vt 0.633696 0.810909
vt 0.633666 0.808337
vt 0.632418 0.804500
vt 0.629174 0.799950
vt 0.626149 0.797182
vt 0.621123 0.794245
vt 0.624104 0.800406
vt 0.625036 0.804431
vt 0.625176 0.831359
vt 0.624259 0.835380
vt 0.619532 0.845050
vt 0.616541 0.847183
vt 0.609693 0.847961
vt 0.606512 0.846407
vt 0.244921 0.844121
vt 0.244016 0.844121
vt 0.020248 0.859886
vt 0.037408 0.837426
vt 0.037408 0.890721
vt 0.021830 0.880868
vt 0.020267 0.860131
vt 0.780589 0.829715
vt 0.777414 0.806889
vt 0.791371 0.788404
vt 0.791371 0.817885
vt 0.148706 0.863891
vt 0.148706 0.835907
vt 0.149612 0.835907
vt 0.149612 0.863891
vt 0.702856 0.954291
vt 0.689043 0.939821
vt 0.693936 0.892194
vt 0.711621 0.796335
vt 0.717799 0.968848
vt 0.718193 0.969818
vt 0.717799 0.890600
vt 0.718193 0.890586
vt 0.764037 0.713591
vt 0.752999 0.715663
vt 0.743694 0.719493
vt 0.738644 0.722905
vt 0.731979 0.730417
vt 0.729661 0.734897
vt 0.725233 0.744328
vt 0.760730 0.696756
vt 0.773852 0.695616
vt 0.782515 0.695488
vt 0.785774 0.653368
vt 0.766262 0.667737
vt 0.763097 0.670705
vt 0.759126 0.675424
vt 0.757582 0.679307
vt 0.757321 0.683596
vt 0.757866 0.687901
vt 0.731750 0.710223
vt 0.735085 0.707708
vt 0.746016 0.701587
vt 0.749407 0.699133
vt 0.751437 0.697273
vt 0.751089 0.694968
vt 0.748551 0.693797
vt 0.744780 0.693884
vt 0.739468 0.696634
vt 0.735924 0.698873
vt 0.723840 0.708042
vt 0.709353 0.771217
vt 0.709601 0.760913
vt 0.710580 0.752911
vt 0.714153 0.736889
vt 0.716859 0.729340
vt 0.719474 0.724182
vt 0.724143 0.717764
vt 0.729993 0.698756
vt 0.733132 0.694517
vt 0.738711 0.687752
vt 0.729773 0.692557
vt 0.724635 0.694508
vt 0.716603 0.696406
vt 0.711153 0.696856
vt 0.700119 0.696112
vt 0.705674 0.694512
vt 0.710928 0.692773
vt 0.717253 0.690399
vt 0.721988 0.687638
vt 0.732094 0.679202
vt 0.721872 0.678341
vt 0.710356 0.676965
vt 0.700978 0.675511
vt 0.690301 0.671514
vt 0.675378 0.662127
vt 0.694169 0.665397
vt 0.705668 0.665890
vt 0.716316 0.664966
vt 0.727542 0.662423
vt 0.740078 0.657726
vt 0.728166 0.655875
vt 0.716828 0.653449
vt 0.715742 0.653152
vt 0.705178 0.648542
vt 0.698164 0.644195
vt 0.688704 0.637375
vt 0.680928 0.630901
vt 0.672561 0.622734
vt 0.662068 0.610738
vt 0.667983 0.614290
vt 0.674856 0.618533
vt 0.682305 0.623260
vt 0.689389 0.627082
vt 0.708814 0.635848
vt 0.716415 0.638350
vt 0.735751 0.642509
vt 0.743692 0.643240
vt 0.747994 0.643118
vt 0.745744 0.641230
vt 0.738501 0.635132
vt 0.726702 0.625160
vt 0.720052 0.618447
vt 0.710900 0.607415
vt 0.706399 0.599200
vt 0.703068 0.588843
vt 0.702111 0.579517
vt 0.704287 0.559110
vt 0.709115 0.572320
vt 0.713388 0.580785
vt 0.741805 0.620424
vt 0.757267 0.636333
vt 0.753530 0.618443
vt 0.751603 0.609053
vt 0.749623 0.599240
vt 0.749033 0.589758
vt 0.749749 0.580166
vt 0.752101 0.571041
vt 0.755463 0.563718
vt 0.760303 0.555562
vt 0.766797 0.546859
vt 0.772912 0.539606
vt 0.785774 0.526073
vt 0.727543 0.602831
vt 0.718374 0.589435
vt 0.722335 0.595578
vt 0.782734 0.534760
vt 0.778669 0.547812
vt 0.775246 0.560318
vt 0.772704 0.573729
vt 0.770831 0.591089
vt 0.771467 0.604609
vt 0.774588 0.619884
vt 0.778311 0.633009
vt 0.720706 0.755026
vt 0.715306 0.763964
vt 0.783620 0.903853
vt 0.782715 0.903853
vt 0.821965 0.446482
vt 0.803332 0.452778
vt 0.784186 0.457175
vt 0.764710 0.459632
vt 0.745093 0.460124
vt 0.725523 0.458648
vt 0.706189 0.455217
vt 0.687277 0.449864
vt 0.668969 0.442641
vt 0.713141 0.415052
vt 0.747890 0.411905
vt 0.764159 0.408220
vt 0.780466 0.399021
vt 0.768882 0.392789
vt 0.769161 0.399213
vt 0.755558 0.401927
vt 0.742566 0.397626
vt 0.758596 0.382539
vt 0.732247 0.395031
vt 0.719460 0.382324
vt 0.715238 0.374934
vt 0.711688 0.361162
vt 0.711154 0.352465
vt 0.714010 0.330531
vt 0.716080 0.321959
vt 0.719413 0.312674
vt 0.747969 0.300788
vt 0.755538 0.273355
vt 0.759852 0.275700
vt 0.750706 0.307212
vt 0.756896 0.307864
vt 0.759683 0.310071
vt 0.762082 0.316676
vt 0.761564 0.320367
vt 0.755244 0.329034
vt 0.752144 0.331679
vt 0.728563 0.343658
vt 0.724629 0.344617
vt 0.717907 0.344664
vt 0.722732 0.347935
vt 0.726510 0.349453
vt 0.731943 0.350371
vt 0.735855 0.349786
vt 0.738115 0.348657
vt 0.741090 0.345933
vt 0.742591 0.343509
vt 0.745596 0.340850
vt 0.766858 0.331137
vt 0.769775 0.328424
vt 0.778257 0.313094
vt 0.781063 0.318796
vt 0.775252 0.328285
vt 0.775998 0.332422
vt 0.783869 0.338497
vt 0.787354 0.342764
vt 0.808803 0.386210
vt 0.811057 0.391423
vt 0.813972 0.399223
vt 0.814678 0.404727
vt 0.813738 0.413940
vt 0.824945 0.407955
vt 0.826912 0.411952
vt 0.820969 0.414966
vt 0.820348 0.416825
vt 0.821191 0.418605
vt 0.822089 0.432200
vt 0.826634 0.420657
vt 0.829527 0.420526
vt 0.832614 0.426728
vt 0.830876 0.429830
vt 0.831451 0.432109
vt 0.832622 0.432652
vt 0.836195 0.430813
vt 0.839904 0.438350
vt 0.660096 0.073014
vt 0.678036 0.064882
vt 0.696668 0.058586
vt 0.715815 0.054189
vt 0.735290 0.051732
vt 0.754907 0.051240
vt 0.774477 0.052716
vt 0.793811 0.056147
vt 0.812724 0.061500
vt 0.831032 0.068723
vt 0.848559 0.077746
vt 0.865138 0.088483
vt 0.880608 0.100830
vt 0.894820 0.114668
vt 0.907637 0.129865
vt 0.918936 0.146273
vt 0.928608 0.163735
vt 0.905711 0.173727
vt 0.886896 0.166576
vt 0.877820 0.165243
vt 0.867187 0.166013
vt 0.858297 0.168465
vt 0.845599 0.174841
vt 0.837607 0.179794
vt 0.825266 0.189054
vt 0.817712 0.194744
vt 0.815372 0.196513
vt 0.816309 0.192218
vt 0.818945 0.184522
vt 0.827619 0.166365
vt 0.831851 0.159440
vt 0.844915 0.142323
vt 0.850272 0.136233
vt 0.856575 0.130002
vt 0.862280 0.124225
vt 0.867095 0.119229
vt 0.853154 0.126699
vt 0.843365 0.132997
vt 0.835324 0.139125
vt 0.826544 0.146837
vt 0.820706 0.152728
vt 0.813751 0.162076
vt 0.813204 0.163080
vt 0.808130 0.173730
vt 0.803460 0.185090
vt 0.802074 0.171509
vt 0.802411 0.159754
vt 0.804139 0.148969
vt 0.807420 0.137687
vt 0.815119 0.119853
vt 0.802568 0.132355
vt 0.796166 0.141964
vt 0.792493 0.150908
vt 0.788370 0.161992
vt 0.785053 0.171917
vt 0.779528 0.159832
vt 0.778069 0.154461
vt 0.777366 0.147608
vt 0.777002 0.141972
vt 0.776845 0.136072
vt 0.773439 0.146832
vt 0.772533 0.152346
vt 0.772367 0.160775
vt 0.772959 0.166348
vt 0.775328 0.176387
vt 0.770279 0.169199
vt 0.767029 0.165050
vt 0.759730 0.156676
vt 0.765467 0.170902
vt 0.766723 0.174965
vt 0.768030 0.180905
vt 0.767189 0.184665
vt 0.765458 0.186896
vt 0.763187 0.186677
vt 0.761921 0.184209
vt 0.760424 0.180246
vt 0.757296 0.167908
vt 0.755727 0.163986
vt 0.750439 0.154597
vt 0.745497 0.148397
vt 0.741247 0.144541
vt 0.734753 0.140012
vt 0.720437 0.132548
vt 0.713090 0.129619
vt 0.703382 0.126852
vt 0.687665 0.115425
vt 0.661411 0.075687
vt 0.651441 0.433618
vt 0.634862 0.422881
vt 0.619392 0.410534
vt 0.605180 0.396696
vt 0.592363 0.381499
vt 0.581064 0.365091
vt 0.571392 0.347629
vt 0.592880 0.334773
vt 0.602265 0.324441
vt 0.609370 0.318280
vt 0.617202 0.312225
vt 0.623154 0.308089
vt 0.630671 0.303414
vt 0.650412 0.292706
vt 0.670635 0.284023
vt 0.660514 0.299108
vt 0.655234 0.307038
vt 0.649747 0.315339
vt 0.645668 0.323875
vt 0.642757 0.333023
vt 0.641531 0.342376
vt 0.641911 0.350457
vt 0.643347 0.359883
vt 0.646109 0.370460
vt 0.649060 0.379550
vt 0.655909 0.397074
vt 0.656335 0.387858
vt 0.657440 0.374206
vt 0.658934 0.361310
vt 0.661581 0.347920
vt 0.666318 0.331140
vt 0.671943 0.318888
vt 0.680520 0.305982
vt 0.688853 0.295298
vt 0.703338 0.279383
vt 0.690652 0.258494
vt 0.688832 0.254517
vt 0.686919 0.248606
vt 0.686938 0.244414
vt 0.688294 0.240348
vt 0.690402 0.236579
vt 0.696350 0.229509
vt 0.708057 0.235676
vt 0.716019 0.239171
vt 0.732127 0.244909
vt 0.740467 0.247336
vt 0.746579 0.248730
vt 0.746307 0.254547
vt 0.728241 0.251459
vt 0.722648 0.303665
vt 0.725943 0.295453
vt 0.732145 0.281506
vt 0.722008 0.254933
vt 0.712511 0.272614
vt 0.708443 0.282219
vt 0.703046 0.295781
vt 0.699823 0.305694
vt 0.694845 0.325190
vt 0.693216 0.335478
vt 0.691875 0.356354
vt 0.693050 0.366579
vt 0.697105 0.380004
vt 0.701963 0.388966
vt 0.708133 0.396267
vt 0.716080 0.402522
vt 0.725893 0.407415
vt 0.936560 0.182082
vt 0.942716 0.201138
vt 0.947015 0.220719
vt 0.949417 0.240637
vt 0.949899 0.260700
vt 0.948455 0.280715
vt 0.945101 0.300488
vt 0.897119 0.320340
vt 0.883525 0.326266
vt 0.885528 0.315290
vt 0.885350 0.305036
vt 0.883292 0.295618
vt 0.879147 0.286289
vt 0.871019 0.274961
vt 0.863688 0.267905
vt 0.846495 0.256570
vt 0.837444 0.251779
vt 0.819168 0.244255
vt 0.809463 0.240997
vt 0.795596 0.237352
vt 0.785630 0.234972
vt 0.768100 0.231205
vt 0.758033 0.229325
vt 0.735245 0.225702
vt 0.730964 0.217004
vt 0.751834 0.222621
vt 0.713137 0.153980
vt 0.708801 0.134530
vt 0.715954 0.142072
vt 0.724988 0.149179
vt 0.732846 0.155877
vt 0.736526 0.159272
vt 0.742017 0.167720
vt 0.744016 0.173562
vt 0.745371 0.183726
vt 0.744635 0.195179
vt 0.757276 0.217932
vt 0.759274 0.209310
vt 0.761404 0.196019
vt 0.770500 0.195345
vt 0.774715 0.195858
vt 0.778717 0.197166
vt 0.782020 0.199648
vt 0.785522 0.204741
vt 0.787562 0.208605
vt 0.796411 0.231469
vt 0.817538 0.229051
vt 0.830892 0.228570
vt 0.846137 0.229212
vt 0.859111 0.231890
vt 0.875111 0.237995
vt 0.887204 0.243797
vt 0.898222 0.250252
vt 0.909601 0.257476
vt 0.917094 0.262616
vt 0.907411 0.246551
vt 0.902030 0.238712
vt 0.895368 0.230143
vt 0.888820 0.223348
vt 0.882701 0.218222
vt 0.874625 0.213658
vt 0.865706 0.210600
vt 0.856573 0.208865
vt 0.846785 0.208427
vt 0.837411 0.208041
vt 0.819536 0.207369
vt 0.838401 0.195930
vt 0.858570 0.186091
vt 0.866721 0.182702
vt 0.873514 0.180276
vt 0.882934 0.177449
vt 0.892006 0.175283
vt 0.753389 0.255983
vt 0.760346 0.270506
vt 0.939867 0.319830
vt 0.932805 0.338555
vt 0.923982 0.356481
vt 0.913484 0.373436
vt 0.901411 0.389258
vt 0.887880 0.403793
vt 0.873022 0.416901
vt 0.856978 0.428457
vt 0.839768 0.428973
vt 0.840038 0.427688
vt 0.838591 0.425859
vt 0.835119 0.425438
vt 0.832088 0.419208
vt 0.833914 0.416909
vt 0.845686 0.420052
vt 0.835545 0.411216
vt 0.834649 0.409462
vt 0.832819 0.408866
vt 0.836321 0.402314
vt 0.828525 0.397599
vt 0.824624 0.393740
vt 0.820234 0.386699
vt 0.817483 0.381742
vt 0.796139 0.338241
vt 0.794864 0.332837
vt 0.794782 0.322752
vt 0.791977 0.319675
vt 0.795349 0.315258
vt 0.799217 0.314478
vt 0.819511 0.302799
vt 0.823389 0.301914
vt 0.826187 0.302125
vt 0.830099 0.301304
vt 0.832331 0.300120
vt 0.835122 0.297254
vt 0.837637 0.292245
vt 0.838695 0.288237
vt 0.839000 0.282325
vt 0.834960 0.287819
vt 0.831863 0.290479
vt 0.808408 0.302715
vt 0.804484 0.303685
vt 0.793913 0.303714
vt 0.790705 0.301941
vt 0.786947 0.296035
vt 0.786874 0.292431
vt 0.790049 0.286958
vt 0.787273 0.281027
vt 0.812979 0.264506
vt 0.822257 0.267299
vt 0.830222 0.270705
vt 0.849150 0.281425
vt 0.855662 0.287044
vt 0.864363 0.298164
vt 0.867652 0.306035
vt 0.870015 0.324109
vt 0.844508 0.338312
vt 0.865906 0.334131
vt 0.861544 0.347366
vt 0.851309 0.356923
vt 0.846431 0.352868
vt 0.844424 0.366096
vt 0.861363 0.358180
vt 0.873948 0.347010
vt 0.674810 0.114857
vt 0.692909 0.167765
vt 0.711930 0.211525
vt 0.731060 0.224740
vt 0.721214 0.221926
vt 0.714834 0.219735
vt 0.705679 0.215233
vt 0.696246 0.209016
vt 0.689071 0.201848
vt 0.685673 0.196725
vt 0.682310 0.187183
vt 0.681836 0.182137
vt 0.681256 0.171692
vt 0.681056 0.160037
vt 0.679394 0.149669
vt 0.676592 0.140643
vt 0.757968 0.251327
vt 0.766453 0.253226
vt 0.795565 0.259611
vt 0.803978 0.261796
vt 0.775371 0.261096
vt 0.563440 0.329282
vt 0.557284 0.310226
vt 0.552985 0.290644
vt 0.550583 0.270726
vt 0.550101 0.250663
vt 0.551545 0.230649
vt 0.554900 0.210875
vt 0.560133 0.191533
vt 0.567196 0.172809
vt 0.576018 0.154883
vt 0.586516 0.137927
vt 0.598589 0.122106
vt 0.612120 0.107571
vt 0.626979 0.094462
vt 0.643022 0.082906
vt 0.672983 0.150266
vt 0.670906 0.158046
vt 0.668240 0.174252
vt 0.667929 0.182285
vt 0.668425 0.188074
vt 0.670350 0.195827
vt 0.674574 0.205764
vt 0.676720 0.209388
vt 0.684546 0.219308
vt 0.686767 0.222898
vt 0.687951 0.225409
vt 0.686769 0.227404
vt 0.683987 0.227498
vt 0.680533 0.225948
vt 0.676646 0.221336
vt 0.674204 0.217884
vt 0.666448 0.204698
vt 0.668677 0.215681
vt 0.669999 0.220823
vt 0.672637 0.229253
vt 0.666164 0.221327
vt 0.662140 0.217520
vt 0.655422 0.212635
vt 0.650551 0.210095
vt 0.640072 0.206483
vt 0.644612 0.210127
vt 0.648822 0.213783
vt 0.653785 0.218443
vt 0.657134 0.222841
vt 0.663334 0.234578
vt 0.653563 0.231391
vt 0.642402 0.228175
vt 0.633190 0.225864
vt 0.621830 0.225399
vt 0.604535 0.228262
vt 0.623127 0.232561
vt 0.633942 0.236587
vt 0.643441 0.241591
vt 0.652874 0.248318
vt 0.662714 0.257546
vt 0.651011 0.254615
vt 0.639624 0.252439
vt 0.638509 0.252290
vt 0.627025 0.252435
vt 0.618920 0.253721
vt 0.607633 0.256340
vt 0.598031 0.259295
vt 0.587253 0.263585
vt 0.573082 0.270587
vt 0.579874 0.269607
vt 0.587810 0.268362
vt 0.596458 0.266896
vt 0.604432 0.266123
vt 0.625657 0.265588
vt 0.633617 0.266237
vt 0.653043 0.269928
vt 0.660658 0.272347
vt 0.664589 0.274136
vt 0.661806 0.275005
vt 0.652838 0.277821
vt 0.638213 0.282441
vt 0.629563 0.286057
vt 0.616991 0.292690
vt 0.609770 0.298531
vt 0.602831 0.306808
vt 0.598471 0.315057
vt 0.952660 0.530291
vt 0.952660 0.538677
vt 0.920902 0.790314
vt 0.920902 0.780049
vt 0.874263 0.747360
vt 0.874263 0.758236
vt 0.952660 0.547419
vt 0.920902 0.769574
vt 0.874263 0.768963
vt 0.952660 0.556496
vt 0.920902 0.758912
vt 0.874263 0.779515
vt 0.952660 0.565886
vt 0.920902 0.748091
vt 0.874263 0.789866
vt 0.952660 0.575567
vt 0.920902 0.737137
vt 0.874263 0.799990
vt 0.952660 0.585516
vt 0.920902 0.726074
vt 0.874263 0.809865
vt 0.952660 0.595708
vt 0.920902 0.714931
vt 0.874263 0.819465
vt 0.952660 0.606118
vt 0.920902 0.703734
vt 0.874263 0.828768
vt 0.952660 0.616723
vt 0.920902 0.692510
vt 0.874263 0.837752
vt 0.952660 0.627495
vt 0.920902 0.681286
vt 0.874263 0.846394
vt 0.952660 0.638410
vt 0.920902 0.670090
vt 0.874263 0.854675
vt 0.952660 0.649441
vt 0.920902 0.658947
vt 0.874263 0.862573
vt 0.952660 0.660561
vt 0.920902 0.647885
vt 0.926528 0.530773
vt 0.926528 0.538972
vt 0.952660 0.671744
vt 0.920902 0.636931
vt 0.926528 0.547538
vt 0.952660 0.682962
vt 0.920902 0.626111
vt 0.926528 0.556450
vt 0.952660 0.694189
vt 0.920902 0.615451
vt 0.926528 0.565686
vt 0.952660 0.705397
vt 0.920902 0.604976
vt 0.926528 0.575224
vt 0.952660 0.716560
vt 0.920902 0.594713
vt 0.926528 0.585041
vt 0.952660 0.727651
vt 0.920902 0.584685
vt 0.926528 0.595114
vt 0.952660 0.738642
vt 0.920902 0.574917
vt 0.926528 0.605418
vt 0.952660 0.749508
vt 0.920902 0.556254
vt 0.920902 0.547404
vt 0.926528 0.615928
vt 0.952660 0.760223
vt 0.926528 0.626620
vt 0.952660 0.770760
vt 0.926528 0.637466
vt 0.952660 0.781094
vt 0.926528 0.648442
vt 0.952660 0.791200
vt 0.926528 0.659521
vt 0.952660 0.801054
vt 0.926528 0.670675
vt 0.952660 0.810632
vt 0.926528 0.681879
vt 0.952660 0.819911
vt 0.926528 0.693105
vt 0.952660 0.828869
vt 0.926528 0.704326
vt 0.952660 0.837483
vt 0.926528 0.715515
vt 0.952660 0.845735
vt 0.926528 0.726645
vt 0.874263 0.531244
vt 0.874263 0.539223
vt 0.926528 0.737690
vt 0.874263 0.547580
vt 0.926528 0.748622
vt 0.874263 0.556295
vt 0.926528 0.759416
vt 0.874263 0.565347
vt 0.926528 0.770045
vt 0.874263 0.574714
vt 0.926528 0.780484
vt 0.874263 0.584373
vt 0.926528 0.790707
vt 0.874263 0.594302
vt 0.926528 0.800691
vt 0.874263 0.604475
vt 0.926528 0.810410
vt 0.874263 0.614870
vt 0.926528 0.819842
vt 0.874263 0.625460
vt 0.926528 0.828964
vt 0.874263 0.636221
vt 0.926528 0.837753
vt 0.874263 0.647125
vt 0.926528 0.846189
vt 0.874263 0.658148
vt 0.926528 0.854252
vt 0.874263 0.669262
vt 0.920902 0.854265
vt 0.920902 0.846133
vt 0.874263 0.680440
vt 0.920902 0.837631
vt 0.874263 0.691657
vt 0.920902 0.828779
vt 0.874263 0.702884
vt 0.920902 0.565432
vt 0.920902 0.819599
vt 0.874263 0.714095
vt 0.920902 0.810112
vt 0.874263 0.725262
vt 0.920902 0.538904
vt 0.920902 0.800343
vt 0.874263 0.736359
vt 0.920902 0.530774
vt 0.796697 0.468358
vt 0.806845 0.465758
vt 0.961525 0.282364
vt 0.962551 0.271717
vt 0.595643 0.105381
vt 0.588618 0.113308
vt 0.786437 0.470445
vt 0.959990 0.292947
vt 0.603040 0.097816
vt 0.776090 0.472015
vt 0.957950 0.303440
vt 0.610791 0.090632
vt 0.765679 0.473063
vt 0.955408 0.313818
vt 0.618877 0.083844
vt 0.755231 0.473588
vt 0.952371 0.324056
vt 0.627279 0.077471
vt 0.744770 0.473588
vt 0.948847 0.334129
vt 0.635977 0.071528
vt 0.734322 0.473063
vt 0.944844 0.344013
vt 0.644950 0.066027
vt 0.723911 0.472015
vt 0.940371 0.353684
vt 0.654175 0.060984
vt 0.713564 0.470445
vt 0.935440 0.363120
vt 0.663632 0.056410
vt 0.703304 0.468358
vt 0.930062 0.372296
vt 0.673296 0.052316
vt 0.693156 0.465758
vt 0.924250 0.381192
vt 0.683146 0.048711
vt 0.683146 0.462653
vt 0.918019 0.389785
vt 0.693156 0.045606
vt 0.673297 0.459048
vt 0.911383 0.398055
vt 0.703303 0.043006
vt 0.663632 0.454954
vt 0.904358 0.405982
vt 0.713563 0.040919
vt 0.654176 0.450380
vt 0.896961 0.413547
vt 0.723911 0.039349
vt 0.644950 0.445337
vt 0.889210 0.420732
vt 0.734321 0.038301
vt 0.635977 0.439837
vt 0.881123 0.427519
vt 0.744770 0.037776
vt 0.627279 0.433893
vt 0.872721 0.433892
vt 0.755230 0.037776
vt 0.618877 0.427520
vt 0.864023 0.439836
vt 0.765679 0.038301
vt 0.610791 0.420732
vt 0.855051 0.445336
vt 0.776089 0.039349
vt 0.603040 0.413548
vt 0.845825 0.450380
vt 0.786437 0.040919
vt 0.595643 0.405983
vt 0.796696 0.043006
vt 0.588618 0.398055
vt 0.806844 0.045606
vt 0.581981 0.389785
vt 0.816854 0.048711
vt 0.575750 0.381192
vt 0.826704 0.052316
vt 0.569938 0.372297
vt 0.836368 0.056410
vt 0.564560 0.363120
vt 0.845825 0.060984
vt 0.559629 0.353685
vt 0.855050 0.066027
vt 0.555156 0.344013
vt 0.864023 0.071527
vt 0.551153 0.334129
vt 0.872721 0.077471
vt 0.547629 0.324056
vt 0.881123 0.083844
vt 0.544592 0.313818
vt 0.889209 0.090631
vt 0.542051 0.303440
vt 0.896960 0.097816
vt 0.540010 0.292947
vt 0.904357 0.105381
vt 0.538475 0.282364
vt 0.911382 0.113308
vt 0.537449 0.271717
vt 0.918019 0.121578
vt 0.536936 0.261031
vt 0.924250 0.130172
vt 0.536936 0.250332
vt 0.930062 0.139067
vt 0.537449 0.239647
vt 0.935440 0.148244
vt 0.538475 0.228999
vt 0.940371 0.157679
vt 0.540010 0.218417
vt 0.944844 0.167350
vt 0.542051 0.207924
vt 0.948847 0.177235
vt 0.544592 0.197546
vt 0.952371 0.187308
vt 0.547629 0.187308
vt 0.955408 0.197546
vt 0.551153 0.177235
vt 0.957949 0.207924
vt 0.555156 0.167350
vt 0.959990 0.218417
vt 0.559629 0.157679
vt 0.961525 0.229000
vt 0.564560 0.148244
vt 0.836369 0.454954
vt 0.962551 0.239647
vt 0.569938 0.139067
vt 0.826705 0.459048
vt 0.963064 0.250332
vt 0.575750 0.130172
vt 0.816855 0.462652
vt 0.963064 0.261031
vt 0.581982 0.121578
vt 0.755419 0.029897
vt 0.744580 0.029897
vt 0.877158 0.440336
vt 0.885864 0.433732
vt 0.622842 0.440336
vt 0.631855 0.446495
vt 0.733754 0.030441
vt 0.894243 0.426700
vt 0.641152 0.452194
vt 0.722968 0.031528
vt 0.902274 0.419255
vt 0.650711 0.457420
vt 0.712246 0.033154
vt 0.909939 0.411417
vt 0.660509 0.462159
vt 0.701615 0.035317
vt 0.917218 0.403203
vt 0.670523 0.466401
vt 0.691101 0.038010
vt 0.924094 0.394634
vt 0.680729 0.470136
vt 0.680729 0.041228
vt 0.930551 0.385730
vt 0.691101 0.473354
vt 0.670523 0.044963
vt 0.936572 0.376513
vt 0.701616 0.476047
vt 0.660509 0.049205
vt 0.942145 0.367004
vt 0.712246 0.478210
vt 0.650711 0.053945
vt 0.947254 0.357228
vt 0.722968 0.479837
vt 0.641152 0.059170
vt 0.951889 0.347207
vt 0.733755 0.480923
vt 0.631855 0.064869
vt 0.956037 0.336965
vt 0.744581 0.481467
vt 0.622842 0.071028
vt 0.959688 0.326528
vt 0.755420 0.481467
vt 0.614136 0.077631
vt 0.962835 0.315920
vt 0.766246 0.480923
vt 0.605757 0.084664
vt 0.965468 0.305166
vt 0.777033 0.479836
vt 0.597726 0.092108
vt 0.967583 0.294294
vt 0.787755 0.478210
vt 0.590062 0.099947
vt 0.969173 0.283329
vt 0.798386 0.476047
vt 0.582783 0.108161
vt 0.970236 0.272297
vt 0.808900 0.473354
vt 0.575907 0.116730
vt 0.970767 0.261224
vt 0.819272 0.470136
vt 0.569450 0.125634
vt 0.970767 0.250139
vt 0.829478 0.466401
vt 0.563428 0.134851
vt 0.970236 0.239067
vt 0.839492 0.462159
vt 0.557855 0.144359
vt 0.969173 0.228035
vt 0.849290 0.457419
vt 0.552746 0.154136
vt 0.967583 0.217069
vt 0.548112 0.164157
vt 0.965468 0.206197
vt 0.543964 0.174398
vt 0.962834 0.195444
vt 0.540312 0.184836
vt 0.959688 0.184836
vt 0.537166 0.195444
vt 0.956036 0.174398
vt 0.534532 0.206197
vt 0.951888 0.164157
vt 0.532417 0.217069
vt 0.947254 0.154136
vt 0.530827 0.228035
vt 0.942145 0.144359
vt 0.529764 0.239067
vt 0.936572 0.134851
vt 0.529233 0.250139
vt 0.930550 0.125634
vt 0.529233 0.261224
vt 0.924093 0.116730
vt 0.529764 0.272296
vt 0.917217 0.108161
vt 0.530827 0.283329
vt 0.909938 0.099947
vt 0.532417 0.294294
vt 0.902274 0.092108
vt 0.534532 0.305166
vt 0.894242 0.084664
vt 0.537166 0.315920
vt 0.885864 0.077631
vt 0.540312 0.326528
vt 0.877158 0.071028
vt 0.543964 0.336965
vt 0.868145 0.064869
vt 0.548111 0.347207
vt 0.858848 0.059170
vt 0.552746 0.357228
vt 0.849289 0.053945
vt 0.557855 0.367005
vt 0.839491 0.049205
vt 0.563428 0.376513
vt 0.829477 0.044963
vt 0.569450 0.385730
vt 0.819271 0.041228
vt 0.575906 0.394634
vt 0.808899 0.038010
vt 0.582783 0.403203
vt 0.798385 0.035317
vt 0.590062 0.411417
vt 0.787754 0.033154
vt 0.597726 0.419255
vt 0.777032 0.031528
vt 0.858849 0.452194
vt 0.605757 0.426700
vt 0.766245 0.030441
vt 0.868146 0.446495
vt 0.614136 0.433733
vt 0.859545 0.453451
vt 0.849925 0.458710
vt 0.860055 0.454372
vt 0.850390 0.459655
vt 0.922315 0.565648
vt 0.922315 0.556485
vt 0.868902 0.447716
vt 0.869455 0.448610
vt 0.922315 0.575116
vt 0.877972 0.441518
vt 0.878568 0.442383
vt 0.922315 0.584868
vt 0.886734 0.434872
vt 0.887370 0.435706
vt 0.922315 0.594878
vt 0.895166 0.427794
vt 0.895842 0.428595
vt 0.922315 0.605124
vt 0.903249 0.420302
vt 0.903962 0.421068
vt 0.922315 0.615581
vt 0.910962 0.412413
vt 0.911711 0.413143
vt 0.922315 0.626223
vt 0.918288 0.404147
vt 0.919071 0.404838
vt 0.922315 0.637025
vt 0.925208 0.395523
vt 0.926023 0.396174
vt 0.922315 0.647961
vt 0.931706 0.386562
vt 0.932552 0.387171
vt 0.922315 0.659004
vt 0.937766 0.377286
vt 0.938640 0.377852
vt 0.922315 0.670128
vt 0.943374 0.367717
vt 0.944275 0.368238
vt 0.922315 0.681305
vt 0.948517 0.357878
vt 0.949441 0.358353
vt 0.922315 0.692510
vt 0.953181 0.347792
vt 0.954126 0.348221
vt 0.922315 0.703715
vt 0.957355 0.337485
vt 0.958320 0.337866
vt 0.922315 0.714893
vt 0.961030 0.326981
vt 0.962012 0.327313
vt 0.922315 0.726018
vt 0.964196 0.316305
vt 0.965194 0.316587
vt 0.922315 0.737061
vt 0.966847 0.305483
vt 0.967856 0.305715
vt 0.922315 0.747997
vt 0.968975 0.294541
vt 0.969994 0.294722
vt 0.922315 0.758800
vt 0.970576 0.283505
vt 0.971602 0.283635
vt 0.922315 0.769443
vt 0.971645 0.272403
vt 0.972677 0.272481
vt 0.922315 0.779901
vt 0.972180 0.261260
vt 0.973214 0.261286
vt 0.922315 0.790148
vt 0.972180 0.250104
vt 0.973214 0.250078
vt 0.922315 0.800160
vt 0.971645 0.238961
vt 0.972677 0.238883
vt 0.922315 0.809913
vt 0.970576 0.227858
vt 0.971602 0.227728
vt 0.922315 0.819384
vt 0.968975 0.216822
vt 0.969994 0.216641
vt 0.922315 0.828548
vt 0.966847 0.205880
vt 0.967856 0.205649
vt 0.922315 0.837385
vt 0.964196 0.195058
vt 0.965193 0.194776
vt 0.922315 0.845873
vt 0.961030 0.184382
vt 0.962012 0.184051
vt 0.922315 0.853992
vt 0.957355 0.173878
vt 0.958320 0.173497
vt 0.925115 0.845927
vt 0.925115 0.853976
vt 0.953180 0.163571
vt 0.954126 0.163142
vt 0.925115 0.837505
vt 0.948516 0.153486
vt 0.949440 0.153010
vt 0.925115 0.828730
vt 0.943374 0.143647
vt 0.944274 0.143125
vt 0.925115 0.819624
vt 0.937766 0.134078
vt 0.938640 0.133512
vt 0.925115 0.810208
vt 0.931706 0.124802
vt 0.932551 0.124192
vt 0.925115 0.800505
vt 0.925207 0.115841
vt 0.926023 0.115190
vt 0.925115 0.790538
vt 0.918287 0.107217
vt 0.919071 0.106526
vt 0.925115 0.780332
vt 0.910962 0.098950
vt 0.911711 0.098221
vt 0.925115 0.769911
vt 0.903248 0.091062
vt 0.903961 0.090295
vt 0.925115 0.759300
vt 0.895166 0.083569
vt 0.895841 0.082768
vt 0.925115 0.748524
vt 0.886733 0.076492
vt 0.887370 0.075658
vt 0.925115 0.737611
vt 0.877971 0.069846
vt 0.878567 0.068981
vt 0.925115 0.726585
vt 0.868901 0.063648
vt 0.869455 0.062754
vt 0.925115 0.715473
vt 0.859545 0.057913
vt 0.860055 0.056992
vt 0.925115 0.704303
vt 0.849925 0.052654
vt 0.850390 0.051708
vt 0.925115 0.693101
vt 0.840064 0.047884
vt 0.840483 0.046916
vt 0.925115 0.681894
vt 0.829985 0.043614
vt 0.830358 0.042627
vt 0.925115 0.670710
vt 0.819715 0.039856
vt 0.820039 0.038851
vt 0.925115 0.659574
vt 0.809276 0.036617
vt 0.809552 0.035598
vt 0.925115 0.648514
vt 0.798694 0.033907
vt 0.798921 0.032874
vt 0.925115 0.637557
vt 0.787996 0.031730
vt 0.788173 0.030688
vt 0.925115 0.626729
vt 0.777205 0.030093
vt 0.777332 0.029043
vt 0.925115 0.616055
vt 0.766349 0.029000
vt 0.766426 0.027944
vt 0.925115 0.605563
vt 0.755454 0.028452
vt 0.755480 0.027395
vt 0.925115 0.595277
vt 0.744546 0.028452
vt 0.744520 0.027395
vt 0.925115 0.585221
vt 0.733651 0.029000
vt 0.733574 0.027944
vt 0.925115 0.575420
vt 0.722795 0.030093
vt 0.722668 0.029043
vt 0.925115 0.565898
vt 0.712004 0.031730
vt 0.711827 0.030688
vt 0.925115 0.556678
vt 0.701305 0.033907
vt 0.701079 0.032874
vt 0.925115 0.547781
vt 0.690724 0.036617
vt 0.690448 0.035598
vt 0.925115 0.539230
vt 0.680285 0.039856
vt 0.679961 0.038851
vt 0.925115 0.531044
vt 0.670015 0.043614
vt 0.669642 0.042627
vt 0.872851 0.854406
vt 0.872851 0.862291
vt 0.659936 0.047884
vt 0.659517 0.046916
vt 0.872851 0.846140
vt 0.650075 0.052654
vt 0.649610 0.051709
vt 0.872851 0.837512
vt 0.640455 0.057913
vt 0.639945 0.056992
vt 0.872851 0.828544
vt 0.631099 0.063648
vt 0.630545 0.062754
vt 0.872851 0.819256
vt 0.622029 0.069846
vt 0.621433 0.068981
vt 0.872851 0.809672
vt 0.613267 0.076492
vt 0.612630 0.075658
vt 0.872851 0.799814
vt 0.604834 0.083570
vt 0.604159 0.082768
vt 0.872851 0.789707
vt 0.596752 0.091062
vt 0.596039 0.090295
vt 0.872851 0.779374
vt 0.589038 0.098950
vt 0.588289 0.098221
vt 0.872851 0.768840
vt 0.581713 0.107217
vt 0.580929 0.106526
vt 0.872851 0.758131
vt 0.574793 0.115841
vt 0.573977 0.115190
vt 0.872851 0.747273
vt 0.568294 0.124801
vt 0.567449 0.124192
vt 0.872851 0.736291
vt 0.562234 0.134078
vt 0.561360 0.133512
vt 0.872851 0.725213
vt 0.556626 0.143647
vt 0.555726 0.143125
vt 0.872851 0.714064
vt 0.551484 0.153486
vt 0.550560 0.153010
vt 0.872851 0.702872
vt 0.546820 0.163571
vt 0.545874 0.163142
vt 0.872851 0.691664
vt 0.542645 0.173878
vt 0.541680 0.173497
vt 0.872851 0.680467
vt 0.538970 0.184382
vt 0.537988 0.184050
vt 0.872851 0.669307
vt 0.535804 0.195058
vt 0.534807 0.194776
vt 0.872851 0.658212
vt 0.533153 0.205880
vt 0.532144 0.205648
vt 0.872851 0.647208
vt 0.531025 0.216822
vt 0.530006 0.216641
vt 0.872851 0.636322
vt 0.529424 0.227858
vt 0.528398 0.227728
vt 0.872851 0.625580
vt 0.528355 0.238961
vt 0.527323 0.238883
vt 0.872851 0.615008
vt 0.527820 0.250103
vt 0.526786 0.250077
vt 0.872851 0.604631
vt 0.527820 0.261260
vt 0.526786 0.261286
vt 0.872851 0.594474
vt 0.528355 0.272403
vt 0.527323 0.272481
vt 0.872851 0.584562
vt 0.529424 0.283505
vt 0.528398 0.283635
vt 0.872851 0.574920
vt 0.531025 0.294541
vt 0.530006 0.294722
vt 0.872851 0.565569
vt 0.533153 0.305483
vt 0.532144 0.305715
vt 0.872851 0.556532
vt 0.535804 0.316305
vt 0.534806 0.316587
vt 0.872851 0.547832
vt 0.538970 0.326981
vt 0.537988 0.327313
vt 0.872851 0.539489
vt 0.542645 0.337485
vt 0.541680 0.337866
vt 0.872851 0.531523
vt 0.546820 0.347793
vt 0.545874 0.348221
vt 0.951247 0.837228
vt 0.951247 0.845465
vt 0.551484 0.357878
vt 0.550559 0.358354
vt 0.951247 0.828628
vt 0.556626 0.367717
vt 0.555726 0.368238
vt 0.951247 0.819685
vt 0.562234 0.377286
vt 0.561360 0.377852
vt 0.951247 0.810422
vt 0.568294 0.386562
vt 0.567448 0.387171
vt 0.951247 0.800860
vt 0.574792 0.395523
vt 0.573977 0.396174
vt 0.951247 0.791022
vt 0.581713 0.404147
vt 0.580929 0.404838
vt 0.951247 0.780933
vt 0.589038 0.412414
vt 0.588289 0.413143
vt 0.951247 0.770617
vt 0.596752 0.420302
vt 0.596038 0.421069
vt 0.951247 0.760098
vt 0.604834 0.427794
vt 0.604159 0.428596
vt 0.951247 0.749402
vt 0.613267 0.434872
vt 0.612630 0.435706
vt 0.951247 0.738554
vt 0.622029 0.441518
vt 0.621433 0.442383
vt 0.951247 0.727581
vt 0.631099 0.447716
vt 0.630545 0.448610
vt 0.951247 0.716509
vt 0.640455 0.453451
vt 0.639945 0.454372
vt 0.951247 0.705365
vt 0.650075 0.458711
vt 0.649610 0.459656
vt 0.951247 0.694176
vt 0.659937 0.463480
vt 0.659517 0.464448
vt 0.951247 0.682968
vt 0.670015 0.467750
vt 0.669642 0.468737
vt 0.951247 0.671769
vt 0.680286 0.471508
vt 0.679961 0.472513
vt 0.951247 0.660605
vt 0.690724 0.474747
vt 0.690448 0.475766
vt 0.951247 0.649504
vt 0.701306 0.477458
vt 0.701079 0.478490
vt 0.951247 0.638492
vt 0.712005 0.479634
vt 0.711828 0.480676
vt 0.951247 0.627595
vt 0.722795 0.481271
vt 0.722669 0.482321
vt 0.951247 0.616841
vt 0.733651 0.482364
vt 0.733575 0.483420
vt 0.951247 0.606255
vt 0.744546 0.482912
vt 0.744521 0.483970
vt 0.951247 0.595862
vt 0.755455 0.482912
vt 0.755480 0.483970
vt 0.951247 0.585687
vt 0.766350 0.482364
vt 0.766426 0.483420
vt 0.951247 0.575755
vt 0.777206 0.481271
vt 0.777333 0.482321
vt 0.951247 0.566091
vt 0.787997 0.479634
vt 0.788173 0.480676
vt 0.951247 0.556716
vt 0.798695 0.477457
vt 0.798922 0.478490
vt 0.951247 0.547654
vt 0.809277 0.474746
vt 0.809553 0.475766
vt 0.951247 0.538927
vt 0.819716 0.471508
vt 0.820040 0.472512
vt 0.951247 0.530555
vt 0.829986 0.467749
vt 0.830359 0.468736
vt 0.922315 0.539164
vt 0.922315 0.531047
vt 0.840065 0.463480
vt 0.840484 0.464447
vt 0.922315 0.547650
vn -0.0000 0.0000 1.0000
vn -0.5183 -0.8552 -0.0000
vn -0.7283 -0.6852 -0.0000
vn 0.9916 -0.1294 0.0000
vn 0.9970 -0.0780 0.0000
vn -0.9918 -0.1275 0.0000
vn -0.9966 -0.0819 0.0000
vn 0.0000 1.0000 0.0000
vn 0.9772 -0.2122 0.0000
vn 0.8417 -0.5400 0.0000
vn 0.8682 0.4961 0.0000
vn -0.6345 -0.7729 0.0000
vn 0.9874 0.1582 0.0000
vn 0.7956 0.6058 0.0000
vn -0.9952 0.0977 0.0000
vn -0.9969 0.0781 0.0000
vn 0.0462 0.9989 0.0000
vn -0.5313 -0.8472 0.0000
vn -0.9775 0.2110 0.0000
vn -0.7956 0.6058 0.0000
vn 0.7705 -0.6374 -0.0000
vn -0.2458 0.9693 0.0000
vn -0.9999 -0.0169 0.0000
vn 0.0377 0.9993 0.0000
vn 0.9872 -0.1594 0.0000
vn 0.8137 -0.5812 0.0000
vn 0.4201 -0.9075 0.0000
vn -0.9123 -0.4096 -0.0000
vn -0.9659 -0.2587 0.0000
vn 0.2703 -0.9628 -0.0000
vn 0.7028 -0.7114 -0.0000
vn -0.9782 -0.2076 0.0000
vn 0.2740 0.9617 0.0000
vn -0.8747 -0.4846 0.0000
vn 0.0322 -0.9995 0.0000
vn -0.7433 -0.6690 0.0000
vn 0.9449 -0.3273 0.0000
vn -0.8062 -0.5916 0.0000
vn -0.3691 0.9294 0.0000
vn -0.9291 -0.3699 0.0000
vn -0.9173 0.3983 0.0000
vn -0.9764 -0.2159 0.0000
vn -0.9992 0.0398 0.0000
vn 0.9173 0.3983 0.0000
vn -0.9011 0.4337 0.0000
vn -0.9353 0.3539 0.0000
vn -0.9396 -0.3423 0.0000
vn 0.9738 -0.2275 0.0000
vn -0.9698 0.2439 0.0000
vn 0.9972 -0.0751 0.0000
vn -0.8099 -0.5866 0.0000
vn 0.1732 -0.9849 0.0000
vn -0.9861 -0.1660 0.0000
vn 0.8063 -0.5915 0.0000
vn -0.7057 -0.7085 0.0000
vn 0.9366 -0.3504 0.0000
vn -0.8618 -0.5072 0.0000
vn -0.9051 0.4251 0.0000
vn -0.6409 -0.7676 0.0000
vn -0.9878 -0.1560 0.0000
vn -0.7506 -0.6607 -0.0000
vn 0.8840 -0.4675 0.0000
vn -0.6028 -0.7979 0.0000
vn -0.9810 0.1941 -0.0000
vn -0.6578 -0.7532 0.0000
vn -0.9209 0.3898 0.0000
vn 0.6332 0.7740 0.0000
vn 0.6317 0.7752 -0.0000
vn 0.6998 -0.7144 0.0000
vn -0.5815 -0.8136 0.0000
vn 0.7113 -0.7029 -0.0000
vn 0.9783 0.2071 -0.0000
vn -0.6052 0.7961 0.0000
vn -0.7923 -0.6102 0.0000
vn 0.4850 -0.8745 0.0000
vn -0.6734 -0.7393 0.0000
vn 0.6750 -0.7378 -0.0000
vn -0.9458 -0.3248 0.0000
vn -0.6355 0.7721 0.0000
vn -0.7105 -0.7037 0.0000
vn -0.9996 0.0290 -0.0000
vn -0.9928 0.1201 0.0000
vn 0.6494 -0.7604 -0.0000
vn -0.8618 -0.5073 0.0000
vn -0.8797 0.4755 0.0000
vn -0.9916 -0.1293 0.0000
vn -0.7280 0.6856 0.0000
vn -0.9010 0.4339 0.0000
vn 0.6492 -0.7606 0.0000
vn 0.3011 -0.9536 0.0000
vn 0.7184 0.6957 0.0000
vn -0.8087 0.5882 0.0000
vn 0.6557 0.7550 0.0000
vn 0.4386 -0.8987 0.0000
vn 0.6285 0.7778 -0.0000
vn 0.6060 -0.7954 0.0000
vn 0.7594 0.6507 0.0000
vn 0.2408 -0.9706 0.0000
vn 0.6269 0.7791 -0.0000
vn 0.5611 -0.8278 0.0000
vn 0.9196 0.3928 0.0000
vn 0.0950 -0.9955 0.0000
vn 0.6835 0.7299 0.0000
vn 0.3073 -0.9516 0.0000
vn 0.9981 -0.0624 -0.0000
vn -0.3205 0.9472 0.0000
vn -0.3148 0.9492 0.0000
vn 0.8261 0.5636 0.0000
vn -0.9351 0.3545 0.0000
vn 0.6729 -0.7397 0.0000
vn -0.9790 -0.2040 -0.0000
vn -0.3839 0.9234 0.0000
vn -0.3634 0.9317 0.0000
vn -0.7002 0.7139 0.0000
vn -0.3032 0.9529 0.0000
vn 0.6769 0.7360 0.0000
vn -0.5191 0.8547 0.0000
vn 0.7655 0.6435 0.0000
vn -0.2975 0.9547 0.0000
vn -0.0634 -0.9980 0.0000
vn -0.6944 0.7196 0.0000
vn -0.3475 0.9377 0.0000
vn -0.4275 0.9040 0.0000
vn -0.9701 -0.2425 0.0000
vn 0.1694 -0.9855 0.0000
vn 0.1685 -0.9857 0.0000
vn -0.8912 0.4537 0.0000
vn 0.0163 -0.9999 0.0000
vn -0.9996 0.0286 0.0000
vn 0.0800 0.9968 0.0000
vn -0.5521 0.8338 0.0000
vn 0.0783 -0.9969 0.0000
vn -0.9893 0.1461 0.0000
vn 0.1668 -0.9860 0.0000
vn -0.9960 -0.0893 0.0000
vn -0.2014 -0.9795 -0.0000
vn 0.9984 -0.0562 0.0000
vn 0.1659 -0.9861 0.0000
vn 0.9952 0.0977 0.0000
vn -0.5720 -0.8203 0.0000
vn 0.9969 0.0781 0.0000
vn -0.0099 -1.0000 0.0000
vn 0.5313 -0.8472 0.0000
vn 0.3483 0.9374 0.0000
vn 0.9775 0.2110 0.0000
vn -0.7740 0.6332 0.0000
vn -0.7706 -0.6374 0.0000
vn 0.1799 0.9837 0.0000
vn 0.9999 -0.0169 0.0000
vn -0.4821 -0.8761 -0.0000
vn -0.4836 -0.8753 -0.0000
vn -0.9872 -0.1594 0.0000
vn -0.7326 -0.6806 0.0000
vn -0.4201 -0.9075 0.0000
vn 0.0213 0.9998 0.0000
vn 0.9659 -0.2587 0.0000
vn -0.6051 -0.7961 0.0000
vn -0.9874 0.1582 0.0000
vn -0.4867 -0.8736 -0.0000
vn 0.9782 -0.2076 0.0000
vn -0.8256 -0.5643 -0.0000
vn 0.8747 -0.4846 0.0000
vn -0.4882 -0.8727 -0.0000
vn 0.7433 -0.6690 0.0000
vn -0.9518 -0.3068 -0.0000
vn 0.8062 -0.5916 0.0000
vn -0.7102 -0.7040 -0.0000
vn 0.9291 -0.3699 0.0000
vn -0.9894 -0.1452 0.0000
vn 0.9764 -0.2159 0.0000
vn -0.9138 -0.4061 0.0000
vn -0.6237 -0.7817 0.0000
vn 0.8710 0.4913 0.0000
vn 0.9353 0.3539 0.0000
vn 0.2348 0.9720 0.0000
vn -0.9738 -0.2275 0.0000
vn -0.3854 -0.9227 -0.0000
vn -0.9972 -0.0751 0.0000
vn 0.4860 0.8740 0.0000
vn -0.1732 -0.9849 0.0000
vn 0.1301 0.9915 0.0000
vn -0.8063 -0.5915 0.0000
vn -0.0688 0.9976 0.0000
vn -0.9366 -0.3504 0.0000
vn 0.9542 0.2992 0.0000
vn 0.9051 0.4251 0.0000
vn 0.7864 0.6177 0.0000
vn 0.9878 -0.1560 0.0000
vn 0.8531 0.5218 0.0000
vn -0.8840 -0.4675 0.0000
vn 0.6174 0.7866 0.0000
vn 0.9810 0.1941 0.0000
vn 0.8341 0.5516 0.0000
vn 0.9209 0.3898 0.0000
vn 0.4179 0.9085 0.0000
vn -0.6998 -0.7144 0.0000
vn 0.7335 0.6797 0.0000
vn -0.7113 -0.7029 0.0000
vn -0.9963 -0.0860 -0.0000
vn 0.6052 0.7961 0.0000
vn 0.9321 0.3621 -0.0000
vn -0.4850 -0.8745 0.0000
vn -0.6750 -0.7378 0.0000
vn 0.6355 0.7721 0.0000
vn -0.7655 0.6435 0.0000
vn 0.9996 0.0290 0.0000
vn 0.6578 -0.7532 0.0000
vn -0.6494 -0.7604 0.0000
vn 0.8797 0.4755 0.0000
vn 0.7280 0.6856 0.0000
vn -0.6492 -0.7606 0.0000
vn -0.3011 -0.9536 0.0000
vn 0.8087 0.5882 0.0000
vn -0.4386 -0.8987 0.0000
vn -0.6060 -0.7954 0.0000
vn -0.2408 -0.9706 0.0000
vn -0.5611 -0.8278 0.0000
vn -0.0950 -0.9955 0.0000
vn -0.3073 -0.9516 0.0000
vn -0.6606 0.7507 0.0000
vn 0.3205 0.9472 0.0000
vn 0.3148 0.9492 0.0000
vn 0.9351 0.3545 0.0000
vn 0.9790 -0.2040 0.0000
vn 0.3634 0.9317 0.0000
vn 0.5388 0.8424 0.0000
vn 0.3032 0.9529 0.0000
vn -0.9772 -0.2122 -0.0000
vn 0.5191 0.8547 0.0000
vn 0.6606 0.7507 0.0000
vn 0.2975 0.9547 0.0000
vn -0.8417 -0.5400 0.0000
vn 0.6944 0.7196 0.0000
vn -0.5560 0.8312 0.0000
vn 0.4275 0.9040 0.0000
vn -0.1694 -0.9855 0.0000
vn -0.1685 -0.9857 0.0000
vn -0.5907 -0.8069 0.0000
vn -0.0163 -0.9999 0.0000
vn -1.0000 0.0011 0.0000
vn -0.0800 0.9968 0.0000
vn -0.6365 -0.7713 0.0000
vn -0.0783 -0.9969 0.0000
vn -0.1668 -0.9860 0.0000
vn 0.6621 0.7494 -0.0000
vn 0.2014 -0.9795 0.0000
vn -0.9984 -0.0567 0.0000
vn -0.1659 -0.9861 0.0000
vn 0.6748 0.7380 0.0000
vn 0.5720 -0.8203 0.0000
vn 0.9988 -0.0480 0.0000
vn 0.0099 -1.0000 0.0000
vn -0.3483 0.9374 0.0000
vn 0.7740 0.6332 0.0000
vn -0.1799 0.9837 0.0000
vn 0.7388 0.6739 -0.0000
vn 0.4821 -0.8761 -0.0000
vn 0.4836 -0.8753 -0.0000
vn 0.9999 -0.0107 -0.0000
vn 0.7326 -0.6806 0.0000
vn -0.0213 0.9998 0.0000
vn 0.9999 -0.0152 0.0000
vn 0.6051 -0.7961 0.0000
vn -0.4098 0.9122 0.0000
vn 0.4867 -0.8736 -0.0000
vn 0.9215 -0.3884 0.0000
vn 0.8256 -0.5643 0.0000
vn -0.9215 -0.3884 -0.0000
vn 0.4882 -0.8727 -0.0000
vn 0.6996 -0.7145 0.0000
vn 0.9518 -0.3068 0.0000
vn -0.9999 -0.0152 0.0000
vn 0.7102 -0.7040 0.0000
vn 0.0059 -1.0000 0.0000
vn -0.0000 -1.0000 0.0000
vn 0.9894 -0.1452 0.0000
vn -0.6996 -0.7145 0.0000
vn 0.9138 -0.4061 -0.0000
vn -0.8710 0.4913 0.0000
vn -0.5516 -0.8341 0.0000
vn -0.2348 0.9720 0.0000
vn 0.4098 0.9122 0.0000
vn 0.3854 -0.9227 0.0000
vn 0.7785 0.6276 0.0000
vn -0.4860 0.8740 0.0000
vn 1.0000 0.0046 0.0000
vn -0.1301 0.9915 0.0000
vn -0.7785 0.6276 0.0000
vn 0.0688 0.9976 0.0000
vn -0.0059 -1.0000 0.0000
vn -0.9542 0.2992 0.0000
vn -0.7864 0.6177 0.0000
vn -0.8531 0.5218 0.0000
vn -1.0000 0.0046 0.0000
vn -0.6174 0.7866 0.0000
vn 0.0149 0.9999 0.0000
vn -0.8341 0.5516 0.0000
vn -0.9441 -0.3296 0.0000
vn -0.4179 0.9085 0.0000
vn 0.9738 0.2276 0.0000
vn -0.7335 0.6797 0.0000
vn 0.9599 -0.2802 0.0000
vn 0.9963 -0.0860 0.0000
vn 0.9987 -0.0500 0.0000
vn -0.9322 0.3621 0.0000
vn 0.8969 0.4422 0.0000
vn 0.9441 -0.3296 0.0000
vn 1.0000 0.0012 0.0000
vn 0.2458 0.9693 0.0000
vn 0.5183 -0.8552 0.0000
vn -0.0377 0.9993 0.0000
vn 0.9949 -0.1011 0.0000
vn -0.8137 -0.5812 0.0000
vn -0.9949 -0.1011 0.0000
vn 0.9123 -0.4096 0.0000
vn -0.9987 -0.0500 0.0000
vn -0.2703 -0.9628 0.0000
vn -1.0000 0.0012 0.0000
vn -0.7028 -0.7114 0.0000
vn -0.9738 0.2276 0.0000
vn -0.2740 0.9617 0.0000
vn -0.8969 0.4422 0.0000
vn -0.0322 -0.9995 0.0000
vn -0.9599 -0.2802 -0.0000
vn -0.9449 -0.3273 0.0000
vn 0.3691 0.9294 0.0000
vn -0.9783 0.2071 0.0000
vn 0.2683 0.9633 0.0000
vn 0.9992 0.0398 -0.0000
vn 0.8203 -0.5720 0.0000
vn 0.9011 0.4337 -0.0000
vn 0.9024 0.4310 0.0000
vn 0.9396 -0.3423 0.0000
vn 0.2272 -0.9739 0.0000
vn 0.9698 0.2439 -0.0000
vn 0.9939 -0.1104 0.0000
vn 0.8099 -0.5866 0.0000
vn -0.2303 -0.9731 0.0000
vn 0.9861 -0.1660 0.0000
vn 0.4472 -0.8944 0.0000
vn 0.7057 -0.7085 0.0000
vn 0.8618 -0.5072 0.0000
vn 0.7283 -0.6852 0.0000
vn 0.6409 -0.7676 0.0000
vn -0.0053 -1.0000 0.0000
vn 0.7506 -0.6607 0.0000
vn 0.3156 0.9489 -0.0000
vn -0.9956 0.0942 0.0000
vn 0.7452 0.6668 0.0000
vn 0.9458 -0.3248 0.0000
vn -0.2609 0.9654 0.0000
vn 0.9987 0.0503 0.0000
vn 0.5892 0.8080 0.0000
vn 0.9928 0.1201 -0.0000
vn -0.2444 0.9697 0.0000
vn 0.8618 -0.5073 0.0000
vn 0.0122 0.9999 0.0000
vn 0.9916 -0.1293 0.0000
vn -0.2683 0.9633 0.0000
vn 0.9010 0.4339 0.0000
vn -0.5142 0.8577 0.0000
vn -0.6557 0.7550 0.0000
vn 0.5560 0.8312 0.0000
vn -0.8682 0.4961 0.0000
vn -0.7594 0.6507 0.0000
vn -0.0462 0.9989 0.0000
vn -0.6269 0.7791 0.0000
vn 0.2444 0.9697 0.0000
vn -0.9196 0.3928 0.0000
vn 0.5142 0.8577 0.0000
vn -0.6835 0.7299 0.0000
vn 0.2609 0.9654 0.0000
vn -0.9981 -0.0624 0.0000
vn -0.0122 0.9999 0.0000
vn -0.8261 0.5636 -0.0000
vn -0.3156 0.9489 0.0000
vn 0.5664 -0.8241 0.0000
vn -0.5892 0.8080 -0.0000
vn 0.3839 0.9234 0.0000
vn -0.7452 0.6668 0.0000
vn 0.7002 0.7139 0.0000
vn 0.2303 -0.9731 0.0000
vn 0.3475 0.9377 0.0000
vn 0.4435 -0.8963 -0.0000
vn 0.9701 -0.2425 -0.0000
vn -0.5388 0.8424 0.0000
vn 0.8912 0.4537 -0.0000
vn 0.0053 -1.0000 0.0000
vn 0.9996 0.0286 0.0000
vn -0.2272 -0.9739 -0.0000
vn 0.5521 0.8338 0.0000
vn -0.4472 -0.8944 0.0000
vn 0.9893 0.1461 -0.0000
vn -0.8203 -0.5720 0.0000
vn 0.9960 -0.0893 0.0000
vn -0.9939 -0.1104 -0.0000
vn -0.9984 -0.0562 0.0000
vn -0.9024 0.4310 0.0000
vn 0.3900 -0.5898 0.7071
vn 0.6516 -0.2746 0.7071
vn -0.3900 -0.5898 0.7071
vn -0.6516 -0.2746 0.7071
vn -0.4671 0.5308 0.7071
vn 0.2898 0.6450 0.7071
vn 0.7071 0.0032 0.7071
vn -0.7071 0.0032 0.7071
vn -0.2898 0.6450 0.7071
vn 0.4671 0.5308 0.7071
vn 0.0000 -0.7071 0.7071
vn -0.0042 -0.7071 0.7071
vn 0.4947 -0.5053 0.7071
vn 0.7070 -0.0107 0.7071
vn 0.0042 -0.7071 0.7071
vn -0.7070 -0.0107 0.7071
vn -0.4947 -0.5052 0.7071
vn 0.6910 -0.1501 0.7071
vn 0.5505 0.4438 0.7071
vn 0.0000 0.7071 0.7071
vn -0.5505 0.4438 0.7071
vn -0.6910 -0.1501 0.7071
vn 0.5516 -0.8341 0.0000
vn -0.0105 0.7070 0.7071
vn 0.0105 0.7070 0.7071
vn 0.3665 -0.6047 0.7071
vn 0.6788 -0.1981 0.7071
vn 0.6342 0.3127 0.7071
vn 0.6886 0.1609 0.7071
vn 0.7071 0.0009 0.7071
vn 0.7062 -0.0354 0.7071
vn 0.7035 -0.0715 0.7071
vn 0.6676 -0.2330 0.7071
vn 0.5952 -0.3818 0.7071
vn -0.3665 -0.6047 0.7071
vn -0.5952 -0.3818 0.7071
vn -0.6676 -0.2330 0.7071
vn -0.7035 -0.0715 0.7071
vn -0.7062 -0.0354 0.7071
vn -0.7071 0.0009 0.7071
vn -0.6886 0.1609 0.7071
vn -0.6342 0.3127 0.7071
vn -0.6788 -0.1981 0.7071
vn -0.0149 0.9999 0.0000
vn 0.0448 -0.7057 0.7071
vn 0.2610 0.6572 0.7071
vn 0.1738 0.6854 0.7071
vn -0.0267 0.7066 0.7071
vn -0.5754 -0.4110 0.7071
vn 0.6451 -0.2896 0.7071
vn -0.1911 -0.6808 0.7071
vn -0.4970 -0.5030 0.7071
vn -0.1938 0.6800 0.7071
vn -0.0228 -0.7067 0.7071
vn 0.5626 0.4284 0.7071
vn 0.6371 0.3067 0.7071
vn 0.6857 0.1725 0.7071
vn 0.7065 0.0282 0.7071
vn 0.6973 -0.1174 0.7071
vn 0.6644 -0.2420 0.7071
vn 0.6094 -0.3586 0.7071
vn 0.5727 -0.4148 0.7071
vn 0.5308 -0.4672 0.7071
vn 0.4990 -0.5010 0.7071
vn 0.4652 -0.5326 0.7071
vn 0.4532 -0.5428 0.7071
vn 0.4005 -0.5828 0.7071
vn -0.4433 0.5509 0.7071
vn -0.4636 0.5339 0.7071
vn -0.4833 0.5161 0.7071
vn -0.5369 0.4601 0.7071
vn -0.5841 0.3985 0.7071
vn -0.6503 0.2777 0.7071
vn -0.6918 0.1464 0.7071
vn -0.7057 -0.0441 0.7071
vn -0.6682 -0.2314 0.7071
vn -0.7040 0.0666 0.7071
vn 0.0634 -0.9980 0.0000
vn -0.0448 -0.7057 0.7071
vn -0.2610 0.6572 0.7071
vn -0.1738 0.6854 0.7071
vn 0.0267 0.7066 0.7071
vn 0.5754 -0.4110 0.7071
vn -0.6451 -0.2896 0.7071
vn 0.1911 -0.6808 0.7071
vn 0.4970 -0.5030 0.7071
vn 0.1938 0.6800 0.7071
vn 0.0228 -0.7067 0.7071
vn -0.5626 0.4284 0.7071
vn -0.6371 0.3067 0.7071
vn -0.6858 0.1725 0.7071
vn -0.7065 0.0282 0.7071
vn -0.6973 -0.1174 0.7071
vn -0.6644 -0.2420 0.7071
vn -0.6094 -0.3586 0.7071
vn -0.5727 -0.4148 0.7071
vn -0.5308 -0.4672 0.7071
vn -0.4990 -0.5010 0.7071
vn -0.4652 -0.5326 0.7071
vn -0.4532 -0.5428 0.7071
vn -0.4410 -0.5527 0.7071
vn -0.4234 -0.5610 0.7113
vn -0.4062 -0.5683 0.7156
vn -0.4545 -0.5536 0.6978
vn -0.4762 -0.5227 0.7071
vn -0.5024 -0.4976 0.7071
vn -0.5602 -0.4314 0.7071
vn -0.6094 -0.3587 0.7071
vn -0.6688 -0.2297 0.7071
vn -0.7012 -0.0915 0.7071
vn -0.7020 0.0849 0.7071
vn -0.6591 0.2560 0.7071
vn -0.6486 0.2816 0.7071
vn 0.4478 0.5473 0.7071
vn 0.4466 0.5482 0.7071
vn 0.4444 0.5500 0.7071
vn 0.4433 0.5509 0.7071
vn 0.4636 0.5339 0.7071
vn 0.4833 0.5161 0.7071
vn 0.5370 0.4601 0.7071
vn 0.5841 0.3985 0.7071
vn 0.6503 0.2777 0.7071
vn 0.6918 0.1464 0.7071
vn 0.7057 -0.0441 0.7071
vn 0.6682 -0.2314 0.7071
vn 0.5719 0.4159 0.7071
vn 0.5413 0.4550 0.7071
vn 0.5080 0.4919 0.7071
vn 0.4787 0.5205 0.7071
vn -0.7043 -0.0632 0.7071
vn -0.7068 0.0202 0.7071
vn -0.6995 0.1033 0.7071
vn -0.6302 0.3208 0.7071
vn -0.4951 0.5048 0.7071
vn -0.3904 0.5896 0.7071
vn -0.2714 0.6529 0.7071
vn 0.7050 0.0552 0.7071
vn 0.6912 0.1492 0.7071
vn 0.7037 0.0691 0.7071
vn 0.7070 -0.0120 0.7071
vn 0.3757 -0.5991 0.7071
vn -0.2971 -0.6417 0.7071
vn -0.5449 -0.4507 0.7071
vn -0.6860 -0.1715 0.7071
vn -0.6981 -0.1127 0.7071
vn -0.7051 -0.0531 0.7071
vn 0.4759 -0.5230 0.7071
vn 0.5256 -0.4730 0.7071
vn 0.5701 -0.4183 0.7071
vn 0.6185 -0.3427 0.7071
vn 0.6570 -0.2616 0.7071
vn 0.6904 -0.1527 0.7071
vn 0.7060 -0.0398 0.7071
vn 0.6830 -0.1830 0.7071
vn 0.6917 -0.1468 0.7071
vn 0.6984 -0.1103 0.7071
vn -0.6886 -0.1609 0.7071
vn -0.6623 -0.2478 0.7071
vn -0.6251 -0.3306 0.7071
vn -0.5701 -0.4183 0.7071
vn -0.5030 -0.4970 0.7071
vn 0.6400 0.3006 0.7071
vn 0.6512 0.2756 0.7071
vn 0.6613 0.2503 0.7071
vn 0.6937 0.1373 0.7071
vn 0.7068 0.0205 0.7071
vn -0.4948 -0.5051 0.7071
vn -0.4773 -0.5217 0.7071
vn -0.4592 -0.5377 0.7071
vn -0.3429 -0.6184 0.7071
vn -0.2129 -0.6743 0.7071
vn 0.4494 0.5459 0.7071
vn 0.5148 0.4848 0.7071
vn 0.5718 0.4159 0.7071
vn 0.6220 0.3363 0.7071
vn 0.6612 0.2507 0.7071
vn -0.4590 -0.5379 0.7071
vn -0.4285 -0.5625 0.7071
vn -0.3967 -0.5853 0.7071
vn -0.3101 -0.6355 0.7071
vn -0.2173 -0.6729 0.7071
vn -0.1703 -0.6863 0.7071
vn -0.1224 -0.6964 0.7071
vn -0.0672 -0.7039 0.7071
vn -0.0115 -0.7070 0.7071
vn 0.2266 0.6698 0.7071
vn 0.2226 0.6712 0.7071
vn 0.2144 0.6738 0.7071
vn 0.2103 0.6751 0.7071
vn 0.2569 0.6588 0.7071
vn 0.3023 0.6392 0.7071
vn 0.3671 0.6044 0.7071
vn 0.4279 0.5629 0.7071
vn 0.4910 0.5089 0.7071
vn 0.5473 0.4478 0.7071
vn -0.1198 -0.6969 0.7071
vn -0.1192 -0.6970 0.7071
vn -0.1179 -0.6972 0.7071
vn -0.1173 -0.6973 0.7071
vn -0.0554 -0.7049 0.7071
vn 0.0070 -0.7071 0.7071
vn 0.1424 -0.6926 0.7071
vn 0.2726 -0.6525 0.7071
vn 0.4045 -0.5800 0.7071
vn 0.5181 -0.4813 0.7071
vn -0.2463 0.6628 0.7071
vn -0.1660 0.6873 0.7071
vn 0.0486 0.7054 0.7071
vn 0.3409 -0.6195 0.7071
vn 0.3420 -0.6189 0.7071
vn 0.3442 -0.6177 0.7071
vn 0.3452 -0.6171 0.7071
vn 0.4279 -0.5629 0.7071
vn 0.5022 -0.4978 0.7071
vn 0.5838 -0.3990 0.7071
vn 0.6462 -0.2872 0.7071
vn 0.6730 -0.2169 0.7071
vn 0.6922 -0.1442 0.7071
vn 0.6996 -0.1027 0.7071
vn 0.7045 -0.0608 0.7071
vn -0.0151 0.7069 0.7071
vn -0.1272 0.6956 0.7071
vn -0.0920 0.7011 0.7071
vn -0.0566 0.7048 0.7071
vn -0.6159 0.3474 0.7071
vn -0.6032 0.3690 0.7071
vn -0.5898 0.3900 0.7071
vn -0.5561 0.4368 0.7071
vn -0.5186 0.4806 0.7071
vn -0.4366 0.5562 0.7071
vn -0.3436 0.6180 0.7071
vn -0.2955 0.6424 0.7071
vn -0.2457 0.6630 0.7071
vn -0.6371 0.3068 0.7071
vn -0.6747 0.2116 0.7071
vn -0.6982 0.1119 0.7071
vn 0.5150 -0.4845 0.7071
vn -0.5150 -0.4845 0.7071
vn 0.3810 0.5957 0.7071
vn 0.6381 0.3047 0.7071
vn 0.7028 -0.0781 0.7071
vn 0.5800 -0.4044 0.7071
vn 0.3162 -0.6325 0.7071
vn 0.1606 -0.6886 0.7071
vn -0.0038 -0.7071 0.7071
vn -0.1629 -0.6881 0.7071
vn -0.3136 -0.6338 0.7071
vn 0.6139 0.3508 0.7071
vn 0.5269 0.4715 0.7071
vn 0.4166 0.5713 0.7071
vn 0.2232 0.6710 0.7071
vn 0.0086 0.7070 0.7071
vn -0.1844 0.6826 0.7071
vn -0.3636 0.6065 0.7071
vn -0.1728 0.6857 0.7071
vn 0.0327 0.7063 0.7071
vn -0.1897 0.6812 0.7071
vn -0.3931 0.5877 0.7071
vn 0.3931 0.5877 0.7071
vn 0.1897 0.6812 0.7071
vn -0.0327 0.7063 0.7071
vn 0.1728 0.6857 0.7071
vn 0.3636 0.6065 0.7071
vn 0.1844 0.6826 0.7071
vn -0.0086 0.7070 0.7071
vn -0.2232 0.6710 0.7071
vn -0.4166 0.5713 0.7071
vn -0.5269 0.4715 0.7071
vn -0.6139 0.3508 0.7071
vn 0.3136 -0.6338 0.7071
vn 0.1629 -0.6881 0.7071
vn 0.0038 -0.7071 0.7071
vn -0.1606 -0.6886 0.7071
vn -0.3162 -0.6324 0.7071
vn -0.5800 -0.4044 0.7071
vn -0.7028 -0.0781 0.7071
vn -0.6381 0.3047 0.7071
vn -0.3810 0.5957 0.7071
vn -0.4435 -0.8963 0.0000
vn -0.5215 0.4775 0.7071
vn 0.7050 -0.0551 0.7071
vn -0.4177 -0.5705 0.7071
vn -0.7071 0.0008 0.7071
vn -0.4501 -0.5454 0.7071
vn -0.7047 -0.0579 0.7071
vn 0.5224 0.4765 0.7071
vn 0.7071 -0.0076 0.7071
vn -0.7376 0.6753 0.0000
vn 0.4790 0.5238 0.7044
vn 0.7063 -0.0339 0.7071
vn 0.7012 -0.0915 0.7071
vn 0.4665 0.5279 0.7097
vn -0.7060 -0.0401 0.7071
vn -0.7013 -0.0902 0.7071
vn 0.6094 -0.3587 0.7071
vn 0.6688 -0.2297 0.7071
vn 0.7020 0.0849 0.7071
vn 0.6591 0.2560 0.7071
vn 0.6486 0.2816 0.7071
vn -0.5719 0.4159 0.7071
vn -0.5413 0.4550 0.7071
vn 0.7043 -0.0632 0.7071
vn 0.7068 0.0202 0.7071
vn 0.6995 0.1033 0.7071
vn 0.6301 0.3208 0.7071
vn 0.4951 0.5048 0.7071
vn 0.3904 0.5896 0.7071
vn 0.2714 0.6529 0.7071
vn -0.7050 0.0552 0.7071
vn -0.6912 0.1492 0.7071
vn -0.7037 0.0691 0.7071
vn -0.7070 -0.0120 0.7071
vn -0.3757 -0.5991 0.7071
vn 0.2971 -0.6417 0.7071
vn 0.5449 -0.4507 0.7071
vn 0.6860 -0.1715 0.7071
vn 0.6981 -0.1127 0.7071
vn 0.7051 -0.0531 0.7071
vn -0.4759 -0.5230 0.7071
vn -0.5256 -0.4730 0.7071
vn -0.6185 -0.3427 0.7071
vn -0.6570 -0.2616 0.7071
vn -0.6904 -0.1527 0.7071
vn -0.7060 -0.0398 0.7071
vn -0.6830 -0.1830 0.7071
vn -0.6917 -0.1468 0.7071
vn -0.6984 -0.1103 0.7071
vn 0.6886 -0.1609 0.7071
vn 0.6623 -0.2478 0.7071
vn 0.6251 -0.3306 0.7071
vn 0.5702 -0.4183 0.7071
vn 0.5030 -0.4970 0.7071
vn -0.6401 0.3006 0.7071
vn -0.6512 0.2756 0.7071
vn -0.6613 0.2503 0.7071
vn -0.6937 0.1373 0.7071
vn -0.7068 0.0205 0.7071
vn 0.4948 -0.5051 0.7071
vn 0.4773 -0.5217 0.7071
vn 0.4592 -0.5377 0.7071
vn 0.3429 -0.6184 0.7071
vn 0.2129 -0.6743 0.7071
vn -0.4494 0.5459 0.7071
vn -0.5148 0.4848 0.7071
vn -0.6221 0.3362 0.7071
vn -0.6612 0.2507 0.7071
vn 0.4590 -0.5379 0.7071
vn 0.4285 -0.5625 0.7071
vn 0.3967 -0.5853 0.7071
vn 0.3101 -0.6355 0.7071
vn 0.2173 -0.6729 0.7071
vn 0.1703 -0.6863 0.7071
vn 0.1224 -0.6964 0.7071
vn 0.0672 -0.7039 0.7071
vn 0.0115 -0.7070 0.7071
vn -0.2266 0.6698 0.7071
vn -0.2226 0.6712 0.7071
vn -0.2144 0.6738 0.7071
vn -0.2104 0.6751 0.7071
vn -0.2569 0.6588 0.7071
vn -0.3023 0.6392 0.7071
vn -0.3671 0.6044 0.7071
vn -0.4279 0.5629 0.7071
vn -0.4910 0.5089 0.7071
vn -0.5473 0.4478 0.7071
vn 0.1198 -0.6969 0.7071
vn 0.1192 -0.6970 0.7071
vn 0.1179 -0.6972 0.7071
vn 0.1173 -0.6973 0.7071
vn 0.0554 -0.7049 0.7071
vn -0.0070 -0.7071 0.7071
vn -0.1424 -0.6926 0.7071
vn -0.2725 -0.6525 0.7071
vn -0.4045 -0.5800 0.7071
vn -0.5180 -0.4813 0.7071
vn 0.2463 0.6628 0.7071
vn 0.1660 0.6873 0.7071
vn -0.0486 0.7054 0.7071
vn -0.3409 -0.6195 0.7071
vn -0.3420 -0.6189 0.7071
vn -0.3442 -0.6177 0.7071
vn -0.3452 -0.6171 0.7071
vn -0.4279 -0.5629 0.7071
vn -0.5022 -0.4978 0.7071
vn -0.5838 -0.3990 0.7071
vn -0.6462 -0.2872 0.7071
vn -0.6730 -0.2169 0.7071
vn -0.6922 -0.1442 0.7071
vn -0.6996 -0.1027 0.7071
vn -0.7045 -0.0608 0.7071
vn 0.0151 0.7069 0.7071
vn 0.1272 0.6956 0.7071
vn 0.0920 0.7011 0.7071
vn 0.0566 0.7048 0.7071
vn 0.6159 0.3474 0.7071
vn 0.6032 0.3689 0.7071
vn 0.5898 0.3900 0.7071
vn 0.5561 0.4368 0.7071
vn 0.5187 0.4806 0.7071
vn 0.4366 0.5562 0.7071
vn 0.3437 0.6180 0.7071
vn 0.2955 0.6424 0.7071
vn 0.2457 0.6631 0.7071
vn 0.6371 0.3068 0.7071
vn 0.6747 0.2116 0.7071
vn 0.6982 0.1119 0.7071
vn 0.7062 0.0356 0.7071
vn -0.6729 -0.7397 0.0000
vn 0.1710 0.9853 0.0000
vn -0.8701 0.4929 0.0000
vn 0.4052 -0.9142 0.0000
vn 0.2191 0.9757 0.0000
vn -0.8449 0.5350 0.0000
vn 0.3599 -0.9330 0.0000
vn 0.2667 0.9638 0.0000
vn -0.8176 0.5758 0.0000
vn 0.3137 -0.9495 0.0000
vn 0.3137 0.9495 0.0000
vn -0.7883 0.6152 0.0000
vn 0.2667 -0.9638 0.0000
vn 0.3599 0.9330 0.0000
vn -0.7572 0.6532 0.0000
vn 0.2191 -0.9757 0.0000
vn 0.4052 0.9142 0.0000
vn -0.7242 0.6895 0.0000
vn 0.1710 -0.9853 0.0000
vn 0.4496 0.8932 0.0000
vn -0.6895 0.7242 0.0000
vn 0.1224 -0.9925 0.0000
vn 0.4929 0.8701 0.0000
vn -0.6532 0.7572 0.0000
vn 0.0736 -0.9973 0.0000
vn 0.5350 0.8449 0.0000
vn -0.6152 0.7883 0.0000
vn 0.0245 -0.9997 0.0000
vn 0.5758 0.8176 0.0000
vn -0.5758 0.8176 0.0000
vn -0.0245 -0.9997 0.0000
vn 0.6152 0.7883 0.0000
vn -0.5350 0.8449 0.0000
vn -0.0736 -0.9973 0.0000
vn 0.6532 0.7572 0.0000
vn -0.4929 0.8701 0.0000
vn -0.1224 -0.9925 0.0000
vn 0.6895 0.7242 0.0000
vn -0.4496 0.8932 0.0000
vn -0.1710 -0.9853 0.0000
vn 0.7242 0.6895 0.0000
vn -0.4052 0.9142 0.0000
vn -0.2191 -0.9757 0.0000
vn 0.7572 0.6532 0.0000
vn -0.3599 0.9330 0.0000
vn -0.2667 -0.9638 0.0000
vn 0.7883 0.6152 0.0000
vn -0.3137 0.9495 0.0000
vn -0.3137 -0.9495 0.0000
vn 0.8176 0.5758 0.0000
vn -0.2667 0.9638 0.0000
vn -0.3599 -0.9330 0.0000
vn 0.8449 0.5350 0.0000
vn -0.2191 0.9757 0.0000
vn -0.4052 -0.9142 0.0000
vn 0.8701 0.4929 0.0000
vn -0.1710 0.9853 0.0000
vn -0.4496 -0.8932 0.0000
vn 0.8932 0.4496 0.0000
vn -0.1224 0.9925 0.0000
vn -0.4929 -0.8701 0.0000
vn 0.9142 0.4052 0.0000
vn 0.0245 0.9997 0.0000
vn -0.5350 -0.8449 0.0000
vn 0.9330 0.3599 0.0000
vn -0.5758 -0.8176 0.0000
vn 0.9495 0.3137 0.0000
vn -0.6152 -0.7883 0.0000
vn 0.9638 0.2667 -0.0000
vn -0.6532 -0.7572 0.0000
vn 0.9757 0.2191 -0.0000
vn -0.6895 -0.7242 0.0000
vn 0.9853 0.1710 0.0000
vn -0.7242 -0.6895 0.0000
vn 0.9925 0.1224 0.0000
vn -0.7572 -0.6532 0.0000
vn 0.9973 0.0736 0.0000
vn -0.7883 -0.6152 0.0000
vn 0.9997 0.0245 0.0000
vn -0.8176 -0.5758 0.0000
vn 0.9997 -0.0245 0.0000
vn -0.8449 -0.5350 0.0000
vn 0.9973 -0.0736 0.0000
vn -0.8701 -0.4929 0.0000
vn 0.9925 -0.1224 0.0000
vn -0.8932 -0.4496 0.0000
vn 0.9853 -0.1710 0.0000
vn -0.9142 -0.4052 0.0000
vn 0.9757 -0.2191 0.0000
vn -0.9330 -0.3599 0.0000
vn 0.9638 -0.2667 0.0000
vn -0.9495 -0.3137 0.0000
vn 0.9495 -0.3137 0.0000
vn -0.9638 -0.2667 0.0000
vn 0.9330 -0.3599 0.0000
vn -0.9757 -0.2191 0.0000
vn 0.9142 -0.4052 0.0000
vn -0.9853 -0.1710 0.0000
vn 0.8932 -0.4496 0.0000
vn -0.9925 -0.1224 0.0000
vn 0.8701 -0.4929 0.0000
vn -0.9973 -0.0736 0.0000
vn 0.8449 -0.5350 0.0000
vn -0.9997 -0.0245 0.0000
vn 0.8176 -0.5758 0.0000
vn -0.9997 0.0245 0.0000
vn 0.7883 -0.6152 0.0000
vn -0.9973 0.0736 0.0000
vn 0.7572 -0.6532 0.0000
vn -0.9925 0.1224 0.0000
vn 0.7242 -0.6895 0.0000
vn -0.9853 0.1710 0.0000
vn 0.6895 -0.7242 0.0000
vn -0.9757 0.2191 0.0000
vn 0.6532 -0.7572 0.0000
vn -0.9638 0.2667 0.0000
vn 0.6152 -0.7883 0.0000
vn -0.0736 0.9973 0.0000
vn -0.9495 0.3137 0.0000
vn 0.5758 -0.8176 0.0000
vn -0.9330 0.3599 0.0000
vn 0.5350 -0.8449 0.0000
vn 0.0736 0.9973 0.0000
vn -0.9142 0.4052 0.0000
vn 0.4929 -0.8701 0.0000
vn 0.1224 0.9925 0.0000
vn -0.8932 0.4496 0.0000
vn 0.4496 -0.8932 0.0000
vn -0.0636 -0.2833 0.9569
vn 0.2453 -0.1554 0.9569
vn -0.1045 0.2709 0.9569
vn -0.0774 -0.2799 0.9569
vn 0.2374 -0.1672 0.9569
vn -0.0911 0.2757 0.9569
vn -0.0911 -0.2757 0.9569
vn 0.2289 -0.1787 0.9569
vn -0.0774 0.2799 0.9569
vn -0.1045 -0.2709 0.9569
vn 0.2199 -0.1897 0.9569
vn -0.0636 0.2833 0.9569
vn -0.1177 -0.2655 0.9569
vn 0.2103 -0.2002 0.9569
vn -0.0496 0.2861 0.9569
vn -0.1306 -0.2594 0.9569
vn 0.2002 -0.2103 0.9569
vn -0.0355 0.2882 0.9569
vn -0.1431 -0.2527 0.9569
vn 0.1897 -0.2199 0.9569
vn -0.0214 0.2896 0.9569
vn -0.1554 -0.2453 0.9569
vn 0.1787 -0.2289 0.9569
vn -0.0071 0.2903 0.9569
vn -0.1672 -0.2374 0.9569
vn 0.1672 -0.2374 0.9569
vn 0.0071 0.2903 0.9569
vn -0.1787 -0.2289 0.9569
vn 0.1554 -0.2453 0.9569
vn 0.0214 0.2896 0.9569
vn -0.1897 -0.2199 0.9569
vn 0.1431 -0.2527 0.9569
vn 0.0355 0.2882 0.9569
vn -0.2002 -0.2103 0.9569
vn 0.1306 -0.2594 0.9569
vn 0.0496 0.2861 0.9569
vn -0.2103 -0.2002 0.9569
vn 0.1177 -0.2655 0.9569
vn 0.0636 0.2833 0.9569
vn -0.2199 -0.1897 0.9569
vn 0.1045 -0.2709 0.9569
vn 0.0775 0.2799 0.9569
vn -0.2289 -0.1787 0.9569
vn 0.0911 -0.2757 0.9569
vn 0.0911 0.2757 0.9569
vn -0.2374 -0.1672 0.9569
vn 0.0774 -0.2799 0.9569
vn 0.1045 0.2709 0.9569
vn -0.2453 -0.1554 0.9569
vn 0.0636 -0.2833 0.9569
vn 0.1177 0.2655 0.9569
vn -0.2527 -0.1431 0.9569
vn 0.0496 -0.2861 0.9569
vn 0.1306 0.2594 0.9569
vn -0.2594 -0.1306 0.9569
vn 0.0355 -0.2882 0.9569
vn 0.1431 0.2527 0.9569
vn -0.2655 -0.1177 0.9569
vn 0.0214 -0.2896 0.9569
vn 0.1554 0.2453 0.9569
vn -0.2709 -0.1045 0.9569
vn 0.0071 -0.2903 0.9569
vn 0.1672 0.2374 0.9569
vn -0.2757 -0.0911 0.9569
vn 0.1787 0.2289 0.9569
vn -0.2799 -0.0774 0.9569
vn 0.1897 0.2199 0.9569
vn -0.2833 -0.0636 0.9569
vn 0.2002 0.2103 0.9569
vn -0.2861 -0.0496 0.9569
vn 0.2103 0.2002 0.9569
vn -0.2882 -0.0355 0.9569
vn 0.2199 0.1897 0.9569
vn -0.2896 -0.0214 0.9569
vn 0.2289 0.1787 0.9569
vn -0.2903 -0.0071 0.9569
vn 0.2374 0.1672 0.9569
vn -0.2903 0.0071 0.9569
vn 0.2453 0.1554 0.9569
vn -0.2896 0.0214 0.9569
vn 0.2527 0.1431 0.9569
vn -0.2882 0.0355 0.9569
vn 0.2594 0.1306 0.9569
vn -0.2861 0.0496 0.9569
vn 0.2655 0.1177 0.9569
vn -0.2833 0.0636 0.9569
vn 0.2709 0.1045 0.9569
vn -0.2799 0.0774 0.9569
vn 0.2757 0.0911 0.9569
vn -0.2757 0.0911 0.9569
vn 0.2799 0.0774 0.9569
vn -0.2709 0.1045 0.9569
vn 0.2833 0.0636 0.9569
vn -0.2655 0.1177 0.9569
vn 0.2861 0.0496 0.9569
vn -0.2594 0.1306 0.9569
vn 0.2882 0.0355 0.9569
vn -0.2527 0.1431 0.9569
vn 0.2896 0.0214 0.9569
vn -0.2453 0.1554 0.9569
vn 0.2903 0.0071 0.9569
vn -0.2374 0.1672 0.9569
vn 0.2903 -0.0071 0.9569
vn -0.2289 0.1787 0.9569
vn 0.2896 -0.0214 0.9569
vn -0.2199 0.1897 0.9569
vn 0.2882 -0.0355 0.9569
vn -0.2103 0.2002 0.9569
vn 0.2861 -0.0496 0.9569
vn -0.2002 0.2103 0.9569
vn 0.2833 -0.0636 0.9569
vn -0.1897 0.2199 0.9569
vn 0.2799 -0.0774 0.9569
vn -0.1787 0.2289 0.9569
vn 0.2757 -0.0911 0.9569
vn -0.1672 0.2374 0.9569
vn -0.0071 -0.2903 0.9569
vn 0.2709 -0.1045 0.9569
vn -0.1554 0.2453 0.9569
vn -0.0214 -0.2896 0.9569
vn 0.2655 -0.1177 0.9569
vn -0.1431 0.2527 0.9569
vn -0.0355 -0.2882 0.9569
vn 0.2594 -0.1306 0.9569
vn -0.1306 0.2594 0.9569
vn -0.0496 -0.2861 0.9569
vn 0.2527 -0.1431 0.9569
vn -0.1177 0.2655 0.9569
vn -0.0127 0.2584 0.9659
vn -0.0000 0.2587 0.9659
vn -0.0174 0.7069 0.7071
vn -0.0237 0.9656 0.2588
vn -0.0254 0.2575 0.9659
vn -0.0520 0.7052 0.7071
vn -0.0711 0.9633 0.2588
vn -0.0380 0.2559 0.9659
vn -0.0866 0.7018 0.7071
vn -0.1182 0.9587 0.2588
vn -0.0505 0.2538 0.9659
vn -0.1209 0.6967 0.7071
vn -0.1651 0.9517 0.2588
vn -0.0629 0.2510 0.9659
vn -0.1549 0.6899 0.7071
vn -0.2116 0.9425 0.2588
vn -0.0751 0.2476 0.9659
vn -0.1886 0.6815 0.7071
vn -0.2576 0.9309 0.2588
vn -0.0872 0.2436 0.9659
vn -0.2218 0.6714 0.7071
vn -0.3030 0.9172 0.2588
vn -0.0990 0.2391 0.9659
vn -0.2545 0.6597 0.7071
vn -0.3476 0.9012 0.2588
vn -0.1106 0.2339 0.9659
vn -0.2866 0.6465 0.7071
vn -0.3914 0.8831 0.2588
vn -0.1220 0.2282 0.9659
vn -0.3179 0.6316 0.7071
vn -0.4343 0.8628 0.2588
vn -0.1330 0.2219 0.9659
vn -0.3485 0.6152 0.7071
vn -0.4761 0.8404 0.2588
vn -0.1438 0.2151 0.9659
vn -0.3783 0.5974 0.7071
vn -0.5168 0.8161 0.2588
vn -0.1541 0.2078 0.9659
vn -0.4071 0.5781 0.7071
vn -0.5562 0.7897 0.2588
vn -0.1642 0.2000 0.9659
vn -0.4350 0.5574 0.7071
vn -0.5943 0.7615 0.2588
vn -0.1738 0.1917 0.9659
vn -0.4619 0.5354 0.7071
vn -0.6309 0.7314 0.2588
vn -0.1830 0.1830 0.9659
vn -0.4876 0.5121 0.7071
vn -0.6660 0.6996 0.2588
vn -0.1917 0.1738 0.9659
vn -0.5121 0.4876 0.7071
vn -0.6996 0.6660 0.2588
vn -0.2000 0.1641 0.9659
vn -0.5354 0.4619 0.7071
vn -0.7314 0.6309 0.2588
vn -0.2078 0.1541 0.9659
vn -0.5574 0.4350 0.7071
vn -0.7615 0.5943 0.2588
vn -0.2151 0.1438 0.9659
vn -0.5781 0.4072 0.7071
vn -0.7897 0.5562 0.2588
vn -0.2219 0.1330 0.9659
vn -0.5974 0.3783 0.7071
vn -0.8161 0.5168 0.2588
vn -0.2282 0.1220 0.9659
vn -0.6152 0.3485 0.7071
vn -0.8404 0.4761 0.2588
vn -0.2339 0.1106 0.9659
vn -0.6316 0.3179 0.7071
vn -0.8628 0.4343 0.2588
vn -0.2391 0.0990 0.9659
vn -0.6464 0.2866 0.7071
vn -0.8831 0.3914 0.2588
vn -0.2436 0.0872 0.9659
vn -0.6597 0.2545 0.7071
vn -0.9012 0.3476 0.2588
vn -0.2476 0.0751 0.9659
vn -0.6714 0.2218 0.7071
vn -0.9172 0.3030 0.2588
vn -0.2510 0.0629 0.9659
vn -0.6815 0.1886 0.7071
vn -0.9309 0.2576 0.2588
vn -0.2538 0.0505 0.9659
vn -0.6899 0.1549 0.7071
vn -0.9425 0.2116 0.2588
vn -0.2559 0.0380 0.9659
vn -0.6967 0.1209 0.7071
vn -0.9517 0.1651 0.2588
vn -0.2575 0.0254 0.9659
vn -0.7018 0.0866 0.7071
vn -0.9587 0.1182 0.2588
vn -0.2584 0.0127 0.9659
vn -0.7052 0.0520 0.7071
vn -0.9633 0.0711 0.2588
vn -0.2587 -0.0000 0.9659
vn -0.7069 0.0174 0.7071
vn -0.9656 0.0237 0.2588
vn -0.2584 -0.0127 0.9659
vn -0.7069 -0.0174 0.7071
vn -0.9656 -0.0237 0.2588
vn -0.2575 -0.0254 0.9659
vn -0.7052 -0.0520 0.7071
vn -0.9633 -0.0711 0.2588
vn -0.2559 -0.0380 0.9659
vn -0.7018 -0.0866 0.7071
vn -0.9587 -0.1182 0.2588
vn -0.2538 -0.0505 0.9659
vn -0.6967 -0.1209 0.7071
vn -0.9517 -0.1651 0.2588
vn -0.2510 -0.0629 0.9659
vn -0.6899 -0.1549 0.7071
vn -0.9425 -0.2116 0.2588
vn -0.2476 -0.0751 0.9659
vn -0.6815 -0.1886 0.7071
vn -0.9309 -0.2576 0.2588
vn -0.2436 -0.0872 0.9659
vn -0.6714 -0.2218 0.7071
vn -0.9172 -0.3030 0.2588
vn -0.2390 -0.0990 0.9659
vn -0.6597 -0.2545 0.7071
vn -0.9012 -0.3476 0.2588
vn -0.2339 -0.1106 0.9659
vn -0.6464 -0.2866 0.7071
vn -0.8831 -0.3914 0.2588
vn -0.2282 -0.1220 0.9659
vn -0.6316 -0.3179 0.7071
vn -0.8628 -0.4343 0.2588
vn -0.2219 -0.1330 0.9659
vn -0.6152 -0.3485 0.7071
vn -0.8404 -0.4761 0.2588
vn -0.2151 -0.1438 0.9659
vn -0.5974 -0.3783 0.7071
vn -0.8161 -0.5168 0.2588
vn -0.2078 -0.1541 0.9659
vn -0.5781 -0.4072 0.7071
vn -0.7897 -0.5562 0.2588
vn -0.2000 -0.1641 0.9659
vn -0.5574 -0.4350 0.7071
vn -0.7615 -0.5943 0.2588
vn -0.1917 -0.1738 0.9659
vn -0.5354 -0.4619 0.7071
vn -0.7314 -0.6309 0.2588
vn -0.1830 -0.1830 0.9659
vn -0.5121 -0.4876 0.7071
vn -0.6996 -0.6660 0.2588
vn -0.1738 -0.1917 0.9659
vn -0.4876 -0.5121 0.7071
vn -0.6660 -0.6996 0.2588
vn -0.1641 -0.2000 0.9659
vn -0.4619 -0.5354 0.7071
vn -0.6309 -0.7314 0.2588
vn -0.1541 -0.2078 0.9659
vn -0.4350 -0.5574 0.7071
vn -0.5943 -0.7615 0.2588
vn -0.1438 -0.2151 0.9659
vn -0.4072 -0.5781 0.7071
vn -0.5562 -0.7897 0.2588
vn -0.1330 -0.2219 0.9659
vn -0.3783 -0.5974 0.7071
vn -0.5168 -0.8161 0.2588
vn -0.1220 -0.2282 0.9659
vn -0.3485 -0.6152 0.7071
vn -0.4761 -0.8404 0.2588
vn -0.1106 -0.2339 0.9659
vn -0.3179 -0.6316 0.7071
vn -0.4343 -0.8628 0.2588
vn -0.0990 -0.2391 0.9659
vn -0.2865 -0.6464 0.7071
vn -0.3914 -0.8831 0.2588
vn -0.0872 -0.2436 0.9659
vn -0.2545 -0.6597 0.7071
vn -0.3476 -0.9012 0.2588
vn -0.0751 -0.2476 0.9659
vn -0.2218 -0.6714 0.7071
vn -0.3030 -0.9172 0.2588
vn -0.0629 -0.2510 0.9659
vn -0.1886 -0.6815 0.7071
vn -0.2576 -0.9309 0.2588
vn -0.0505 -0.2538 0.9659
vn -0.1549 -0.6899 0.7071
vn -0.2116 -0.9425 0.2588
vn -0.0380 -0.2559 0.9659
vn -0.1209 -0.6967 0.7071
vn -0.1651 -0.9517 0.2588
vn -0.0254 -0.2575 0.9659
vn -0.0866 -0.7018 0.7071
vn -0.1182 -0.9587 0.2588
vn -0.0127 -0.2584 0.9659
vn -0.0520 -0.7052 0.7071
vn -0.0711 -0.9633 0.2588
vn -0.0000 -0.2588 0.9659
vn -0.0174 -0.7069 0.7071
vn -0.0237 -0.9656 0.2588
vn 0.0127 -0.2584 0.9659
vn 0.0173 -0.7069 0.7071
vn 0.0237 -0.9656 0.2588
vn 0.0254 -0.2575 0.9659
vn 0.0520 -0.7052 0.7071
vn 0.0711 -0.9633 0.2588
vn 0.0380 -0.2559 0.9659
vn 0.0866 -0.7018 0.7071
vn 0.1182 -0.9587 0.2588
vn 0.0505 -0.2538 0.9659
vn 0.1209 -0.6967 0.7071
vn 0.1651 -0.9517 0.2588
vn 0.0629 -0.2510 0.9659
vn 0.1549 -0.6899 0.7071
vn 0.2116 -0.9425 0.2588
vn 0.0751 -0.2476 0.9659
vn 0.1886 -0.6815 0.7071
vn 0.2576 -0.9309 0.2588
vn 0.0872 -0.2436 0.9659
vn 0.2218 -0.6714 0.7071
vn 0.3030 -0.9172 0.2588
vn 0.0990 -0.2391 0.9659
vn 0.2545 -0.6597 0.7071
vn 0.3476 -0.9012 0.2588
vn 0.1106 -0.2339 0.9659
vn 0.2866 -0.6465 0.7071
vn 0.3914 -0.8831 0.2588
vn 0.1220 -0.2282 0.9659
vn 0.3179 -0.6316 0.7071
vn 0.4343 -0.8628 0.2588
vn 0.1330 -0.2219 0.9659
vn 0.3485 -0.6152 0.7071
vn 0.4761 -0.8404 0.2588
vn 0.1438 -0.2151 0.9659
vn 0.3783 -0.5974 0.7071
vn 0.5168 -0.8161 0.2588
vn 0.1541 -0.2078 0.9659
vn 0.4072 -0.5781 0.7071
vn 0.5562 -0.7897 0.2588
vn 0.1641 -0.2000 0.9659
vn 0.4350 -0.5575 0.7071
vn 0.5943 -0.7615 0.2588
vn 0.1738 -0.1917 0.9659
vn 0.4619 -0.5354 0.7071
vn 0.6309 -0.7314 0.2588
vn 0.1830 -0.1830 0.9659
vn 0.4876 -0.5121 0.7071
vn 0.6660 -0.6996 0.2588
vn 0.1917 -0.1738 0.9659
vn 0.5121 -0.4876 0.7071
vn 0.6996 -0.6660 0.2588
vn 0.2000 -0.1641 0.9659
vn 0.5354 -0.4619 0.7071
vn 0.7314 -0.6309 0.2588
vn 0.2078 -0.1541 0.9659
vn 0.5574 -0.4350 0.7071
vn 0.7615 -0.5943 0.2588
vn 0.2151 -0.1438 0.9659
vn 0.5781 -0.4072 0.7071
vn 0.7897 -0.5562 0.2588
vn 0.2219 -0.1330 0.9659
vn 0.5974 -0.3783 0.7071
vn 0.8161 -0.5168 0.2588
vn 0.2282 -0.1220 0.9659
vn 0.6153 -0.3485 0.7071
vn 0.8404 -0.4761 0.2588
vn 0.2339 -0.1106 0.9659
vn 0.6316 -0.3179 0.7071
vn 0.8628 -0.4343 0.2588
vn 0.2390 -0.0990 0.9659
vn 0.6464 -0.2866 0.7071
vn 0.8831 -0.3914 0.2588
vn 0.2436 -0.0872 0.9659
vn 0.6597 -0.2545 0.7071
vn 0.9012 -0.3476 0.2588
vn 0.2476 -0.0751 0.9659
vn 0.6714 -0.2218 0.7071
vn 0.9172 -0.3030 0.2588
vn 0.2510 -0.0629 0.9659
vn 0.6815 -0.1886 0.7071
vn 0.9309 -0.2576 0.2588
vn 0.2538 -0.0505 0.9659
vn 0.6899 -0.1549 0.7071
vn 0.9425 -0.2116 0.2588
vn 0.2560 -0.0380 0.9659
vn 0.6967 -0.1209 0.7071
vn 0.9517 -0.1651 0.2588
vn 0.2575 -0.0254 0.9659
vn 0.7018 -0.0866 0.7071
vn 0.9587 -0.1182 0.2588
vn 0.2584 -0.0127 0.9659
vn 0.7052 -0.0520 0.7071
vn 0.9633 -0.0711 0.2588
vn 0.2587 -0.0000 0.9659
vn 0.7069 -0.0174 0.7071
vn 0.9656 -0.0237 0.2588
vn 0.2584 0.0127 0.9659
vn 0.7069 0.0174 0.7071
vn 0.9656 0.0237 0.2588
vn 0.2575 0.0254 0.9659
vn 0.7052 0.0520 0.7071
vn 0.9633 0.0711 0.2588
vn 0.2559 0.0380 0.9659
vn 0.7018 0.0866 0.7071
vn 0.9587 0.1182 0.2588
vn 0.2538 0.0505 0.9659
vn 0.6967 0.1209 0.7071
vn 0.9517 0.1651 0.2588
vn 0.2510 0.0629 0.9659
vn 0.6899 0.1549 0.7071
vn 0.9425 0.2116 0.2588
vn 0.2476 0.0751 0.9659
vn 0.6815 0.1886 0.7071
vn 0.9309 0.2576 0.2588
vn 0.2436 0.0872 0.9659
vn 0.6714 0.2218 0.7071
vn 0.9172 0.3030 0.2588
vn 0.2391 0.0990 0.9659
vn 0.6597 0.2545 0.7071
vn 0.9012 0.3476 0.2588
vn 0.2339 0.1106 0.9659
vn 0.6464 0.2866 0.7071
vn 0.8831 0.3914 0.2588
vn 0.2282 0.1220 0.9659
vn 0.6316 0.3179 0.7071
vn 0.8628 0.4343 0.2588
vn 0.2219 0.1330 0.9659
vn 0.6152 0.3485 0.7071
vn 0.8404 0.4761 0.2588
vn 0.2151 0.1438 0.9659
vn 0.5974 0.3783 0.7071
vn 0.8161 0.5168 0.2588
vn 0.2078 0.1541 0.9659
vn 0.5781 0.4072 0.7071
vn 0.7897 0.5562 0.2588
vn 0.2000 0.1641 0.9659
vn 0.5574 0.4350 0.7071
vn 0.7615 0.5943 0.2588
vn 0.1917 0.1738 0.9659
vn 0.5354 0.4619 0.7071
vn 0.7314 0.6309 0.2588
vn 0.1830 0.1830 0.9659
vn 0.5121 0.4876 0.7071
vn 0.6996 0.6660 0.2588
vn 0.1738 0.1917 0.9659
vn 0.4876 0.5121 0.7071
vn 0.6660 0.6996 0.2588
vn 0.1641 0.2000 0.9659
vn 0.4619 0.5354 0.7071
vn 0.6309 0.7314 0.2588
vn 0.1541 0.2078 0.9659
vn 0.4350 0.5574 0.7071
vn 0.5943 0.7615 0.2588
vn 0.1438 0.2151 0.9659
vn 0.4072 0.5781 0.7071
vn 0.5562 0.7897 0.2588
vn 0.1330 0.2219 0.9659
vn 0.3783 0.5974 0.7071
vn 0.5168 0.8161 0.2588
vn 0.1220 0.2282 0.9659
vn 0.3485 0.6152 0.7071
vn 0.4761 0.8404 0.2588
vn 0.1106 0.2339 0.9659
vn 0.3179 0.6316 0.7071
vn 0.4343 0.8628 0.2588
vn 0.0990 0.2391 0.9659
vn 0.2865 0.6464 0.7071
vn 0.3914 0.8831 0.2588
vn 0.0872 0.2436 0.9659
vn 0.2545 0.6597 0.7071
vn 0.3476 0.9012 0.2588
vn 0.0751 0.2476 0.9659
vn 0.2218 0.6714 0.7071
vn 0.3030 0.9172 0.2588
vn 0.0629 0.2510 0.9659
vn 0.1886 0.6815 0.7071
vn 0.2576 0.9309 0.2588
vn 0.0505 0.2538 0.9659
vn 0.1549 0.6899 0.7071
vn 0.2116 0.9425 0.2588
vn 0.0380 0.2559 0.9659
vn 0.1209 0.6967 0.7071
vn 0.1651 0.9517 0.2588
vn 0.0254 0.2575 0.9659
vn 0.0866 0.7018 0.7071
vn 0.1182 0.9587 0.2588
vn 0.0127 0.2584 0.9659
vn 0.0520 0.7052 0.7071
vn 0.0711 0.9633 0.2588
vn 0.0174 0.7069 0.7071
vn 0.0237 0.9656 0.2588
vn -0.0245 0.9997 0.0000
vn 0.0000 0.0000 -1.0000
vn -0.9010 0.4337 0.0000
vn -0.7105 -0.7036 0.0000
vn 0.7184 0.6956 0.0000
vn -0.4099 0.9122 0.0000
vn 0.4099 0.9122 0.0000
vn -0.9321 0.3621 0.0000
vn 0.9010 0.4337 0.0000
vn -0.5141 0.8577 0.0000
vn 0.5141 0.8577 0.0000
vn 0.3900 -0.5898 -0.7071
vn 0.6516 -0.2746 -0.7071
vn -0.3900 -0.5898 -0.7071
vn -0.6516 -0.2746 -0.7071
vn -0.4671 0.5308 -0.7071
vn 0.2898 0.6450 -0.7071
vn 0.7071 0.0032 -0.7071
vn -0.7071 0.0032 -0.7071
vn -0.2898 0.6450 -0.7071
vn 0.4671 0.5308 -0.7071
vn 0.0000 -0.7071 -0.7071
vn -0.0042 -0.7071 -0.7071
vn 0.4947 -0.5052 -0.7071
vn 0.7070 -0.0107 -0.7071
vn 0.0042 -0.7071 -0.7071
vn -0.7070 -0.0107 -0.7071
vn -0.4947 -0.5052 -0.7071
vn 0.6910 -0.1501 -0.7071
vn 0.5505 0.4438 -0.7071
vn 0.0000 0.7071 -0.7071
vn -0.5505 0.4438 -0.7071
vn -0.6910 -0.1501 -0.7071
vn -0.0105 0.7070 -0.7071
vn 0.0105 0.7070 -0.7071
vn 0.3665 -0.6047 -0.7071
vn 0.6788 -0.1981 -0.7071
vn 0.6342 0.3126 -0.7071
vn 0.6885 0.1609 -0.7071
vn 0.7071 0.0009 -0.7071
vn 0.7062 -0.0354 -0.7071
vn 0.7035 -0.0715 -0.7071
vn 0.6676 -0.2330 -0.7071
vn 0.5952 -0.3818 -0.7071
vn -0.3665 -0.6047 -0.7071
vn -0.5952 -0.3818 -0.7071
vn -0.6676 -0.2330 -0.7071
vn -0.7035 -0.0715 -0.7071
vn -0.7062 -0.0354 -0.7071
vn -0.7071 0.0009 -0.7071
vn -0.6885 0.1609 -0.7071
vn -0.6342 0.3126 -0.7071
vn -0.6788 -0.1981 -0.7071
vn 0.0448 -0.7057 -0.7071
vn 0.2610 0.6572 -0.7071
vn 0.1738 0.6854 -0.7071
vn -0.0267 0.7066 -0.7071
vn -0.5754 -0.4110 -0.7071
vn 0.6451 -0.2896 -0.7071
vn -0.1911 -0.6808 -0.7071
vn -0.4970 -0.5030 -0.7071
vn -0.1938 0.6800 -0.7071
vn -0.0228 -0.7067 -0.7071
vn 0.5626 0.4284 -0.7071
vn 0.6371 0.3067 -0.7071
vn 0.6857 0.1725 -0.7071
vn 0.7065 0.0282 -0.7071
vn 0.6973 -0.1174 -0.7071
vn 0.6644 -0.2420 -0.7071
vn 0.6094 -0.3586 -0.7071
vn 0.5727 -0.4148 -0.7071
vn 0.5308 -0.4672 -0.7071
vn 0.4990 -0.5010 -0.7071
vn 0.4652 -0.5326 -0.7071
vn 0.4532 -0.5428 -0.7071
vn 0.4005 -0.5828 -0.7071
vn -0.4433 0.5509 -0.7071
vn -0.4636 0.5339 -0.7071
vn -0.4833 0.5161 -0.7071
vn -0.5370 0.4601 -0.7071
vn -0.5841 0.3985 -0.7071
vn -0.6503 0.2777 -0.7071
vn -0.6918 0.1464 -0.7071
vn -0.7057 -0.0441 -0.7071
vn -0.6682 -0.2314 -0.7071
vn -0.7040 0.0666 -0.7071
vn -0.0448 -0.7057 -0.7071
vn -0.2610 0.6572 -0.7071
vn -0.1738 0.6854 -0.7071
vn 0.0267 0.7066 -0.7071
vn 0.5754 -0.4110 -0.7071
vn -0.6451 -0.2896 -0.7071
vn 0.1911 -0.6808 -0.7071
vn 0.4970 -0.5030 -0.7071
vn 0.1938 0.6801 -0.7071
vn 0.0228 -0.7067 -0.7071
vn -0.5626 0.4284 -0.7071
vn -0.6371 0.3067 -0.7071
vn -0.6857 0.1725 -0.7071
vn -0.7065 0.0282 -0.7071
vn -0.6973 -0.1174 -0.7071
vn -0.6644 -0.2420 -0.7071
vn -0.6094 -0.3586 -0.7071
vn -0.5727 -0.4148 -0.7071
vn -0.5308 -0.4672 -0.7071
vn -0.4990 -0.5010 -0.7071
vn -0.4652 -0.5326 -0.7071
vn -0.4532 -0.5428 -0.7071
vn -0.4410 -0.5527 -0.7071
vn -0.4234 -0.5610 -0.7113
vn -0.4062 -0.5683 -0.7156
vn -0.4545 -0.5536 -0.6978
vn -0.4762 -0.5227 -0.7071
vn -0.5024 -0.4976 -0.7071
vn -0.5602 -0.4315 -0.7071
vn -0.6094 -0.3587 -0.7071
vn -0.6687 -0.2297 -0.7071
vn -0.7012 -0.0915 -0.7071
vn -0.7020 0.0849 -0.7071
vn -0.6591 0.2560 -0.7071
vn -0.6486 0.2816 -0.7071
vn 0.4478 0.5473 -0.7071
vn 0.4466 0.5482 -0.7071
vn 0.4444 0.5500 -0.7071
vn 0.4433 0.5509 -0.7071
vn 0.4636 0.5339 -0.7071
vn 0.4833 0.5161 -0.7071
vn 0.5370 0.4601 -0.7071
vn 0.5841 0.3985 -0.7071
vn 0.6503 0.2777 -0.7071
vn 0.6918 0.1464 -0.7071
vn 0.7057 -0.0441 -0.7071
vn 0.6682 -0.2314 -0.7071
vn 0.5719 0.4159 -0.7071
vn 0.5412 0.4550 -0.7071
vn 0.5080 0.4919 -0.7071
vn 0.4787 0.5205 -0.7071
vn -0.7043 -0.0632 -0.7071
vn -0.7068 0.0202 -0.7071
vn -0.6995 0.1033 -0.7071
vn -0.6301 0.3208 -0.7071
vn -0.4951 0.5048 -0.7071
vn -0.3904 0.5896 -0.7071
vn -0.2714 0.6529 -0.7071
vn 0.7049 0.0552 -0.7071
vn 0.6912 0.1492 -0.7071
vn 0.7037 0.0691 -0.7071
vn 0.7070 -0.0120 -0.7071
vn 0.3757 -0.5991 -0.7071
vn -0.2971 -0.6417 -0.7071
vn -0.5449 -0.4507 -0.7071
vn -0.6860 -0.1715 -0.7071
vn -0.6981 -0.1127 -0.7071
vn -0.7051 -0.0531 -0.7071
vn 0.4758 -0.5230 -0.7071
vn 0.5256 -0.4730 -0.7071
vn 0.5701 -0.4183 -0.7071
vn 0.6185 -0.3427 -0.7071
vn 0.6570 -0.2616 -0.7071
vn 0.6904 -0.1527 -0.7071
vn 0.7060 -0.0398 -0.7071
vn 0.6830 -0.1830 -0.7071
vn 0.6917 -0.1468 -0.7071
vn 0.6984 -0.1103 -0.7071
vn -0.6886 -0.1609 -0.7071
vn -0.6623 -0.2478 -0.7071
vn -0.6251 -0.3306 -0.7071
vn -0.5701 -0.4183 -0.7071
vn -0.5030 -0.4970 -0.7071
vn 0.6401 0.3006 -0.7071
vn 0.6512 0.2756 -0.7071
vn 0.6613 0.2503 -0.7071
vn 0.6937 0.1373 -0.7071
vn 0.7068 0.0205 -0.7071
vn -0.4948 -0.5051 -0.7071
vn -0.4773 -0.5217 -0.7071
vn -0.4592 -0.5377 -0.7071
vn -0.3429 -0.6184 -0.7071
vn -0.2129 -0.6743 -0.7071
vn 0.4494 0.5459 -0.7071
vn 0.5148 0.4848 -0.7071
vn 0.6220 0.3363 -0.7071
vn 0.6612 0.2507 -0.7071
vn -0.4590 -0.5379 -0.7071
vn -0.4285 -0.5625 -0.7071
vn -0.3967 -0.5853 -0.7071
vn -0.3101 -0.6355 -0.7071
vn -0.2173 -0.6729 -0.7071
vn -0.1703 -0.6863 -0.7071
vn -0.1224 -0.6964 -0.7071
vn -0.0672 -0.7039 -0.7071
vn -0.0115 -0.7070 -0.7071
vn 0.2266 0.6698 -0.7071
vn 0.2226 0.6711 -0.7071
vn 0.2144 0.6738 -0.7071
vn 0.2103 0.6751 -0.7071
vn 0.2569 0.6588 -0.7071
vn 0.3023 0.6392 -0.7071
vn 0.3671 0.6044 -0.7071
vn 0.4279 0.5629 -0.7071
vn 0.4910 0.5089 -0.7071
vn 0.5473 0.4478 -0.7071
vn -0.1198 -0.6969 -0.7071
vn -0.1192 -0.6970 -0.7071
vn -0.1179 -0.6972 -0.7071
vn -0.1173 -0.6973 -0.7071
vn -0.0554 -0.7049 -0.7071
vn 0.0070 -0.7071 -0.7071
vn 0.1424 -0.6926 -0.7071
vn 0.2726 -0.6525 -0.7071
vn 0.4045 -0.5800 -0.7071
vn 0.5181 -0.4813 -0.7071
vn -0.2463 0.6628 -0.7071
vn -0.1660 0.6873 -0.7071
vn 0.0486 0.7054 -0.7071
vn 0.3409 -0.6195 -0.7071
vn 0.3420 -0.6189 -0.7071
vn 0.3441 -0.6177 -0.7071
vn 0.3452 -0.6171 -0.7071
vn 0.4279 -0.5629 -0.7071
vn 0.5022 -0.4978 -0.7071
vn 0.5838 -0.3990 -0.7071
vn 0.6462 -0.2872 -0.7071
vn 0.6730 -0.2169 -0.7071
vn 0.6922 -0.1442 -0.7071
vn 0.6996 -0.1027 -0.7071
vn 0.7045 -0.0608 -0.7071
vn -0.0151 0.7069 -0.7071
vn -0.1272 0.6956 -0.7071
vn -0.0920 0.7011 -0.7071
vn -0.0566 0.7048 -0.7071
vn -0.6159 0.3474 -0.7071
vn -0.6032 0.3690 -0.7071
vn -0.5898 0.3900 -0.7071
vn -0.5561 0.4368 -0.7071
vn -0.5186 0.4806 -0.7071
vn -0.4366 0.5562 -0.7071
vn -0.3436 0.6180 -0.7071
vn -0.2955 0.6424 -0.7071
vn -0.2457 0.6630 -0.7071
vn -0.6371 0.3068 -0.7071
vn -0.6747 0.2116 -0.7071
vn -0.6982 0.1119 -0.7071
vn 0.5150 -0.4845 -0.7071
vn -0.5150 -0.4845 -0.7071
vn 0.3810 0.5957 -0.7071
vn 0.6381 0.3047 -0.7071
vn 0.7028 -0.0781 -0.7071
vn 0.5800 -0.4044 -0.7071
vn 0.3162 -0.6325 -0.7071
vn 0.1606 -0.6886 -0.7071
vn -0.0038 -0.7071 -0.7071
vn -0.1629 -0.6881 -0.7071
vn -0.3136 -0.6338 -0.7071
vn 0.6139 0.3508 -0.7071
vn 0.5269 0.4715 -0.7071
vn 0.4166 0.5713 -0.7071
vn 0.2232 0.6710 -0.7071
vn 0.0086 0.7071 -0.7071
vn -0.1845 0.6826 -0.7071
vn -0.3636 0.6065 -0.7071
vn -0.1728 0.6857 -0.7071
vn 0.0327 0.7064 -0.7071
vn -0.1897 0.6812 -0.7071
vn -0.3931 0.5877 -0.7071
vn 0.3931 0.5877 -0.7071
vn 0.1897 0.6812 -0.7071
vn -0.0327 0.7064 -0.7071
vn 0.1728 0.6857 -0.7071
vn 0.3636 0.6065 -0.7071
vn 0.1845 0.6826 -0.7071
vn -0.0086 0.7071 -0.7071
vn -0.2232 0.6710 -0.7071
vn -0.4166 0.5713 -0.7071
vn -0.5269 0.4715 -0.7071
vn -0.6139 0.3508 -0.7071
vn 0.3136 -0.6338 -0.7071
vn 0.1629 -0.6881 -0.7071
vn 0.0038 -0.7071 -0.7071
vn -0.1606 -0.6886 -0.7071
vn -0.3162 -0.6325 -0.7071
vn -0.5800 -0.4044 -0.7071
vn -0.7028 -0.0781 -0.7071
vn -0.6381 0.3047 -0.7071
vn -0.3810 0.5957 -0.7071
vn -0.5215 0.4775 -0.7071
vn 0.7050 -0.0551 -0.7071
vn -0.4177 -0.5706 -0.7071
vn -0.7071 0.0008 -0.7071
vn -0.4501 -0.5454 -0.7071
vn -0.7047 -0.0579 -0.7071
vn 0.5224 0.4765 -0.7071
vn 0.7071 -0.0076 -0.7071
vn 0.4790 0.5238 -0.7044
vn 0.7063 -0.0339 -0.7071
vn 0.7012 -0.0915 -0.7071
vn 0.4664 0.5279 -0.7097
vn -0.7060 -0.0401 -0.7071
vn -0.7013 -0.0902 -0.7071
vn 0.6094 -0.3587 -0.7071
vn 0.6688 -0.2297 -0.7071
vn 0.7020 0.0849 -0.7071
vn 0.6591 0.2560 -0.7071
vn 0.6486 0.2816 -0.7071
vn -0.5719 0.4159 -0.7071
vn -0.5413 0.4550 -0.7071
vn 0.7043 -0.0632 -0.7071
vn 0.7068 0.0202 -0.7071
vn 0.6995 0.1033 -0.7071
vn 0.6302 0.3208 -0.7071
vn 0.4951 0.5048 -0.7071
vn 0.3904 0.5896 -0.7071
vn 0.2714 0.6529 -0.7071
vn -0.7050 0.0552 -0.7071
vn -0.6912 0.1492 -0.7071
vn -0.7037 0.0691 -0.7071
vn -0.7070 -0.0120 -0.7071
vn -0.3757 -0.5991 -0.7071
vn 0.2971 -0.6417 -0.7071
vn 0.5449 -0.4507 -0.7071
vn 0.6860 -0.1715 -0.7071
vn 0.6981 -0.1127 -0.7071
vn 0.7051 -0.0531 -0.7071
vn -0.4758 -0.5230 -0.7071
vn -0.5256 -0.4730 -0.7071
vn -0.6185 -0.3427 -0.7071
vn -0.6570 -0.2616 -0.7071
vn -0.6904 -0.1526 -0.7071
vn -0.7060 -0.0398 -0.7071
vn -0.6830 -0.1830 -0.7071
vn -0.6917 -0.1468 -0.7071
vn -0.6984 -0.1103 -0.7071
vn 0.6886 -0.1609 -0.7071
vn 0.6623 -0.2478 -0.7071
vn 0.6251 -0.3306 -0.7071
vn 0.5030 -0.4970 -0.7071
vn -0.6400 0.3006 -0.7071
vn -0.6512 0.2756 -0.7071
vn -0.6614 0.2503 -0.7071
vn -0.6937 0.1373 -0.7071
vn -0.7068 0.0205 -0.7071
vn 0.4948 -0.5051 -0.7071
vn 0.4773 -0.5217 -0.7071
vn 0.4592 -0.5377 -0.7071
vn 0.3429 -0.6184 -0.7071
vn 0.2129 -0.6743 -0.7071
vn -0.4494 0.5459 -0.7071
vn -0.5147 0.4848 -0.7071
vn -0.6221 0.3363 -0.7071
vn -0.6612 0.2507 -0.7071
vn 0.4590 -0.5379 -0.7071
vn 0.4285 -0.5625 -0.7071
vn 0.3967 -0.5853 -0.7071
vn 0.3101 -0.6355 -0.7071
vn 0.2173 -0.6729 -0.7071
vn 0.1703 -0.6863 -0.7071
vn 0.1224 -0.6964 -0.7071
vn 0.0672 -0.7039 -0.7071
vn 0.0115 -0.7070 -0.7071
vn -0.2266 0.6698 -0.7071
vn -0.2226 0.6712 -0.7071
vn -0.2144 0.6738 -0.7071
vn -0.2103 0.6751 -0.7071
vn -0.2569 0.6588 -0.7071
vn -0.3023 0.6392 -0.7071
vn -0.3671 0.6044 -0.7071
vn -0.4279 0.5629 -0.7071
vn -0.4910 0.5089 -0.7071
vn -0.5473 0.4478 -0.7071
vn 0.1198 -0.6969 -0.7071
vn 0.1192 -0.6970 -0.7071
vn 0.1179 -0.6972 -0.7071
vn 0.1173 -0.6973 -0.7071
vn 0.0554 -0.7049 -0.7071
vn -0.0070 -0.7071 -0.7071
vn -0.1424 -0.6926 -0.7071
vn -0.2726 -0.6525 -0.7071
vn -0.4045 -0.5800 -0.7071
vn -0.5181 -0.4813 -0.7071
vn 0.2463 0.6628 -0.7071
vn 0.1660 0.6873 -0.7071
vn -0.0486 0.7054 -0.7071
vn -0.3409 -0.6195 -0.7071
vn -0.3420 -0.6189 -0.7071
vn -0.3441 -0.6177 -0.7071
vn -0.3452 -0.6171 -0.7071
vn -0.4279 -0.5629 -0.7071
vn -0.5022 -0.4978 -0.7071
vn -0.5838 -0.3990 -0.7071
vn -0.6462 -0.2872 -0.7071
vn -0.6730 -0.2169 -0.7071
vn -0.6922 -0.1442 -0.7071
vn -0.6996 -0.1027 -0.7071
vn -0.7045 -0.0608 -0.7071
vn 0.0151 0.7069 -0.7071
vn 0.1272 0.6956 -0.7071
vn 0.0920 0.7011 -0.7071
vn 0.0566 0.7048 -0.7071
vn 0.6159 0.3474 -0.7071
vn 0.6032 0.3690 -0.7071
vn 0.5898 0.3900 -0.7071
vn 0.5561 0.4368 -0.7071
vn 0.5187 0.4806 -0.7071
vn 0.4366 0.5562 -0.7071
vn 0.3436 0.6180 -0.7071
vn 0.2955 0.6424 -0.7071
vn 0.2457 0.6631 -0.7071
vn 0.6371 0.3068 -0.7071
vn 0.6747 0.2115 -0.7071
vn 0.6982 0.1119 -0.7071
vn 0.7062 0.0356 -0.7071
vn -0.0636 -0.2833 -0.9569
vn 0.2453 -0.1554 -0.9569
vn -0.1045 0.2709 -0.9569
vn -0.0774 -0.2799 -0.9569
vn 0.2374 -0.1672 -0.9569
vn -0.0911 0.2757 -0.9569
vn -0.0911 -0.2757 -0.9569
vn 0.2289 -0.1787 -0.9569
vn -0.0774 0.2799 -0.9569
vn -0.1045 -0.2709 -0.9569
vn 0.2199 -0.1897 -0.9569
vn -0.0636 0.2833 -0.9569
vn -0.1177 -0.2655 -0.9569
vn 0.2103 -0.2002 -0.9569
vn -0.0496 0.2861 -0.9569
vn -0.1306 -0.2594 -0.9569
vn 0.2002 -0.2103 -0.9569
vn -0.0355 0.2882 -0.9569
vn -0.1431 -0.2527 -0.9569
vn 0.1897 -0.2199 -0.9569
vn -0.0214 0.2896 -0.9569
vn -0.1554 -0.2453 -0.9569
vn 0.1787 -0.2289 -0.9569
vn -0.0071 0.2903 -0.9569
vn -0.1672 -0.2374 -0.9569
vn 0.1672 -0.2374 -0.9569
vn 0.0071 0.2903 -0.9569
vn -0.1787 -0.2289 -0.9569
vn 0.1554 -0.2453 -0.9569
vn 0.0214 0.2896 -0.9569
vn -0.1897 -0.2199 -0.9569
vn 0.1431 -0.2527 -0.9569
vn 0.0355 0.2882 -0.9569
vn -0.2002 -0.2103 -0.9569
vn 0.1306 -0.2594 -0.9569
vn 0.0496 0.2861 -0.9569
vn -0.2103 -0.2002 -0.9569
vn 0.1177 -0.2655 -0.9569
vn 0.0636 0.2833 -0.9569
vn -0.2199 -0.1897 -0.9569
vn 0.1045 -0.2709 -0.9569
vn 0.0774 0.2799 -0.9569
vn -0.2289 -0.1787 -0.9569
vn 0.0911 -0.2757 -0.9569
vn 0.0911 0.2757 -0.9569
vn -0.2374 -0.1672 -0.9569
vn 0.0774 -0.2799 -0.9569
vn 0.1045 0.2709 -0.9569
vn -0.2453 -0.1554 -0.9569
vn 0.0636 -0.2833 -0.9569
vn 0.1177 0.2655 -0.9569
vn -0.2527 -0.1431 -0.9569
vn 0.0496 -0.2861 -0.9569
vn 0.1306 0.2594 -0.9569
vn -0.2594 -0.1306 -0.9569
vn 0.0355 -0.2882 -0.9569
vn 0.1431 0.2527 -0.9569
vn -0.2655 -0.1177 -0.9569
vn 0.0214 -0.2896 -0.9569
vn 0.1554 0.2453 -0.9569
vn -0.2709 -0.1045 -0.9569
vn 0.0071 -0.2903 -0.9569
vn 0.1672 0.2374 -0.9569
vn -0.2757 -0.0911 -0.9569
vn 0.1787 0.2289 -0.9569
vn -0.2799 -0.0774 -0.9569
vn 0.1897 0.2199 -0.9569
vn -0.2833 -0.0636 -0.9569
vn 0.2002 0.2103 -0.9569
vn -0.2861 -0.0496 -0.9569
vn 0.2103 0.2002 -0.9569
vn -0.2882 -0.0355 -0.9569
vn 0.2199 0.1897 -0.9569
vn -0.2896 -0.0214 -0.9569
vn 0.2289 0.1787 -0.9569
vn -0.2903 -0.0071 -0.9569
vn 0.2374 0.1672 -0.9569
vn -0.2903 0.0071 -0.9569
vn 0.2453 0.1554 -0.9569
vn -0.2896 0.0214 -0.9569
vn 0.2527 0.1431 -0.9569
vn -0.2882 0.0355 -0.9569
vn 0.2594 0.1306 -0.9569
vn -0.2861 0.0496 -0.9569
vn 0.2655 0.1177 -0.9569
vn -0.2833 0.0636 -0.9569
vn 0.2709 0.1045 -0.9569
vn -0.2799 0.0775 -0.9569
vn 0.2757 0.0911 -0.9569
vn -0.2757 0.0911 -0.9569
vn 0.2799 0.0774 -0.9569
vn -0.2709 0.1045 -0.9569
vn 0.2833 0.0636 -0.9569
vn -0.2655 0.1177 -0.9569
vn 0.2861 0.0496 -0.9569
vn -0.2594 0.1306 -0.9569
vn 0.2882 0.0355 -0.9569
vn -0.2527 0.1431 -0.9569
vn 0.2896 0.0214 -0.9569
vn -0.2453 0.1554 -0.9569
vn 0.2903 0.0071 -0.9569
vn -0.2374 0.1672 -0.9569
vn 0.2903 -0.0071 -0.9569
vn -0.2289 0.1787 -0.9569
vn 0.2896 -0.0214 -0.9569
vn -0.2199 0.1897 -0.9569
vn 0.2882 -0.0355 -0.9569
vn -0.2103 0.2002 -0.9569
vn 0.2861 -0.0496 -0.9569
vn -0.2002 0.2103 -0.9569
vn 0.2833 -0.0636 -0.9569
vn -0.1897 0.2199 -0.9569
vn 0.2799 -0.0774 -0.9569
vn -0.1787 0.2289 -0.9569
vn 0.2757 -0.0911 -0.9569
vn -0.1672 0.2374 -0.9569
vn -0.0071 -0.2903 -0.9569
vn 0.2709 -0.1045 -0.9569
vn -0.1554 0.2453 -0.9569
vn -0.0214 -0.2896 -0.9569
vn 0.2655 -0.1177 -0.9569
vn -0.1431 0.2527 -0.9569
vn -0.0355 -0.2882 -0.9569
vn 0.2594 -0.1306 -0.9569
vn -0.1306 0.2594 -0.9569
vn -0.0496 -0.2861 -0.9569
vn 0.2527 -0.1431 -0.9569
vn -0.1177 0.2655 -0.9569
vn -0.0127 0.2584 -0.9659
vn -0.0000 0.2587 -0.9659
vn -0.0174 0.7069 -0.7071
vn -0.0237 0.9656 -0.2588
vn -0.0254 0.2575 -0.9659
vn -0.0520 0.7052 -0.7071
vn -0.0711 0.9633 -0.2588
vn -0.0380 0.2559 -0.9659
vn -0.0866 0.7018 -0.7071
vn -0.1182 0.9587 -0.2588
vn -0.0505 0.2538 -0.9659
vn -0.1209 0.6967 -0.7071
vn -0.1651 0.9517 -0.2588
vn -0.0629 0.2510 -0.9659
vn -0.1549 0.6899 -0.7071
vn -0.2116 0.9425 -0.2588
vn -0.0751 0.2476 -0.9659
vn -0.1886 0.6815 -0.7071
vn -0.2576 0.9309 -0.2588
vn -0.0872 0.2436 -0.9659
vn -0.2218 0.6714 -0.7071
vn -0.3030 0.9172 -0.2588
vn -0.0990 0.2391 -0.9659
vn -0.2545 0.6597 -0.7071
vn -0.3476 0.9012 -0.2588
vn -0.1106 0.2339 -0.9659
vn -0.2866 0.6464 -0.7071
vn -0.3914 0.8831 -0.2588
vn -0.1220 0.2282 -0.9659
vn -0.3179 0.6316 -0.7071
vn -0.4343 0.8628 -0.2588
vn -0.1330 0.2219 -0.9659
vn -0.3485 0.6152 -0.7071
vn -0.4761 0.8404 -0.2588
vn -0.1438 0.2151 -0.9659
vn -0.3783 0.5974 -0.7071
vn -0.5168 0.8161 -0.2588
vn -0.1541 0.2078 -0.9659
vn -0.4072 0.5781 -0.7071
vn -0.5562 0.7897 -0.2588
vn -0.1641 0.2000 -0.9659
vn -0.4350 0.5574 -0.7071
vn -0.5943 0.7615 -0.2588
vn -0.1738 0.1917 -0.9659
vn -0.4619 0.5354 -0.7071
vn -0.6309 0.7314 -0.2588
vn -0.1830 0.1830 -0.9659
vn -0.4876 0.5121 -0.7071
vn -0.6660 0.6996 -0.2588
vn -0.1917 0.1738 -0.9659
vn -0.5121 0.4876 -0.7071
vn -0.6996 0.6660 -0.2588
vn -0.2000 0.1641 -0.9659
vn -0.5354 0.4619 -0.7071
vn -0.7314 0.6309 -0.2588
vn -0.2078 0.1541 -0.9659
vn -0.5574 0.4350 -0.7071
vn -0.7615 0.5943 -0.2588
vn -0.2151 0.1438 -0.9659
vn -0.5781 0.4072 -0.7071
vn -0.7897 0.5562 -0.2588
vn -0.2219 0.1330 -0.9659
vn -0.5974 0.3783 -0.7071
vn -0.8161 0.5168 -0.2588
vn -0.2282 0.1220 -0.9659
vn -0.6152 0.3485 -0.7071
vn -0.8404 0.4761 -0.2588
vn -0.2339 0.1106 -0.9659
vn -0.6316 0.3179 -0.7071
vn -0.8628 0.4343 -0.2588
vn -0.2390 0.0990 -0.9659
vn -0.6465 0.2866 -0.7071
vn -0.8831 0.3914 -0.2588
vn -0.2436 0.0872 -0.9659
vn -0.6597 0.2545 -0.7071
vn -0.9012 0.3476 -0.2588
vn -0.2476 0.0751 -0.9659
vn -0.6714 0.2218 -0.7071
vn -0.9172 0.3030 -0.2588
vn -0.2510 0.0629 -0.9659
vn -0.6815 0.1886 -0.7071
vn -0.9309 0.2576 -0.2588
vn -0.2538 0.0505 -0.9659
vn -0.6899 0.1549 -0.7071
vn -0.9425 0.2116 -0.2588
vn -0.2559 0.0380 -0.9659
vn -0.6967 0.1209 -0.7071
vn -0.9517 0.1651 -0.2588
vn -0.2575 0.0254 -0.9659
vn -0.7018 0.0866 -0.7071
vn -0.9587 0.1182 -0.2588
vn -0.2584 0.0127 -0.9659
vn -0.7052 0.0520 -0.7071
vn -0.9633 0.0711 -0.2588
vn -0.2587 0.0000 -0.9659
vn -0.7069 0.0174 -0.7071
vn -0.9656 0.0237 -0.2588
vn -0.2584 -0.0127 -0.9659
vn -0.7069 -0.0174 -0.7071
vn -0.9656 -0.0237 -0.2588
vn -0.2575 -0.0254 -0.9659
vn -0.7052 -0.0520 -0.7071
vn -0.9633 -0.0711 -0.2588
vn -0.2560 -0.0380 -0.9659
vn -0.7018 -0.0866 -0.7071
vn -0.9587 -0.1182 -0.2588
vn -0.2538 -0.0505 -0.9659
vn -0.6967 -0.1209 -0.7071
vn -0.9517 -0.1651 -0.2588
vn -0.2510 -0.0629 -0.9659
vn -0.6899 -0.1549 -0.7071
vn -0.9425 -0.2116 -0.2588
vn -0.2476 -0.0751 -0.9659
vn -0.6815 -0.1886 -0.7071
vn -0.9309 -0.2576 -0.2588
vn -0.2436 -0.0872 -0.9659
vn -0.6714 -0.2218 -0.7071
vn -0.9172 -0.3030 -0.2588
vn -0.2391 -0.0990 -0.9659
vn -0.6597 -0.2545 -0.7071
vn -0.9012 -0.3476 -0.2588
vn -0.2339 -0.1106 -0.9659
vn -0.6464 -0.2866 -0.7071
vn -0.8831 -0.3914 -0.2588
vn -0.2282 -0.1220 -0.9659
vn -0.6316 -0.3179 -0.7071
vn -0.8628 -0.4343 -0.2588
vn -0.2219 -0.1330 -0.9659
vn -0.6152 -0.3485 -0.7071
vn -0.8404 -0.4761 -0.2588
vn -0.2151 -0.1438 -0.9659
vn -0.5974 -0.3783 -0.7071
vn -0.8161 -0.5168 -0.2588
vn -0.2078 -0.1541 -0.9659
vn -0.5781 -0.4072 -0.7071
vn -0.7897 -0.5562 -0.2588
vn -0.2000 -0.1641 -0.9659
vn -0.5574 -0.4350 -0.7071
vn -0.7615 -0.5943 -0.2588
vn -0.1917 -0.1738 -0.9659
vn -0.5354 -0.4619 -0.7071
vn -0.7314 -0.6309 -0.2588
vn -0.1830 -0.1830 -0.9659
vn -0.5121 -0.4876 -0.7071
vn -0.6996 -0.6660 -0.2588
vn -0.1738 -0.1917 -0.9659
vn -0.4876 -0.5121 -0.7071
vn -0.6660 -0.6996 -0.2588
vn -0.1641 -0.2000 -0.9659
vn -0.4619 -0.5354 -0.7071
vn -0.6309 -0.7314 -0.2588
vn -0.1541 -0.2078 -0.9659
vn -0.4350 -0.5574 -0.7071
vn -0.5943 -0.7615 -0.2588
vn -0.1438 -0.2151 -0.9659
vn -0.4072 -0.5781 -0.7071
vn -0.5562 -0.7897 -0.2588
vn -0.1330 -0.2219 -0.9659
vn -0.3783 -0.5974 -0.7071
vn -0.5168 -0.8161 -0.2588
vn -0.1220 -0.2282 -0.9659
vn -0.3485 -0.6152 -0.7071
vn -0.4761 -0.8404 -0.2588
vn -0.1106 -0.2339 -0.9659
vn -0.3179 -0.6316 -0.7071
vn -0.4343 -0.8628 -0.2588
vn -0.0990 -0.2391 -0.9659
vn -0.2865 -0.6464 -0.7071
vn -0.3914 -0.8831 -0.2588
vn -0.0872 -0.2436 -0.9659
vn -0.2545 -0.6597 -0.7071
vn -0.3476 -0.9012 -0.2588
vn -0.0751 -0.2476 -0.9659
vn -0.2218 -0.6714 -0.7071
vn -0.3030 -0.9172 -0.2588
vn -0.0629 -0.2510 -0.9659
vn -0.1886 -0.6815 -0.7071
vn -0.2576 -0.9309 -0.2588
vn -0.0505 -0.2538 -0.9659
vn -0.1549 -0.6899 -0.7071
vn -0.2116 -0.9425 -0.2588
vn -0.0380 -0.2559 -0.9659
vn -0.1209 -0.6967 -0.7071
vn -0.1651 -0.9517 -0.2588
vn -0.0254 -0.2575 -0.9659
vn -0.0866 -0.7018 -0.7071
vn -0.1182 -0.9587 -0.2588
vn -0.0127 -0.2584 -0.9659
vn -0.0520 -0.7052 -0.7071
vn -0.0711 -0.9633 -0.2588
vn -0.0000 -0.2587 -0.9659
vn -0.0174 -0.7069 -0.7071
vn -0.0237 -0.9656 -0.2588
vn 0.0127 -0.2584 -0.9659
vn 0.0173 -0.7069 -0.7071
vn 0.0237 -0.9656 -0.2588
vn 0.0254 -0.2575 -0.9659
vn 0.0520 -0.7052 -0.7071
vn 0.0711 -0.9633 -0.2588
vn 0.0380 -0.2559 -0.9659
vn 0.0866 -0.7018 -0.7071
vn 0.1182 -0.9587 -0.2588
vn 0.0505 -0.2538 -0.9659
vn 0.1209 -0.6967 -0.7071
vn 0.1651 -0.9517 -0.2588
vn 0.0629 -0.2510 -0.9659
vn 0.1549 -0.6899 -0.7071
vn 0.2116 -0.9425 -0.2588
vn 0.0751 -0.2476 -0.9659
vn 0.1886 -0.6815 -0.7071
vn 0.2576 -0.9309 -0.2588
vn 0.0872 -0.2436 -0.9659
vn 0.2218 -0.6714 -0.7071
vn 0.3030 -0.9172 -0.2588
vn 0.0990 -0.2391 -0.9659
vn 0.2545 -0.6597 -0.7071
vn 0.3476 -0.9012 -0.2588
vn 0.1106 -0.2339 -0.9659
vn 0.2866 -0.6465 -0.7071
vn 0.3914 -0.8831 -0.2588
vn 0.1220 -0.2282 -0.9659
vn 0.3179 -0.6316 -0.7071
vn 0.4343 -0.8628 -0.2588
vn 0.1330 -0.2219 -0.9659
vn 0.3485 -0.6152 -0.7071
vn 0.4761 -0.8404 -0.2588
vn 0.1438 -0.2151 -0.9659
vn 0.3783 -0.5974 -0.7071
vn 0.5168 -0.8161 -0.2588
vn 0.1541 -0.2078 -0.9659
vn 0.4072 -0.5781 -0.7071
vn 0.5562 -0.7897 -0.2588
vn 0.1641 -0.2000 -0.9659
vn 0.4350 -0.5574 -0.7071
vn 0.5943 -0.7615 -0.2588
vn 0.1738 -0.1917 -0.9659
vn 0.4619 -0.5354 -0.7071
vn 0.6309 -0.7314 -0.2588
vn 0.1830 -0.1830 -0.9659
vn 0.4876 -0.5121 -0.7071
vn 0.6660 -0.6996 -0.2588
vn 0.1917 -0.1738 -0.9659
vn 0.5121 -0.4876 -0.7071
vn 0.6996 -0.6660 -0.2588
vn 0.2000 -0.1641 -0.9659
vn 0.5354 -0.4619 -0.7071
vn 0.7314 -0.6309 -0.2588
vn 0.2078 -0.1541 -0.9659
vn 0.5574 -0.4350 -0.7071
vn 0.7615 -0.5943 -0.2588
vn 0.2151 -0.1438 -0.9659
vn 0.5781 -0.4072 -0.7071
vn 0.7897 -0.5562 -0.2588
vn 0.2219 -0.1330 -0.9659
vn 0.5974 -0.3783 -0.7071
vn 0.8161 -0.5168 -0.2588
vn 0.2282 -0.1220 -0.9659
vn 0.6152 -0.3485 -0.7071
vn 0.8404 -0.4761 -0.2588
vn 0.2339 -0.1106 -0.9659
vn 0.6316 -0.3179 -0.7071
vn 0.8628 -0.4343 -0.2588
vn 0.2390 -0.0990 -0.9659
vn 0.6464 -0.2866 -0.7071
vn 0.8831 -0.3914 -0.2588
vn 0.2436 -0.0872 -0.9659
vn 0.6597 -0.2545 -0.7071
vn 0.9012 -0.3476 -0.2588
vn 0.2476 -0.0751 -0.9659
vn 0.6714 -0.2218 -0.7071
vn 0.9172 -0.3030 -0.2588
vn 0.2510 -0.0629 -0.9659
vn 0.6815 -0.1886 -0.7071
vn 0.9309 -0.2576 -0.2588
vn 0.2538 -0.0505 -0.9659
vn 0.6899 -0.1549 -0.7071
vn 0.9425 -0.2116 -0.2588
vn 0.2560 -0.0380 -0.9659
vn 0.6967 -0.1209 -0.7071
vn 0.9517 -0.1651 -0.2588
vn 0.2575 -0.0254 -0.9659
vn 0.7018 -0.0866 -0.7071
vn 0.9587 -0.1182 -0.2588
vn 0.2584 -0.0127 -0.9659
vn 0.7052 -0.0520 -0.7071
vn 0.9633 -0.0711 -0.2588
vn 0.2587 0.0000 -0.9659
vn 0.7069 -0.0174 -0.7071
vn 0.9656 -0.0237 -0.2588
vn 0.2584 0.0127 -0.9659
vn 0.7069 0.0174 -0.7071
vn 0.9656 0.0237 -0.2588
vn 0.2575 0.0254 -0.9659
vn 0.7052 0.0520 -0.7071
vn 0.9633 0.0711 -0.2588
vn 0.2559 0.0380 -0.9659
vn 0.7018 0.0866 -0.7071
vn 0.9587 0.1182 -0.2588
vn 0.2538 0.0505 -0.9659
vn 0.6967 0.1209 -0.7071
vn 0.9517 0.1651 -0.2588
vn 0.2510 0.0629 -0.9659
vn 0.6899 0.1549 -0.7071
vn 0.9425 0.2116 -0.2588
vn 0.2476 0.0751 -0.9659
vn 0.6815 0.1886 -0.7071
vn 0.9309 0.2576 -0.2588
vn 0.2436 0.0872 -0.9659
vn 0.6714 0.2218 -0.7071
vn 0.9172 0.3030 -0.2588
vn 0.2390 0.0990 -0.9659
vn 0.6597 0.2545 -0.7071
vn 0.9012 0.3476 -0.2588
vn 0.2339 0.1106 -0.9659
vn 0.6464 0.2866 -0.7071
vn 0.8831 0.3914 -0.2588
vn 0.2282 0.1220 -0.9659
vn 0.6316 0.3179 -0.7071
vn 0.8628 0.4343 -0.2588
vn 0.2219 0.1330 -0.9659
vn 0.6152 0.3485 -0.7071
vn 0.8404 0.4761 -0.2588
vn 0.2151 0.1438 -0.9659
vn 0.5974 0.3783 -0.7071
vn 0.8161 0.5168 -0.2588
vn 0.2078 0.1541 -0.9659
vn 0.5781 0.4072 -0.7071
vn 0.7897 0.5562 -0.2588
vn 0.2000 0.1641 -0.9659
vn 0.5574 0.4350 -0.7071
vn 0.7615 0.5943 -0.2588
vn 0.1917 0.1738 -0.9659
vn 0.5354 0.4619 -0.7071
vn 0.7314 0.6309 -0.2588
vn 0.1830 0.1830 -0.9659
vn 0.5121 0.4876 -0.7071
vn 0.6996 0.6660 -0.2588
vn 0.1738 0.1917 -0.9659
vn 0.4876 0.5121 -0.7071
vn 0.6660 0.6996 -0.2588
vn 0.1641 0.2000 -0.9659
vn 0.4619 0.5354 -0.7071
vn 0.6309 0.7314 -0.2588
vn 0.1541 0.2078 -0.9659
vn 0.4350 0.5574 -0.7071
vn 0.5943 0.7615 -0.2588
vn 0.1438 0.2151 -0.9659
vn 0.4072 0.5781 -0.7071
vn 0.5562 0.7897 -0.2588
vn 0.1330 0.2219 -0.9659
vn 0.3783 0.5974 -0.7071
vn 0.5168 0.8161 -0.2588
vn 0.1220 0.2282 -0.9659
vn 0.3485 0.6152 -0.7071
vn 0.4761 0.8404 -0.2588
vn 0.1106 0.2339 -0.9659
vn 0.3179 0.6316 -0.7071
vn 0.4343 0.8628 -0.2588
vn 0.0990 0.2391 -0.9659
vn 0.2866 0.6464 -0.7071
vn 0.3914 0.8831 -0.2588
vn 0.0872 0.2436 -0.9659
vn 0.2545 0.6597 -0.7071
vn 0.3476 0.9012 -0.2588
vn 0.0751 0.2476 -0.9659
vn 0.2218 0.6714 -0.7071
vn 0.3030 0.9172 -0.2588
vn 0.0629 0.2510 -0.9659
vn 0.1886 0.6815 -0.7071
vn 0.2576 0.9309 -0.2588
vn 0.0505 0.2538 -0.9659
vn 0.1549 0.6899 -0.7071
vn 0.2116 0.9425 -0.2588
vn 0.0380 0.2559 -0.9659
vn 0.1209 0.6967 -0.7071
vn 0.1651 0.9517 -0.2588
vn 0.0254 0.2575 -0.9659
vn 0.0866 0.7018 -0.7071
vn 0.1182 0.9587 -0.2588
vn 0.0127 0.2584 -0.9659
vn 0.0520 0.7052 -0.7071
vn 0.0711 0.9633 -0.2588
vn 0.0174 0.7069 -0.7071
vn 0.0237 0.9656 -0.2588
usemtl None
s 1
f 1648/1/1 1523/2/1 74/3/1 73/4/1
f 1649/5/1 1524/6/1 23/7/1 22/8/1
f 1650/9/1 1525/10/1 126/11/1 125/12/1
f 1523/2/1 1526/13/1 75/14/1 74/3/1
f 1524/6/1 1527/15/1 24/16/1 23/7/1
f 1525/10/1 1528/17/1 127/18/1 126/11/1
f 1526/13/1 1529/19/1 76/20/1 75/14/1
f 1527/15/1 1530/21/1 25/22/1 24/16/1
f 1528/17/1 1531/23/1 128/24/1 127/18/1
f 1529/19/1 1532/25/1 77/26/1 76/20/1
f 1530/21/1 1533/27/1 26/28/1 25/22/1
f 1531/23/1 1534/29/1 1/30/1 128/24/1
f 1532/25/1 1535/31/1 78/32/1 77/26/1
f 1533/27/1 1536/33/1 27/34/1 26/28/1
f 1535/31/1 1537/35/1 79/36/1 78/32/1
f 1536/33/1 1538/37/1 28/38/1 27/34/1
f 1537/35/1 1539/39/1 80/40/1 79/36/1
f 1538/37/1 1540/41/1 29/42/1 28/38/1
f 1539/39/1 1541/43/1 81/44/1 80/40/1
f 1540/41/1 1542/45/1 30/46/1 29/42/1
f 1541/43/1 1543/47/1 82/48/1 81/44/1
f 1542/45/1 1544/49/1 31/50/1 30/46/1
f 1543/47/1 1545/51/1 83/52/1 82/48/1
f 1544/49/1 1546/53/1 32/54/1 31/50/1
f 1545/51/1 1547/55/1 84/56/1 83/52/1
f 1546/53/1 1548/57/1 33/58/1 32/54/1
f 1547/55/1 1549/59/1 85/60/1 84/56/1
f 1548/57/1 1550/61/1 34/62/1 33/58/1
f 1549/59/1 1551/63/1 86/64/1 85/60/1
f 1550/61/1 1552/65/1 35/66/1 34/62/1
f 1551/63/1 1553/67/1 87/68/1 86/64/1
f 1552/65/1 1554/69/1 36/70/1 35/66/1
f 1553/67/1 1555/71/1 88/72/1 87/68/1
f 1554/69/1 1556/73/1 37/74/1 36/70/1
f 1555/71/1 1557/75/1 89/76/1 88/72/1
f 1556/73/1 1558/77/1 38/78/1 37/74/1
f 1557/75/1 1559/79/1 90/80/1 89/76/1
f 1558/77/1 1560/81/1 39/82/1 38/78/1
f 1559/79/1 1561/83/1 91/84/1 90/80/1
f 1560/81/1 1562/85/1 40/86/1 39/82/1
f 1561/83/1 1563/87/1 92/88/1 91/84/1
f 1562/85/1 1564/89/1 41/90/1 40/86/1
f 1563/87/1 1565/91/1 93/92/1 92/88/1
f 1564/89/1 1566/93/1 42/94/1 41/90/1
f 1565/91/1 1567/95/1 94/96/1 93/92/1
f 1566/93/1 1568/97/1 43/98/1 42/94/1
f 1567/95/1 1569/99/1 95/100/1 94/96/1
f 1568/97/1 1570/101/1 44/102/1 43/98/1
f 1569/99/1 1571/103/1 96/104/1 95/100/1
f 1570/101/1 1572/105/1 45/106/1 44/102/1
f 1571/103/1 1573/107/1 97/108/1 96/104/1
f 1572/105/1 1574/109/1 46/110/1 45/106/1
f 1573/107/1 1575/111/1 98/112/1 97/108/1
f 1574/109/1 1576/113/1 47/114/1 46/110/1
f 1575/111/1 1577/115/1 99/116/1 98/112/1
f 1576/113/1 1578/117/1 48/118/1 47/114/1
f 1577/115/1 1579/119/1 100/120/1 99/116/1
f 1578/117/1 1580/121/1 49/122/1 48/118/1
f 1579/119/1 1581/123/1 101/124/1 100/120/1
f 1580/121/1 1582/125/1 50/126/1 49/122/1
f 1581/123/1 1583/127/1 102/128/1 101/124/1
f 1582/125/1 1584/129/1 51/130/1 50/126/1
f 1583/127/1 1585/131/1 103/132/1 102/128/1
f 1584/129/1 1586/133/1 52/134/1 51/130/1
f 1585/131/1 1587/135/1 104/136/1 103/132/1
f 1586/133/1 1588/137/1 53/138/1 52/134/1
f 1534/29/1 1589/139/1 2/140/1 1/30/1
f 1587/135/1 1590/141/1 105/142/1 104/136/1
f 1588/137/1 1591/143/1 54/144/1 53/138/1
f 1589/139/1 1592/145/1 3/146/1 2/140/1
f 1590/141/1 1593/147/1 106/148/1 105/142/1
f 1591/143/1 1594/149/1 55/150/1 54/144/1
f 1592/145/1 1595/151/1 4/152/1 3/146/1
f 1593/147/1 1596/153/1 107/154/1 106/148/1
f 1594/149/1 1597/155/1 56/156/1 55/150/1
f 1595/151/1 1598/157/1 5/158/1 4/152/1
f 1596/153/1 1599/159/1 108/160/1 107/154/1
f 1597/155/1 1600/161/1 57/162/1 56/156/1
f 1598/157/1 1601/163/1 6/164/1 5/158/1
f 1599/159/1 1602/165/1 109/166/1 108/160/1
f 1600/161/1 1603/167/1 58/168/1 57/162/1
f 1601/163/1 1604/169/1 7/170/1 6/164/1
f 1602/165/1 1605/171/1 110/172/1 109/166/1
f 1603/167/1 1606/173/1 59/174/1 58/168/1
f 1604/169/1 1607/175/1 8/176/1 7/170/1
f 1605/171/1 1608/177/1 111/178/1 110/172/1
f 1606/173/1 1609/179/1 60/180/1 59/174/1
f 1607/175/1 1610/181/1 9/182/1 8/176/1
f 1608/177/1 1611/183/1 112/184/1 111/178/1
f 1609/179/1 1612/185/1 61/186/1 60/180/1
f 1610/181/1 1613/187/1 10/188/1 9/182/1
f 1611/183/1 1614/189/1 113/190/1 112/184/1
f 1612/185/1 1615/191/1 62/192/1 61/186/1
f 1613/187/1 1616/193/1 11/194/1 10/188/1
f 1614/189/1 1617/195/1 114/196/1 113/190/1
f 1615/191/1 1618/197/1 63/198/1 62/192/1
f 1616/193/1 1619/199/1 12/200/1 11/194/1
f 1617/195/1 1620/201/1 115/202/1 114/196/1
f 1618/197/1 1621/203/1 64/204/1 63/198/1
f 1619/199/1 1622/205/1 13/206/1 12/200/1
f 1620/201/1 1623/207/1 116/208/1 115/202/1
f 1621/203/1 1624/209/1 65/210/1 64/204/1
f 1622/205/1 1625/211/1 14/212/1 13/206/1
f 1623/207/1 1626/213/1 117/214/1 116/208/1
f 1624/209/1 1627/215/1 66/216/1 65/210/1
f 1625/211/1 1628/217/1 15/218/1 14/212/1
f 1626/213/1 1629/219/1 118/220/1 117/214/1
f 1627/215/1 1630/221/1 67/222/1 66/216/1
f 1628/217/1 1631/223/1 16/224/1 15/218/1
f 1629/219/1 1632/225/1 119/226/1 118/220/1
f 1630/221/1 1633/227/1 68/228/1 67/222/1
f 1631/223/1 1634/229/1 17/230/1 16/224/1
f 1632/225/1 1635/231/1 120/232/1 119/226/1
f 1633/227/1 1636/233/1 69/234/1 68/228/1
f 1634/229/1 1637/235/1 18/236/1 17/230/1
f 1635/231/1 1638/237/1 121/238/1 120/232/1
f 1636/233/1 1639/239/1 70/240/1 69/234/1
f 1637/235/1 1640/241/1 19/242/1 18/236/1
f 1638/237/1 1641/243/1 122/244/1 121/238/1
f 1639/239/1 1642/245/1 71/246/1 70/240/1
f 1640/241/1 1643/247/1 20/248/1 19/242/1
f 1641/243/1 1644/249/1 123/250/1 122/244/1
f 1642/245/1 1645/251/1 72/252/1 71/246/1
f 1643/247/1 1646/253/1 21/254/1 20/248/1
f 1644/249/1 1647/255/1 124/256/1 123/250/1
f 1645/251/1 1648/1/1 73/4/1 72/252/1
f 1646/253/1 1649/5/1 22/8/1 21/254/1
f 1647/255/1 1650/9/1 125/12/1 124/256/1
f 209/257/2 1306/258/2 1297/259/2 175/260/2
f 599/261/3 1217/262/3 1207/263/3 593/264/3
f 689/265/4 1037/266/4 1393/267/4 1036/268/4 695/269/4
f 675/270/5 1208/271/5 1205/272/5 673/273/5
f 700/274/6 1051/275/6 1050/276/6 1037/277/6 689/278/6
f 683/279/7 1219/280/7 1220/281/7 681/282/7
f 138/283/8 1386/284/8 1388/285/8 172/286/8
f 130/287/9 1392/288/9 1389/289/9 166/290/9
f 184/291/10 1366/292/10 1365/293/10 173/294/10
f 590/295/11 1277/296/11 1278/297/11 618/298/11
f 280/299/12 1133/300/12 1139/301/12 378/302/12
f 282/303/1 397/304/1 399/305/1 393/306/1 395/307/1 389/308/1 391/309/1 385/310/1 387/311/1 381/312/1 383/313/1 304/314/1 302/315/1 300/316/1 298/317/1 296/318/1 294/319/1 292/320/1 290/321/1 288/322/1 286/323/1 283/324/1 357/325/1 359/326/1 353/327/1 355/328/1 349/329/1 351/330/1 345/331/1 347/332/1 341/333/1 343/334/1 337/335/1 339/336/1 333/337/1 335/338/1 279/339/1
f 926/340/13 701/341/13 1056/342/13 1054/343/13
f 214/344/14 258/345/14 1274/346/14 1345/347/14
f 772/348/15 774/349/15 1146/350/15 1068/351/15
f 775/352/16 778/353/16 1065/354/16 1066/355/16
f 608/356/17 1284/357/17 1291/358/17 602/359/17
f 768/360/18 770/361/18 1149/362/18 1145/363/18
f 778/364/19 772/365/19 1068/366/19 1065/367/19
f 284/368/20 1361/369/20 1332/370/20 358/371/20
f 764/372/21 766/373/21 1142/374/21 1147/375/21
f 289/376/22 1353/377/22 1359/378/22 287/379/22
f 774/349/23 768/360/23 1145/363/23 1146/350/23
f 291/380/24 1354/381/24 1353/377/24 289/376/24
f 760/382/25 762/383/25 1062/384/25 1067/385/25
f 293/386/26 1355/387/26 1354/388/26 291/389/26
f 770/390/27 764/372/27 1147/375/27 1149/391/27
f 295/392/28 1358/393/28 1355/394/28 293/395/28
f 728/396/29 792/397/29 1059/398/29 1061/399/29
f 297/400/30 1357/401/30 1358/402/30 295/403/30
f 745/404/1 743/405/1 704/406/1 749/407/1 747/408/1 753/409/1 751/410/1 757/411/1 755/412/1 706/413/1 909/414/1 907/415/1 913/416/1 911/417/1 917/418/1 915/419/1 921/420/1 919/421/1 707/422/1 861/423/1 859/424/1 865/425/1 863/426/1 869/427/1 867/428/1 873/429/1 871/430/1 877/431/1 875/432/1 709/433/1 880/434/1 902/435/1 903/436/1 905/437/1 883/438/1 881/439/1 711/440/1 887/441/1 885/442/1 891/443/1 889/444/1 895/445/1 893/446/1 899/447/1 897/448/1 713/449/1 845/450/1 843/451/1 849/452/1 847/453/1 853/454/1 851/455/1 857/456/1 855/457/1 715/458/1 813/459/1 811/460/1 817/461/1 815/462/1 821/463/1 819/464/1 825/465/1 823/466/1 717/467/1 829/468/1 827/469/1 833/470/1 831/471/1 719/472/1 837/473/1 835/474/1 841/475/1 839/476/1 721/477/1 797/478/1 795/479/1 801/480/1 799/481/1 723/482/1 805/483/1 803/484/1 809/485/1 807/486/1 725/487/1 793/488/1 791/489/1 727/490/1 761/491/1 759/492/1 765/493/1 763/494/1 769/495/1 767/496/1 773/497/1 771/498/1 777/499/1 776/500/1 779/501/1 781/502/1 785/503/1 783/504/1 787/505/1 789/506/1 702/507/1 925/508/1 923/509/1 729/510/1 731/511/1 735/512/1 733/513/1 739/514/1 737/515/1 742/516/1
f 299/517/31 1316/518/31 1357/401/31 297/400/31
f 792/397/32 794/519/32 1063/520/32 1059/398/32
f 301/521/33 1317/522/33 1316/523/33 299/524/33
f 784/525/34 786/526/34 1057/527/34 1052/528/34
f 303/529/35 1315/530/35 1317/531/35 301/532/35
f 790/533/36 788/534/36 1053/535/36 1055/536/36
f 384/537/37 1326/538/37 1315/530/37 303/529/37
f 788/534/38 784/525/38 1052/528/38 1053/535/38
f 287/379/39 1359/378/39 1360/539/39 285/540/39
f 786/526/40 782/541/40 1058/542/40 1057/527/40
f 364/543/41 1033/544/41 1034/545/41 362/546/41
f 782/541/42 780/547/42 1060/548/42 1058/542/42
f 354/549/43 1334/550/43 1335/551/43 356/552/43
f 732/553/44 730/554/44 1048/555/44 1046/556/44
f 358/371/45 1332/370/45 1333/557/45 360/558/45
f 802/559/46 796/560/46 1074/561/46 1072/562/46
f 350/563/47 1336/564/47 1342/565/47 352/566/47
f 726/567/48 808/568/48 1080/569/48 1064/570/48
f 360/558/49 1333/557/49 1334/571/49 354/572/49
f 762/573/50 728/574/50 1061/575/50 1062/576/50
f 346/577/51 1231/578/51 1228/579/51 348/580/51
f 818/581/52 812/582/52 1090/583/52 1086/584/52
f 356/552/53 1335/551/53 1336/564/53 350/563/53
f 804/585/54 806/586/54 1076/587/54 1078/588/54
f 342/589/55 1233/590/55 1234/591/55 344/592/55
f 808/568/56 810/593/56 1079/594/56 1080/569/56
f 352/566/57 1342/565/57 1231/578/57 346/577/57
f 724/595/58 800/596/58 1073/597/58 1071/598/58
f 338/599/59 1236/600/59 1226/601/59 340/602/59
f 794/519/60 726/603/60 1064/604/60 1063/520/60
f 348/580/61 1228/579/61 1233/590/61 342/589/61
f 810/593/62 804/585/62 1078/588/62 1079/594/62
f 334/605/63 1225/606/63 1134/607/63 336/608/63
f 796/560/64 798/609/64 1077/610/64 1074/561/64
f 344/592/65 1234/591/65 1236/600/65 338/599/65
f 800/596/66 802/559/66 1072/562/66 1073/597/66
f 281/611/67 1213/612/67 1224/613/68 398/614/68
f 722/615/69 840/616/69 1075/617/69 1160/618/69
f 336/608/70 1134/607/70 1133/300/70 280/299/70
f 806/586/71 724/619/71 1071/620/71 1076/587/71
f 388/621/72 1328/622/72 1327/623/72 382/624/72
f 850/625/73 844/626/73 1156/627/73 1168/628/73
f 374/629/74 1130/630/74 1131/631/74 376/632/74
f 836/633/75 838/634/75 1081/635/75 1069/636/75
f 378/302/76 1139/301/76 1129/637/76 380/638/76
f 840/616/77 842/639/77 1070/640/77 1075/617/77
f 370/641/78 1030/642/78 1031/643/78 372/644/78
f 720/645/79 832/646/79 1084/647/79 1085/648/79
f 380/638/80 1129/637/80 1130/630/80 374/629/80
f 798/649/81 722/650/81 1160/651/81 1077/652/81
f 366/653/82 1029/654/82 1032/655/82 368/656/82
f 842/639/83 836/633/83 1069/636/83 1070/640/83
f 376/632/84 1131/631/84 1030/642/84 370/641/84
f 828/657/85 830/658/85 1157/659/85 1083/660/85
f 372/644/86 1031/643/86 1029/654/86 366/653/86
f 832/646/87 834/661/87 1082/662/87 1084/647/87
f 362/546/88 1034/545/88 1038/663/88 586/664/88
f 718/665/89 824/666/89 1154/667/89 1159/668/89
f 404/669/67 1214/670/67 1213/612/67 281/611/67
f 838/634/90 720/671/90 1085/672/90 1081/635/90
f 408/673/91 1126/674/91 1215/675/91 402/676/91
f 834/661/92 828/657/92 1083/660/92 1082/662/92
f 394/677/93 1221/678/93 1232/679/93 396/680/93
f 820/681/94 822/682/94 1088/683/94 1169/684/94
f 398/614/68 1224/613/68 1222/685/95 400/686/95
f 824/666/96 826/687/96 1152/688/96 1154/667/96
f 390/689/97 1229/690/97 1227/691/97 392/692/97
f 816/693/98 818/581/98 1086/584/98 1087/694/98
f 400/686/95 1222/685/95 1221/678/99 394/677/99
f 826/687/100 820/681/100 1169/684/100 1152/688/100
f 386/695/101 1329/696/101 1328/622/101 388/621/101
f 812/582/102 814/697/102 1089/698/102 1090/583/102
f 396/680/103 1232/679/103 1230/699/103 1229/690/103 390/689/103
f 822/682/104 816/693/104 1087/694/104 1088/683/104
f 382/624/105 1327/623/105 1326/700/105 384/701/105
f 716/702/106 856/703/107 1094/704/107 1093/705/106
f 392/692/108 1227/691/108 1329/696/108 386/695/108
f 830/658/109 718/706/109 1159/707/109 1157/659/109
f 305/708/110 1042/709/110 1041/710/110 452/711/110
f 866/712/111 860/713/111 1341/714/111 1250/715/111
f 412/716/112 1118/717/112 1124/718/112 307/719/112
f 852/720/113 854/721/113 1164/722/113 1092/723/113
f 416/724/114 1116/725/114 1117/726/114 410/727/114
f 856/703/107 858/728/115 1091/729/115 1094/704/107
f 402/676/116 1215/675/116 1214/670/116 404/669/116
f 848/730/117 850/625/117 1168/628/117 1167/731/117
f 406/732/118 1125/733/118 1126/674/118 408/673/118
f 858/728/115 852/720/119 1092/723/119 1091/729/115
f 285/734/120 1360/735/120 1361/736/120 284/737/120
f 844/626/121 846/738/121 1158/739/121 1156/627/121
f 572/740/122 1200/741/122 1201/742/122 309/743/122
f 854/721/123 848/730/123 1167/731/123 1164/722/123
f 428/744/124 1122/745/124 1027/746/124 422/747/124
f 714/748/125 898/749/126 1153/750/126 1161/751/125
f 414/752/127 1119/753/127 1116/725/127 416/724/127
f 814/697/128 716/754/128 1093/755/128 1089/698/128
f 418/756/129 1120/757/129 1115/758/129 420/759/129
f 904/760/130 901/761/130 1248/762/130 1258/763/130
f 410/727/131 1117/726/131 1118/717/131 412/716/131
f 894/764/132 896/765/132 1166/766/132 1170/767/132
f 420/768/133 1115/769/133 1119/753/133 414/752/133
f 898/749/126 900/770/134 1155/771/134 1153/750/126
f 309/772/135 1201/773/135 1120/757/135 418/756/135
f 890/774/136 892/775/136 1163/776/136 1165/777/136
f 442/778/137 1018/779/137 1025/780/137 437/781/137
f 900/770/134 894/764/138 1170/767/138 1155/771/134
f 434/782/139 1019/783/139 1132/784/139 436/785/139
f 886/786/140 888/787/140 1254/788/140 1162/789/140
f 437/781/141 1025/780/141 1022/790/141 440/791/141
f 896/765/142 890/792/142 1165/793/142 1166/766/142
f 430/794/143 1123/795/143 1114/796/143 432/797/143
f 712/798/144 882/799/144 1255/800/144 1253/801/144
f 440/791/145 1022/790/145 1019/783/145 434/782/145
f 846/738/146 714/802/146 1161/803/146 1158/739/146
f 426/804/147 1121/805/147 1122/745/147 428/744/147
f 884/806/148 906/807/148 1257/808/148 1256/809/148
f 436/785/149 1132/784/149 1123/810/149 430/811/149
f 710/812/150 876/813/151 1245/814/151 1247/815/150
f 422/747/152 1027/746/152 1026/816/152 424/817/152
f 888/787/153 712/818/153 1253/819/153 1254/788/153
f 432/820/154 1114/821/154 1121/805/154 426/804/154
f 901/761/155 879/822/155 1246/823/155 1248/762/155
f 332/824/156 1023/825/156 1021/826/156 454/827/156
f 872/828/157 874/829/157 1243/830/157 1242/831/157
f 588/832/158 1040/833/158 1042/834/158 305/835/158
f 876/813/151 878/836/159 1244/837/159 1245/814/151
f 454/827/160 1021/826/160 1028/838/160 456/839/160
f 868/840/161 870/841/161 1251/842/161 1252/843/161
f 446/844/162 1035/845/162 1024/846/162 448/847/162
f 878/836/159 872/828/163 1242/831/163 1244/837/159
f 452/711/164 1041/710/164 1039/848/164 450/849/164
f 864/850/165 866/712/165 1250/715/165 1249/851/165
f 450/849/166 1039/848/166 1035/845/166 446/844/166
f 874/829/167 868/840/167 1252/843/167 1243/830/167
f 448/847/168 1024/846/168 1020/852/168 444/853/168
f 860/713/169 862/854/169 1337/855/169 1341/714/169
f 444/853/170 1020/852/170 1018/856/170 442/857/170
f 870/841/171 864/850/171 1249/851/171 1251/842/171
f 340/602/172 1226/601/172 1225/606/172 334/605/172
f 708/858/173 920/859/173 1339/860/173 1338/861/173
f 464/862/174 1014/863/174 1013/864/174 458/865/174
f 882/799/175 884/806/175 1256/809/175 1255/800/175
f 330/866/176 1017/867/176 1010/868/176 470/869/176
f 892/775/177 886/786/177 1162/789/177 1163/776/177
f 424/817/178 1026/816/178 1023/870/178 332/871/178
f 914/872/179 908/873/179 1237/874/179 1241/875/179
f 480/876/180 997/877/180 996/878/180 474/879/180
f 906/807/181 904/880/181 1258/881/181 1257/808/181
f 466/882/182 1008/883/182 1015/884/182 468/885/182
f 879/822/183 710/886/183 1247/887/183 1246/823/183
f 470/869/184 1010/868/184 1005/888/184 472/889/184
f 924/890/185 926/340/185 1054/343/185 1049/891/185
f 328/892/186 1009/893/186 1012/894/186 462/895/186
f 916/896/187 918/897/187 1239/898/187 1343/899/187
f 456/839/188 1028/838/188 1017/900/188 330/901/188
f 920/859/189 922/902/189 1340/903/189 1339/860/189
f 472/889/190 1005/888/190 1008/883/190 466/882/190
f 912/904/191 914/872/191 1241/875/191 1240/905/191
f 458/865/192 1013/864/192 1006/906/192 460/907/192
f 922/902/193 916/896/193 1343/899/193 1340/903/193
f 462/895/194 1012/894/194 1014/863/194 464/862/194
f 908/873/195 910/908/195 1235/909/195 1237/874/195
f 326/910/196 1108/911/196 1007/912/196 502/913/196
f 918/897/197 912/904/197 1240/905/197 1239/898/197
f 468/885/198 1015/884/198 1009/914/198 328/915/198
f 862/854/199 708/916/199 1338/917/199 1337/855/199
f 512/918/200 1097/919/200 1098/920/200 506/921/200
f 736/922/201 732/553/201 1046/556/201 1045/923/201
f 498/924/202 1004/925/202 1000/926/202 500/927/202
f 502/913/203 1007/912/203 1011/928/203 504/929/203
f 703/930/92 744/931/92 1136/932/92 1140/933/92
f 324/934/204 999/935/204 1002/936/204 494/937/204
f 744/931/205 746/938/205 1138/939/205 1136/932/205
f 460/907/206 1006/906/206 1108/940/206 326/941/206
f 244/942/207 238/943/207 1198/944/207 1199/945/207
f 504/929/208 1011/928/208 1004/925/208 498/924/208
f 490/946/209 1016/947/209 1107/948/209 492/949/209
f 494/937/210 1002/936/210 1003/950/210 496/951/210
f 322/952/211 1106/953/211 1111/954/211 486/955/211
f 500/927/212 1000/926/212 999/956/212 324/957/212
f 496/951/213 1003/950/213 1016/947/213 490/946/213
f 482/958/214 1103/959/214 1001/960/214 484/961/214
f 486/955/215 1111/954/215 1109/962/215 488/963/215
f 478/964/216 998/965/216 997/877/216 480/876/216
f 488/963/217 1109/962/217 1103/959/217 482/958/217
f 474/966/218 996/967/218 991/968/218 476/969/218
f 140/970/1 157/971/1 159/972/1 136/973/1 133/974/1 149/975/1 151/976/1 132/977/1 129/978/1 165/979/1 167/980/1 137/981/1
f 484/961/219 1001/960/219 998/965/219 478/964/219
f 134/982/220 1375/983/220 1378/984/220 150/985/220
f 320/986/221 992/987/221 993/988/222 518/989/222
f 492/949/223 1107/948/223 1106/990/223 322/991/223
f 176/992/1 193/993/1 195/994/1 189/995/1 191/996/1 185/997/1 187/998/1 181/999/1 183/1000/1 174/1001/1 177/1002/1
f 528/1003/224 1171/1004/224 1267/1005/224 522/1006/224
f 514/1007/225 995/1008/225 1096/1009/225 516/1010/225
f 592/1011/226 1204/1012/226 1203/1013/226 634/1014/226
f 518/989/222 993/988/222 994/1015/227 520/1016/227
f 170/1017/228 1391/1018/228 1385/1019/228 141/1020/228
f 510/1021/229 1099/1022/229 1097/919/229 512/918/229
f 154/1023/230 1374/1024/230 1387/1025/230 145/1026/230
f 520/1016/227 994/1015/227 995/1008/231 514/1007/231
f 180/1027/232 1362/1028/232 1364/1029/232 200/1030/232
f 506/921/233 1098/920/233 1110/1031/233 508/1032/233
f 604/1033/234 1298/1034/234 1299/1035/234 596/1036/234
f 516/1010/235 1096/1009/235 1099/1022/235 510/1021/235
f 677/1037/1 680/1038/1 676/1039/1 674/1040/1
f 318/1041/236 1112/1042/236 1113/1043/237 560/1044/237
f 679/1045/238 1210/1046/238 1208/1047/238 675/1048/238
f 476/969/239 991/968/239 992/1049/239 320/1050/239
f 678/1051/240 1206/1052/240 1394/1053/240
f 566/1054/241 1181/1055/241 1182/1056/241 563/1057/241
f 681/282/242 1220/281/242 1223/1058/242 688/1059/242
f 556/1060/243 1095/1061/243 1100/1062/243 558/1063/243
f 560/1044/237 1113/1043/237 1105/1064/244 562/1065/244
f 692/1066/245 1127/1067/245 1135/1068/245 698/1069/245
f 552/1070/246 1101/1071/246 1104/1072/246 554/1073/246
f 698/1074/247 1135/1075/247 1051/275/247 700/274/247
f 562/1065/244 1105/1064/244 1095/1076/248 556/1077/248
f 693/1078/249 1128/1079/249 1127/1067/249 692/1066/249
f 548/1080/250 1102/1081/250 1175/1082/250 550/1083/250
f 695/1084/251 1036/1085/251 1128/1079/251 693/1078/251
f 558/1063/252 1100/1062/252 1101/1071/252 552/1070/252
f 316/1086/253 1174/1087/253 1177/1088/253 544/1089/253
f 690/1090/1 696/1091/1 694/1092/1 691/1093/1
f 508/1032/254 1110/1031/254 1112/1094/254 318/1095/254
f 687/1096/1 686/1097/1 684/1098/1 682/1099/1
f 546/1100/255 1179/1101/255 1180/1102/255 568/1103/255
f 685/1104/256 1218/1105/256 1219/1106/256 683/1107/256
f 314/1108/257 1190/1109/257 1189/1110/258 538/1111/258
f 688/1112/259 1223/1113/259 1218/1105/259 685/1104/259
f 550/1083/260 1175/1082/260 1174/1114/260 316/1115/260
f 563/1057/261 1182/1056/261 1191/1116/261 541/1117/261
f 160/1118/262 1380/1119/262 1381/1120/262 135/1121/262
f 534/1122/263 1188/1123/263 1178/1124/263 536/1125/263
f 156/1126/264 1373/1127/264 1374/1128/264 154/1129/264
f 538/1111/258 1189/1110/258 1187/1130/265 540/1131/265
f 135/1132/266 1381/1133/266 1375/1134/266 134/1135/266
f 530/1136/267 1176/1137/267 1173/1138/267 532/1139/267
f 145/1140/268 1387/1141/268 1383/1142/268 148/1143/268
f 540/1131/265 1187/1130/265 1188/1123/269 534/1122/269
f 158/1144/270 1384/1145/270 1380/1146/270 160/1147/270
f 526/1148/271 1172/1149/271 1171/1004/271 528/1003/271
f 148/1143/272 1383/1142/272 1376/1150/272 164/1151/272
f 536/1125/273 1178/1124/273 1176/1137/273 530/1136/273
f 161/1152/274 1372/1153/274 1371/1154/275 139/1155/275
f 522/1006/276 1267/1005/276 1262/1156/276 524/1157/276
f 164/1151/277 1376/1150/277 1372/1158/277 161/1159/277
f 532/1139/278 1173/1138/278 1172/1149/278 526/1148/278
f 140/970/1 137/981/1 171/1160/1 169/1161/1 142/1162/1 143/1163/1 155/1164/1 153/1165/1 146/1166/1 147/1167/1 163/1168/1 162/1169/1
f 312/1170/279 1265/1171/279 1264/1172/279 582/1173/279
f 141/1020/280 1385/1019/280 1379/1174/280 144/1175/280
f 544/1089/281 1177/1088/281 1179/1101/281 546/1100/281
f 150/1176/282 1378/1177/282 1377/1178/282 152/1179/282
f 554/1073/283 1104/1072/283 1102/1081/283 548/1080/283
f 166/1180/284 1389/1181/284 1390/1182/284 168/1183/284
f 576/1184/285 1185/1185/285 1186/1186/285 570/1187/285
f 152/1179/286 1377/1178/286 1382/1188/286 131/1189/286
f 568/1103/287 1180/1102/287 1181/1055/287 566/1054/287
f 172/286/288 1388/285/288 1391/1190/288 170/1191/288
f 541/1117/289 1191/1116/289 1190/1192/289 314/1193/289
f 139/1155/275 1371/1154/275 1384/1145/290 158/1144/290
f 586/664/291 1038/663/291 1040/833/291 588/832/291
f 168/1194/8 1390/1195/8 1386/284/8 138/283/8
f 578/1196/292 1268/1197/292 1184/1198/292 580/1199/292
f 582/1173/293 1264/1172/293 1266/1200/293 584/1201/293
f 144/1175/294 1379/1174/294 1373/1202/294 156/1203/294
f 574/1204/295 1183/1205/295 1185/1185/295 576/1184/295
f 178/1206/296 1363/1207/296 1362/1208/296 180/1209/296
f 584/1201/297 1266/1200/297 1268/1197/297 578/1196/297
f 200/1030/298 1364/1029/298 1369/1210/298 198/1211/298
f 570/1187/299 1186/1186/299 1200/741/299 572/740/299
f 190/1212/300 1293/1213/300 1294/1214/300 192/1215/300
f 580/1199/301 1184/1198/301 1183/1205/301 574/1204/301
f 194/1216/302 1296/1217/302 1295/1218/302 196/1219/302
f 524/1220/303 1262/1221/303 1265/1222/303 312/1223/303
f 186/1224/304 1352/1225/304 1368/1226/304 188/1227/304
f 368/1228/305 1032/1229/305 1033/544/305 364/543/305
f 196/1230/306 1295/1231/306 1293/1213/306 190/1212/306
f 182/1232/307 1367/1233/307 1366/292/307 184/291/307
f 307/1234/213 1124/1235/213 1125/733/213 406/732/213
f 192/1215/308 1294/1214/308 1352/1225/308 186/1224/308
f 235/1236/1 239/1237/1 237/1238/1 243/1239/1 241/1240/1 247/1241/1 245/1242/1 251/1243/1 249/1244/1 255/1245/1 253/1246/1 259/1247/1 257/1248/1 213/1249/1 216/1250/1 218/1251/1 220/1252/1 222/1253/1 224/1254/1 226/1255/1 228/1256/1 230/1257/1 232/1258/1 234/1259/1 263/1260/1 261/1261/1 267/1262/1 265/1263/1 271/1264/1 269/1265/1 275/1266/1 273/1267/1 278/1268/1
f 176/992/1 177/1002/1 179/1269/1 199/1270/1 197/1271/1 203/1272/1 201/1273/1 207/1274/1 205/1275/1 211/1276/1 210/1277/1
f 219/1278/309 217/1279/309 1344/1280/309 1347/1281/309
f 175/1282/310 1297/1283/310 1296/1217/310 194/1216/310
f 221/1284/311 219/1285/311 1347/1286/311 1350/1287/311
f 188/1227/312 1368/1226/312 1367/1288/312 182/1289/312
f 223/1290/313 221/1291/313 1350/1292/313 1351/1293/313
f 198/1211/314 1369/1210/314 1370/1294/314 204/1295/314
f 225/1296/315 223/1297/315 1351/1298/315 1349/1299/315
f 204/1295/316 1370/1294/316 1356/1300/316 202/1301/316
f 227/1302/317 225/1303/317 1349/1304/317 1348/1305/317
f 202/1301/318 1356/1300/318 1304/1306/318 208/1307/318
f 229/1308/319 227/1302/319 1348/1305/319 1271/1309/319
f 208/1310/320 1304/1311/320 1303/1312/320 206/1313/320
f 231/1314/321 229/1315/321 1271/1316/321 1270/1317/321
f 206/1313/322 1303/1312/322 1305/1318/322 212/1319/322
f 233/1320/323 231/1321/323 1270/1322/323 1269/1323/323
f 212/1324/324 1305/1325/324 1306/258/324 209/257/324
f 264/1326/325 233/1327/325 1269/1328/325 1272/1329/325
f 217/1279/326 215/1330/326 1346/1331/326 1344/1280/326
f 594/1332/1 595/1333/1 639/1334/1 637/1335/1 643/1336/1 641/1337/1 647/1338/1 645/1339/1 651/1340/1 649/1341/1 655/1342/1 653/1343/1 597/1344/1 659/1345/1 657/1346/1 663/1347/1 661/1348/1 667/1349/1 665/1350/1 671/1351/1 669/1352/1 600/1353/1
f 268/1354/327 262/1355/327 1273/1356/327 1276/1357/327
f 640/1358/328 1309/1359/328 1308/1360/328 638/1361/328
f 254/1362/329 256/1363/329 1261/1364/329 1259/1365/329
f 630/1366/330 1301/1367/330 1300/1368/330 632/1369/330
f 258/345/331 260/1370/331 1260/1371/331 1274/346/331
f 634/1014/332 1203/1013/332 1302/1372/332 636/1373/332
f 250/1374/333 252/1375/333 1279/1376/333 1263/1377/333
f 626/1378/334 1292/1379/334 1288/1380/334 628/1381/334
f 260/1370/335 254/1362/335 1259/1365/335 1260/1371/335
f 636/1373/336 1302/1372/336 1301/1382/336 630/1383/336
f 246/1384/337 248/1385/337 1196/1386/337 1193/1387/337
f 622/1388/338 1289/1389/338 1281/1390/338 624/1391/338
f 256/1392/339 250/1374/339 1263/1377/339 1261/1393/339
f 632/1369/340 1300/1368/340 1292/1379/340 626/1378/340
f 242/1394/341 244/942/341 1199/945/341 1197/1395/341
f 594/1332/1 591/1396/1 633/1397/1 635/1398/1 629/1399/1 631/1400/1 625/1401/1 627/1402/1 621/1403/1 623/1404/1 589/1405/1 617/1406/1 619/1407/1 613/1408/1 615/1409/1 609/1410/1 611/1411/1 605/1412/1 607/1413/1 601/1414/1 603/1415/1 595/1333/1
f 252/1375/342 246/1384/342 1193/1387/342 1279/1376/342
f 593/1416/343 1207/1417/343 1204/1418/343 592/1419/343
f 238/943/344 240/1420/344 1202/1421/344 1198/944/344
f 628/1381/345 1288/1380/345 1289/1422/345 622/1423/345
f 248/1385/346 242/1394/346 1197/1395/346 1196/1386/346
f 614/1424/347 1282/1425/347 1290/1426/347 616/1427/347
f 236/1428/348 277/1429/348 1211/1430/348 1212/1431/348
f 618/298/349 1278/297/349 1285/1432/349 620/1433/349
f 738/1434/350 740/1435/350 1043/1436/350 1044/1437/350
f 610/1438/351 1283/1439/351 1287/1440/351 612/1441/351
f 746/1442/352 741/1443/352 1137/1444/352 1138/1445/352
f 620/1433/353 1285/1432/353 1282/1425/353 614/1424/353
f 734/1446/354 736/922/354 1045/923/354 1047/1447/354
f 606/1448/355 1286/1449/355 1284/357/355 608/356/355
f 741/1450/356 738/1434/356 1044/1437/356 1137/1451/356
f 616/1452/357 1290/1453/357 1283/1439/357 610/1438/357
f 740/1435/358 734/1454/358 1047/1455/358 1043/1436/358
f 602/359/359 1291/358/359 1298/1034/359 604/1033/359
f 730/554/360 924/890/360 1049/891/360 1048/555/360
f 612/1441/361 1287/1440/361 1286/1449/361 606/1448/361
f 274/1456/362 276/1457/362 1195/1458/362 1209/1459/362
f 596/1460/363 1299/1461/363 1309/1359/363 640/1358/363
f 654/1462/364 1330/1463/364 1331/1464/364 598/1465/364
f 270/1466/365 272/1467/365 1280/1468/365 1192/1469/365
f 638/1470/366 1308/1471/366 1307/1472/366 644/1473/366
f 277/1474/367 274/1456/367 1209/1459/367 1211/1475/367
f 644/1476/368 1307/1477/368 1319/1478/368 642/1479/368
f 266/1480/369 268/1354/369 1276/1357/369 1275/1481/369
f 642/1479/370 1319/1478/370 1320/1482/370 648/1483/370
f 276/1457/371 270/1466/371 1192/1469/371 1194/1484/371 1195/1458/371
f 648/1483/372 1320/1482/372 1321/1485/372 646/1486/372
f 262/1487/373 264/1326/373 1272/1329/373 1273/1488/373
f 646/1489/374 1321/1490/374 1322/1491/374 652/1492/374
f 272/1467/375 266/1480/375 1275/1481/375 1280/1468/375
f 652/1492/376 1322/1491/376 1314/1493/376 650/1494/376
f 240/1420/377 236/1495/377 1212/1496/377 1202/1421/377
f 650/1494/378 1314/1493/378 1318/1497/378 656/1498/378
f 750/1499/379 703/1500/379 1140/1501/379 1141/1502/379
f 656/1498/380 1318/1497/380 1330/1463/380 654/1462/380
f 754/1503/381 748/1504/381 1148/1505/381 1150/1506/381
f 660/1507/382 1325/1508/382 1323/1509/382 658/1510/382
f 910/908/383 705/1511/383 1238/1512/383 1235/909/383
f 598/1513/384 1331/1514/384 1325/1508/384 660/1507/384
f 766/373/385 760/382/385 1067/385/385 1142/374/385
f 670/1515/386 1216/1516/386 1217/1517/386 599/1518/386
f 752/1519/387 754/1503/387 1150/1506/387 1143/1520/387
f 658/1510/388 1323/1509/388 1324/1521/388 664/1522/388
f 756/1523/389 758/1524/389 1144/1525/389 1151/1526/389
f 664/1527/390 1324/1528/390 1310/1529/390 662/1530/390
f 748/1504/391 750/1499/391 1141/1502/391 1148/1505/391
f 662/1530/392 1310/1529/392 1311/1531/392 668/1532/392
f 758/1524/393 752/1519/393 1143/1520/393 1144/1525/393
f 668/1532/394 1311/1531/394 1312/1533/394 666/1534/394
f 705/1511/395 756/1523/395 1151/1526/395 1238/1512/395
f 666/1534/396 1312/1533/396 1313/1535/396 672/1536/396
f 780/547/397 775/352/397 1066/355/397 1060/548/397
f 672/1537/398 1313/1538/398 1216/1516/398 670/1515/398
f 130/1539/399 129/978/399 132/977/399 131/1540/399
f 134/1541/400 133/974/400 136/973/400 135/1542/400
f 142/1162/401 141/1543/401 144/1544/401 143/1163/401
f 146/1166/402 145/1545/402 148/1546/402 147/1167/402
f 133/974/403 134/1541/403 150/1547/403 149/975/403
f 149/975/404 150/1547/404 152/1548/404 151/976/404
f 151/976/405 152/1548/405 131/1540/405 132/977/405
f 143/1163/406 144/1544/406 156/1549/406 155/1164/406
f 155/1164/407 156/1549/407 154/1550/407 153/1165/407
f 153/1165/408 154/1550/408 145/1545/408 146/1166/408
f 140/970/409 139/1551/409 158/1552/410 157/971/410
f 157/971/411 158/1552/411 160/1553/411 159/972/411
f 159/972/412 160/1553/412 135/1542/412 136/973/412
f 162/1169/413 161/1554/413 139/1551/409 140/970/409
f 147/1167/414 148/1546/414 164/1555/414 163/1168/414
f 163/1168/415 164/1555/415 161/1554/415 162/1169/415
f 129/978/416 130/1539/416 166/1556/416 165/979/416
f 165/979/417 166/1556/417 168/1557/417 167/980/417
f 167/980/418 168/1557/418 138/1558/418 137/981/418
f 137/981/418 138/1558/418 172/1559/418 171/1160/418
f 171/1160/419 172/1559/419 170/1560/419 169/1161/419
f 169/1161/420 170/1560/420 141/1543/420 142/1162/420
f 131/1561/421 1382/1562/421 1392/288/421 130/287/421
f 178/1563/422 177/1002/422 174/1001/422 173/1564/422
f 177/1002/423 178/1563/423 180/1565/423 179/1269/423
f 176/992/424 175/1566/424 194/1567/424 193/993/424
f 193/993/425 194/1567/425 196/1568/425 195/994/425
f 195/994/426 196/1568/426 190/1569/426 189/995/426
f 189/995/427 190/1569/427 192/1570/427 191/996/427
f 191/996/428 192/1570/428 186/1571/428 185/997/428
f 185/997/429 186/1571/429 188/1572/429 187/998/429
f 187/998/430 188/1572/430 182/1573/430 181/999/430
f 181/999/431 182/1573/431 184/1574/431 183/1000/431
f 183/1000/432 184/1574/432 173/1564/432 174/1001/432
f 210/1277/433 209/1575/433 175/1566/433 176/992/433
f 179/1269/434 180/1565/434 200/1576/434 199/1270/434
f 199/1270/435 200/1576/435 198/1577/435 197/1271/435
f 197/1271/436 198/1577/436 204/1578/436 203/1272/436
f 203/1272/437 204/1578/437 202/1579/437 201/1273/437
f 201/1273/438 202/1579/438 208/1580/438 207/1274/438
f 207/1274/439 208/1580/439 206/1581/439 205/1275/439
f 205/1275/440 206/1581/440 212/1582/440 211/1276/440
f 211/1276/441 212/1582/441 209/1575/441 210/1277/441
f 173/1583/442 1365/1584/442 1363/1207/442 178/1206/442
f 214/1585/443 215/1586/443 216/1250/443 213/1249/443
f 215/1586/444 217/1587/444 218/1251/444 216/1250/444
f 217/1587/445 219/1588/445 220/1252/445 218/1251/445
f 219/1588/446 221/1589/446 222/1253/446 220/1252/446
f 221/1589/447 223/1590/447 224/1254/447 222/1253/447
f 223/1590/448 225/1591/448 226/1255/448 224/1254/448
f 225/1591/449 227/1592/449 228/1256/449 226/1255/449
f 227/1592/450 229/1593/450 230/1257/450 228/1256/450
f 229/1593/451 231/1594/451 232/1258/451 230/1257/451
f 231/1594/452 233/1595/452 234/1259/452 232/1258/452
f 213/1249/453 257/1248/453 258/1596/453 214/1585/453
f 257/1248/454 259/1247/454 260/1597/454 258/1596/454
f 259/1247/455 253/1246/455 254/1598/455 260/1597/455
f 253/1246/456 255/1245/456 256/1599/456 254/1598/456
f 255/1245/457 249/1244/457 250/1600/457 256/1599/457
f 249/1244/458 251/1243/458 252/1601/458 250/1600/458
f 251/1243/459 245/1242/459 246/1602/459 252/1601/459
f 245/1242/460 247/1241/460 248/1603/460 246/1602/460
f 247/1241/461 241/1240/461 242/1604/461 248/1603/461
f 241/1240/462 243/1239/462 244/1605/462 242/1604/462
f 243/1239/463 237/1238/463 238/1606/463 244/1605/463
f 237/1238/464 239/1237/464 240/1607/464 238/1606/464
f 239/1237/465 235/1236/465 236/1608/465 240/1607/465
f 278/1268/466 273/1267/466 274/1609/466 277/1610/466
f 273/1267/467 275/1266/467 276/1611/467 274/1609/467
f 275/1266/468 269/1265/468 270/1612/468 276/1611/468
f 269/1265/469 271/1264/469 272/1613/469 270/1612/469
f 271/1264/470 265/1263/470 266/1614/470 272/1613/470
f 265/1263/471 267/1262/471 268/1615/471 266/1614/471
f 267/1262/472 261/1261/472 262/1616/472 268/1615/472
f 261/1261/473 263/1260/473 264/1617/473 262/1616/473
f 263/1260/474 234/1259/474 233/1595/474 264/1617/474
f 235/1236/475 278/1268/475 277/1610/475 236/1608/475
f 215/1618/476 214/1619/476 1345/1620/476 1346/1621/476
f 284/1622/477 283/324/477 286/323/477 285/1623/477
f 285/1623/478 286/323/478 288/322/478 287/1624/478
f 287/1624/479 288/322/479 290/321/479 289/1625/479
f 289/1625/480 290/321/480 292/320/480 291/1626/480
f 291/1626/481 292/320/481 294/319/481 293/1627/481
f 293/1627/482 294/319/482 296/318/482 295/1628/482
f 295/1628/483 296/318/483 298/317/483 297/1629/483
f 297/1629/484 298/317/484 300/316/484 299/1630/484
f 299/1630/485 300/316/485 302/315/485 301/1631/485
f 301/1631/486 302/315/486 304/314/486 303/1632/486
f 283/324/487 284/1622/487 358/1633/487 357/325/487
f 357/325/488 358/1633/488 360/1634/488 359/326/488
f 359/326/489 360/1634/489 354/1635/489 353/327/489
f 353/327/490 354/1635/490 356/1636/490 355/328/490
f 355/328/491 356/1636/491 350/1637/491 349/329/491
f 349/329/492 350/1637/492 352/1638/492 351/330/492
f 351/330/493 352/1638/493 346/1639/493 345/331/493
f 345/331/494 346/1639/494 348/1640/494 347/332/494
f 347/332/495 348/1640/495 342/1641/495 341/333/495
f 341/333/496 342/1641/496 344/1642/496 343/334/496
f 343/334/497 344/1642/497 338/1643/497 337/335/497
f 337/335/498 338/1643/498 340/1644/498 339/336/498
f 339/336/499 340/1644/499 334/1645/499 333/337/499
f 333/337/500 334/1645/500 336/1646/500 335/338/500
f 335/338/501 336/1646/501 280/1647/501 279/339/501
f 279/339/502 280/1647/502 378/1648/502 377/1649/502
f 377/1649/503 378/1648/503 380/1650/503 379/1651/503
f 379/1651/504 380/1650/504 374/1652/504 373/1653/504
f 373/1653/505 374/1652/505 376/1654/505 375/1655/505
f 375/1655/506 376/1654/506 370/1656/506 369/1657/506
f 369/1657/507 370/1656/507 372/1658/507 371/1659/507
f 371/1659/508 372/1658/508 366/1660/508 365/1661/508
f 365/1661/509 366/1660/509 368/1662/509 367/1663/509
f 367/1663/510 368/1662/510 364/1664/510 363/1665/510
f 363/1665/511 364/1664/511 362/1666/511 361/1667/511
f 282/303/512 281/1668/512 398/1669/513 397/304/513
f 397/304/513 398/1669/513 400/1670/514 399/305/514
f 399/305/514 400/1670/514 394/1671/515 393/306/515
f 393/306/516 394/1671/516 396/1672/516 395/307/516
f 395/307/517 396/1672/517 390/1673/517 389/308/517
f 389/308/518 390/1673/518 392/1674/518 391/309/518
f 391/309/519 392/1674/519 386/1675/519 385/310/519
f 385/310/520 386/1675/520 388/1676/520 387/311/520
f 387/311/521 388/1676/521 382/1677/521 381/312/521
f 381/312/522 382/1677/522 384/1678/522 383/313/522
f 383/313/523 384/1678/523 303/1632/523 304/314/523
f 308/1679/524 307/1680/524 406/1681/524 405/1682/524
f 405/1682/525 406/1681/525 408/1683/525 407/1684/525
f 407/1684/526 408/1683/526 402/1685/526 401/1686/526
f 401/1686/527 402/1685/527 404/1687/527 403/1688/527
f 403/1688/512 404/1687/512 281/1668/512 282/303/512
f 310/1689/528 309/1690/528 418/1691/528 417/1692/528
f 417/1692/529 418/1691/529 420/1693/529 419/1694/529
f 419/1694/530 420/1693/530 414/1695/530 413/1696/530
f 413/1696/531 414/1695/531 416/1697/531 415/1698/531
f 415/1698/532 416/1697/532 410/1699/532 409/1700/532
f 409/1700/533 410/1699/533 412/1701/533 411/1702/533
f 411/1702/534 412/1701/534 307/1680/534 308/1679/534
f 438/1703/535 437/1704/535 440/1705/535 439/1706/535
f 439/1706/536 440/1705/536 434/1707/536 433/1708/536
f 433/1708/537 434/1707/537 436/1709/537 435/1710/537
f 435/1710/538 436/1709/538 430/1711/538 429/1712/538
f 429/1712/539 430/1711/539 432/1713/539 431/1714/539
f 431/1714/540 432/1713/540 426/1715/540 425/1716/540
f 425/1716/541 426/1715/541 428/1717/541 427/1718/541
f 427/1718/542 428/1717/542 422/1719/542 421/1720/542
f 421/1720/543 422/1719/543 424/1721/543 423/1722/543
f 423/1722/544 424/1721/544 332/1723/544 331/1724/544
f 306/1725/545 305/1726/545 452/1727/545 451/1728/545
f 451/1728/546 452/1727/546 450/1729/546 449/1730/546
f 449/1730/547 450/1729/547 446/1731/547 445/1732/547
f 445/1732/548 446/1731/548 448/1733/548 447/1734/548
f 447/1734/549 448/1733/549 444/1735/549 443/1736/549
f 443/1736/550 444/1735/550 442/1737/550 441/1738/550
f 441/1738/551 442/1737/551 437/1704/551 438/1703/551
f 331/1724/552 332/1723/552 454/1739/552 453/1740/552
f 453/1740/553 454/1739/553 456/1741/553 455/1742/553
f 455/1742/554 456/1741/554 330/1743/554 329/1744/554
f 329/1744/555 330/1743/555 470/1745/555 469/1746/555
f 469/1746/556 470/1745/556 472/1747/556 471/1748/556
f 471/1748/557 472/1747/557 466/1749/557 465/1750/557
f 465/1750/558 466/1749/558 468/1751/558 467/1752/558
f 467/1752/559 468/1751/559 328/1753/559 327/1754/559
f 327/1754/560 328/1753/560 462/1755/560 461/1756/560
f 461/1756/561 462/1755/561 464/1757/561 463/1758/561
f 463/1758/562 464/1757/562 458/1759/562 457/1760/562
f 457/1760/563 458/1759/563 460/1761/563 459/1762/563
f 459/1762/564 460/1761/564 326/1763/564 325/1764/564
f 325/1764/565 326/1763/565 502/1765/565 501/1766/565
f 501/1766/566 502/1765/566 504/1767/566 503/1768/566
f 503/1768/567 504/1767/567 498/1769/567 497/1770/567
f 497/1770/568 498/1769/568 500/1771/568 499/1772/568
f 499/1772/569 500/1771/569 324/1773/569 323/1774/569
f 323/1774/570 324/1773/570 494/1775/570 493/1776/570
f 493/1776/571 494/1775/571 496/1777/571 495/1778/571
f 495/1778/572 496/1777/572 490/1779/572 489/1780/572
f 489/1780/573 490/1779/573 492/1781/573 491/1782/573
f 491/1782/574 492/1781/574 322/1783/574 321/1784/574
f 321/1784/575 322/1783/575 486/1785/575 485/1786/575
f 485/1786/576 486/1785/576 488/1787/576 487/1788/576
f 487/1788/577 488/1787/577 482/1789/577 481/1790/577
f 481/1790/578 482/1789/578 484/1791/578 483/1792/578
f 483/1792/579 484/1791/579 478/1793/579 477/1794/579
f 477/1794/580 478/1793/580 480/1795/580 479/1796/580
f 479/1796/581 480/1795/581 474/1797/581 473/1798/581
f 473/1798/582 474/1797/582 476/1799/582 475/1800/582
f 475/1800/583 476/1799/583 320/1801/583 319/1802/583
f 319/1802/584 320/1801/584 518/1803/585 517/1804/585
f 517/1804/585 518/1803/585 520/1805/586 519/1806/586
f 519/1806/586 520/1805/586 514/1807/587 513/1808/587
f 513/1808/588 514/1807/588 516/1809/588 515/1810/588
f 515/1810/589 516/1809/589 510/1811/589 509/1812/589
f 509/1812/590 510/1811/590 512/1813/590 511/1814/590
f 511/1814/591 512/1813/591 506/1815/591 505/1816/591
f 505/1816/592 506/1815/592 508/1817/592 507/1818/592
f 507/1818/593 508/1817/593 318/1819/593 317/1820/593
f 317/1820/594 318/1819/594 560/1821/595 559/1822/595
f 559/1822/595 560/1821/595 562/1823/596 561/1824/596
f 561/1824/596 562/1823/596 556/1825/597 555/1826/597
f 555/1826/598 556/1825/598 558/1827/598 557/1828/598
f 557/1828/599 558/1827/599 552/1829/599 551/1830/599
f 551/1830/600 552/1829/600 554/1831/600 553/1832/600
f 553/1832/601 554/1831/601 548/1833/601 547/1834/601
f 547/1834/602 548/1833/602 550/1835/602 549/1836/602
f 549/1836/603 550/1835/603 316/1837/603 315/1838/603
f 315/1838/604 316/1837/604 544/1839/604 543/1840/604
f 543/1840/605 544/1839/605 546/1841/605 545/1842/605
f 542/1843/606 541/1844/606 314/1845/606 313/1846/606
f 313/1846/607 314/1845/607 538/1847/608 537/1848/608
f 537/1848/608 538/1847/608 540/1849/609 539/1850/609
f 539/1850/609 540/1849/609 534/1851/610 533/1852/610
f 533/1852/611 534/1851/611 536/1853/611 535/1854/611
f 535/1854/612 536/1853/612 530/1855/612 529/1856/612
f 529/1856/613 530/1855/613 532/1857/613 531/1858/613
f 531/1858/614 532/1857/614 526/1859/614 525/1860/614
f 525/1860/615 526/1859/615 528/1861/615 527/1862/615
f 527/1862/616 528/1861/616 522/1863/616 521/1864/616
f 521/1864/617 522/1863/617 524/1865/617 523/1866/617
f 523/1866/618 524/1865/618 312/1867/618 311/1868/618
f 564/1869/619 563/1870/619 541/1844/619 542/1843/619
f 545/1842/620 546/1841/620 568/1871/620 567/1872/620
f 567/1872/621 568/1871/621 566/1873/621 565/1874/621
f 565/1874/622 566/1873/622 563/1870/622 564/1869/622
f 311/1868/623 312/1867/623 582/1875/623 581/1876/623
f 581/1876/624 582/1875/624 584/1877/624 583/1878/624
f 583/1878/625 584/1877/625 578/1879/625 577/1880/625
f 577/1880/626 578/1879/626 580/1881/626 579/1882/626
f 579/1882/627 580/1881/627 574/1883/627 573/1884/627
f 573/1884/628 574/1883/628 576/1885/628 575/1886/628
f 575/1886/629 576/1885/629 570/1887/629 569/1888/629
f 569/1888/630 570/1887/630 572/1889/630 571/1890/630
f 571/1890/631 572/1889/631 309/1690/631 310/1689/631
f 361/1667/632 362/1666/632 586/1891/632 585/1892/632
f 585/1892/633 586/1891/633 588/1893/633 587/1894/633
f 587/1894/634 588/1893/634 305/1726/634 306/1725/634
f 279/339/1 377/1649/1 379/1651/1 373/1653/1 375/1655/1 369/1657/1 371/1659/1 365/1661/1 367/1663/1 363/1665/1 361/1667/1 585/1892/1 587/1894/1 306/1725/1 451/1728/1 449/1730/1 445/1732/1 447/1734/1 443/1736/1 441/1738/1 438/1703/1 439/1706/1 433/1708/1 435/1710/1 429/1712/1 431/1714/1 425/1716/1 427/1718/1 421/1720/1 423/1722/1 331/1724/1 453/1740/1 455/1742/1 329/1744/1 469/1746/1 471/1748/1 465/1750/1 467/1752/1 327/1754/1 461/1756/1 463/1758/1 457/1760/1 459/1762/1 325/1764/1 501/1766/1 503/1768/1 497/1770/1 499/1772/1 323/1774/1 493/1776/1 495/1778/1 489/1780/1 491/1782/1 321/1784/1 485/1786/1 487/1788/1 481/1790/1 483/1792/1 477/1794/1 479/1796/1 473/1798/1 475/1800/1 319/1802/1 517/1804/1 519/1806/1 513/1808/1 515/1810/1 509/1812/1 511/1814/1 505/1816/1 507/1818/1 317/1820/1 559/1822/1 561/1824/1 555/1826/1 557/1828/1 551/1830/1 553/1832/1 547/1834/1 549/1836/1 315/1838/1 543/1840/1 545/1842/1 567/1872/1 565/1874/1 564/1869/1 542/1843/1 313/1846/1 537/1848/1 539/1850/1 533/1852/1 535/1854/1 529/1856/1 531/1858/1 525/1860/1 527/1862/1 521/1864/1 523/1866/1 311/1868/1 581/1876/1 583/1878/1 577/1880/1 579/1882/1 573/1884/1 575/1886/1 569/1888/1 571/1890/1 310/1689/1 417/1692/1 419/1694/1 413/1696/1 415/1698/1 409/1700/1 411/1702/1 308/1679/1 405/1682/1 407/1684/1 401/1686/1 403/1688/1 282/303/1
f 592/1895/635 591/1396/635 594/1332/635 593/1896/635
f 600/1353/636 599/1897/636 593/1896/636 594/1332/636
f 591/1396/637 592/1895/637 634/1898/637 633/1397/637
f 633/1397/638 634/1898/638 636/1899/638 635/1398/638
f 635/1398/639 636/1899/639 630/1900/639 629/1399/639
f 629/1399/640 630/1900/640 632/1901/640 631/1400/640
f 631/1400/641 632/1901/641 626/1902/641 625/1401/641
f 625/1401/642 626/1902/642 628/1903/642 627/1402/642
f 627/1402/643 628/1903/643 622/1904/643 621/1403/643
f 621/1403/644 622/1904/644 624/1905/644 623/1404/644
f 623/1404/645 624/1905/645 590/1906/645 589/1405/645
f 589/1405/646 590/1906/646 618/1907/646 617/1406/646
f 617/1406/647 618/1907/647 620/1908/647 619/1407/647
f 619/1407/648 620/1908/648 614/1909/648 613/1408/648
f 613/1408/649 614/1909/649 616/1910/649 615/1409/649
f 615/1409/650 616/1910/650 610/1911/650 609/1410/650
f 609/1410/651 610/1911/651 612/1912/651 611/1411/651
f 611/1411/652 612/1912/652 606/1913/652 605/1412/652
f 605/1412/653 606/1913/653 608/1914/653 607/1413/653
f 607/1413/654 608/1914/654 602/1915/654 601/1414/654
f 601/1414/655 602/1915/655 604/1916/655 603/1415/655
f 603/1415/656 604/1916/656 596/1917/656 595/1333/656
f 595/1333/657 596/1917/657 640/1918/657 639/1334/657
f 639/1334/658 640/1918/658 638/1919/658 637/1335/658
f 637/1335/659 638/1919/659 644/1920/659 643/1336/659
f 643/1336/660 644/1920/660 642/1921/660 641/1337/660
f 641/1337/661 642/1921/661 648/1922/661 647/1338/661
f 647/1338/662 648/1922/662 646/1923/662 645/1339/662
f 645/1339/663 646/1923/663 652/1924/663 651/1340/663
f 651/1340/664 652/1924/664 650/1925/664 649/1341/664
f 649/1341/665 650/1925/665 656/1926/665 655/1342/665
f 655/1342/666 656/1926/666 654/1927/666 653/1343/666
f 653/1343/667 654/1927/667 598/1928/667 597/1344/667
f 597/1344/668 598/1928/668 660/1929/668 659/1345/668
f 659/1345/669 660/1929/669 658/1930/669 657/1346/669
f 657/1346/670 658/1930/670 664/1931/670 663/1347/670
f 663/1347/671 664/1931/671 662/1932/671 661/1348/671
f 661/1348/672 662/1932/672 668/1933/672 667/1349/672
f 667/1349/673 668/1933/673 666/1934/673 665/1350/673
f 665/1350/674 666/1934/674 672/1935/674 671/1351/674
f 671/1351/675 672/1935/675 670/1936/675 669/1352/675
f 669/1352/676 670/1936/676 599/1897/676 600/1353/676
f 624/1391/677 1281/1390/677 1277/1937/677 590/1938/677
f 678/1939/678 677/1037/678 674/1040/678 673/1940/678
f 673/1940/679 674/1040/679 676/1039/679 675/1941/679
f 675/1941/680 676/1039/680 680/1038/680 679/1942/680
f 677/1037/681 678/1939/681 1394/1943/681 679/1942/681 680/1038/681
f 688/1944/682 687/1096/682 682/1099/682 681/1945/682
f 681/1945/683 682/1099/683 684/1098/683 683/1946/683
f 683/1946/684 684/1098/684 686/1097/684 685/1947/684
f 685/1947/685 686/1097/685 687/1096/685 688/1944/685
f 673/1948/686 1205/1949/686 1206/1950/686 678/1951/686
f 692/1952/687 691/1093/687 694/1092/687 693/1953/687
f 693/1953/688 694/1092/688 696/1091/688 695/1954/688
f 695/1954/689 696/1091/689 690/1090/689 689/1955/689
f 691/1093/690 692/1952/690 698/1956/690 697/1957/690
f 697/1957/691 698/1956/691 700/1958/691 699/1959/691
f 699/1959/692 700/1958/692 689/1955/692 690/1090/692
f 691/1093/1 697/1957/1 699/1959/1 690/1090/1
f 742/516/693 737/515/693 738/1960/693 741/1961/693
f 737/515/694 739/514/694 740/1962/694 738/1960/694
f 739/514/689 733/513/689 734/1963/689 740/1962/689
f 733/513/695 735/512/695 736/1964/695 734/1963/695
f 735/512/696 731/511/696 732/1965/696 736/1964/696
f 731/511/697 729/510/697 730/1966/697 732/1965/697
f 704/406/698 743/405/698 744/1967/698 703/1968/698
f 743/405/699 745/404/699 746/1969/699 744/1967/699
f 706/413/700 755/412/700 756/1970/700 705/1971/700
f 755/412/701 757/411/701 758/1972/701 756/1970/701
f 757/411/702 751/410/702 752/1973/702 758/1972/702
f 751/410/703 753/409/703 754/1974/703 752/1973/703
f 753/409/704 747/408/704 748/1975/704 754/1974/704
f 747/408/705 749/407/705 750/1976/705 748/1975/705
f 749/407/706 704/406/706 703/1968/706 750/1976/706
f 776/500/707 777/499/707 778/1977/707 775/1978/707
f 777/499/708 771/498/708 772/1979/708 778/1977/708
f 771/498/709 773/497/709 774/1980/709 772/1979/709
f 773/497/710 767/496/710 768/1981/710 774/1980/710
f 767/496/711 769/495/711 770/1982/711 768/1981/711
f 769/495/712 763/494/712 764/1983/712 770/1982/712
f 763/494/713 765/493/713 766/1984/713 764/1983/713
f 765/493/714 759/492/714 760/1985/714 766/1984/714
f 759/492/715 761/491/715 762/1986/715 760/1985/715
f 761/491/716 727/490/716 728/1987/716 762/1986/716
f 702/507/717 789/506/717 790/1988/717 701/1989/717
f 789/506/718 787/505/718 788/1990/718 790/1988/718
f 787/505/558 783/504/558 784/1991/558 788/1990/558
f 783/504/719 785/503/719 786/1992/719 784/1991/719
f 785/503/720 781/502/720 782/1993/720 786/1992/720
f 781/502/721 779/501/721 780/1994/721 782/1993/721
f 779/501/722 776/500/722 775/1978/722 780/1994/722
f 727/490/723 791/489/723 792/1995/723 728/1987/723
f 791/489/724 793/488/724 794/1996/724 792/1995/724
f 793/488/725 725/487/725 726/1997/725 794/1996/725
f 725/487/726 807/486/726 808/1998/726 726/1997/726
f 807/486/727 809/485/727 810/1999/727 808/1998/727
f 809/485/728 803/484/728 804/2000/728 810/1999/728
f 803/484/729 805/483/729 806/2001/729 804/2000/729
f 805/483/730 723/482/730 724/2002/730 806/2001/730
f 723/482/731 799/481/731 800/2003/731 724/2002/731
f 799/481/732 801/480/732 802/2004/732 800/2003/732
f 801/480/733 795/479/733 796/2005/733 802/2004/733
f 795/479/734 797/478/734 798/2006/734 796/2005/734
f 797/478/735 721/477/735 722/2007/735 798/2006/735
f 721/477/736 839/476/736 840/2008/736 722/2007/736
f 839/476/737 841/475/737 842/2009/737 840/2008/737
f 841/475/738 835/474/738 836/2010/738 842/2009/738
f 835/474/739 837/473/739 838/2011/739 836/2010/739
f 837/473/740 719/472/740 720/2012/740 838/2011/740
f 719/472/741 831/471/741 832/2013/741 720/2012/741
f 831/471/742 833/470/742 834/2014/742 832/2013/742
f 833/470/698 827/469/698 828/2015/698 834/2014/698
f 827/469/743 829/468/743 830/2016/743 828/2015/743
f 829/468/744 717/467/744 718/2017/744 830/2016/744
f 717/467/745 823/466/745 824/2018/745 718/2017/745
f 823/466/746 825/465/746 826/2019/746 824/2018/746
f 825/465/747 819/464/747 820/2020/747 826/2019/747
f 819/464/748 821/463/748 822/2021/748 820/2020/748
f 821/463/749 815/462/749 816/2022/749 822/2021/749
f 815/462/750 817/461/750 818/2023/750 816/2022/750
f 817/461/751 811/460/751 812/2024/751 818/2023/751
f 811/460/752 813/459/752 814/2025/752 812/2024/752
f 813/459/753 715/458/753 716/2026/753 814/2025/753
f 715/458/754 855/457/755 856/2027/755 716/2026/754
f 855/457/755 857/456/756 858/2028/756 856/2027/755
f 857/456/756 851/455/757 852/2029/757 858/2028/756
f 851/455/758 853/454/758 854/2030/758 852/2029/758
f 853/454/759 847/453/759 848/2031/759 854/2030/759
f 847/453/760 849/452/760 850/2032/760 848/2031/760
f 849/452/761 843/451/761 844/2033/761 850/2032/761
f 843/451/762 845/450/762 846/2034/762 844/2033/762
f 845/450/763 713/449/763 714/2035/763 846/2034/763
f 713/449/764 897/448/765 898/2036/765 714/2035/764
f 897/448/765 899/447/766 900/2037/766 898/2036/765
f 899/447/766 893/446/767 894/2038/767 900/2037/766
f 893/446/768 895/445/768 896/2039/768 894/2038/768
f 895/445/769 889/444/769 890/2040/769 896/2039/769
f 889/444/770 891/443/770 892/2041/770 890/2040/770
f 891/443/771 885/442/771 886/2042/771 892/2041/771
f 885/442/772 887/441/772 888/2043/772 886/2042/772
f 887/441/773 711/440/773 712/2044/773 888/2043/773
f 711/440/774 881/439/774 882/2045/774 712/2044/774
f 881/439/775 883/438/775 884/2046/775 882/2045/775
f 880/434/776 709/433/776 710/2047/776 879/2048/776
f 709/433/777 875/432/778 876/2049/778 710/2047/777
f 875/432/778 877/431/779 878/2050/779 876/2049/778
f 877/431/779 871/430/780 872/2051/780 878/2050/779
f 871/430/781 873/429/781 874/2052/781 872/2051/781
f 873/429/782 867/428/782 868/2053/782 874/2052/782
f 867/428/783 869/427/783 870/2054/783 868/2053/783
f 869/427/784 863/426/784 864/2055/784 870/2054/784
f 863/426/785 865/425/785 866/2056/785 864/2055/785
f 865/425/786 859/424/786 860/2057/786 866/2056/786
f 859/424/787 861/423/787 862/2058/787 860/2057/787
f 861/423/788 707/422/788 708/2059/788 862/2058/788
f 902/435/789 880/434/789 879/2048/789 901/2060/789
f 883/438/790 905/437/790 906/2061/790 884/2046/790
f 905/437/791 903/436/791 904/2062/791 906/2061/791
f 903/436/792 902/435/792 901/2060/792 904/2062/792
f 707/422/793 919/421/793 920/2063/793 708/2059/793
f 919/421/794 921/420/794 922/2064/794 920/2063/794
f 921/420/795 915/419/795 916/2065/795 922/2064/795
f 915/419/796 917/418/796 918/2066/796 916/2065/796
f 917/418/797 911/417/797 912/2067/797 918/2066/797
f 911/417/798 913/416/798 914/2068/798 912/2067/798
f 913/416/799 907/415/799 908/2069/799 914/2068/799
f 907/415/800 909/414/800 910/2070/800 908/2069/800
f 909/414/801 706/413/801 705/1971/801 910/2070/801
f 729/510/802 923/509/802 924/2071/802 730/1966/802
f 923/509/803 925/508/803 926/2072/803 924/2071/803
f 925/508/804 702/507/804 701/1989/804 926/2072/804
f 741/1961/805 746/1969/805 745/404/805 742/516/805
f 701/2073/806 790/533/806 1055/536/806 1056/2074/806
f 953/2075/1 952/2076/1 1386/2077/1 1390/2078/1 1389/2079/1 1392/2080/1 1382/2081/1 1377/2082/1 1378/2083/1 1375/2084/1 1381/2085/1 1380/2086/1 1384/2087/1 1371/2088/1 1363/2089/1 1365/2090/1 1366/2091/1 1367/2092/1 1368/2093/1 1352/2094/1 1294/2095/1 1293/2096/1 1295/2097/1 1296/2098/1 1297/2099/1 1299/2100/1 1298/2101/1 1291/2102/1 1284/2103/1 1286/2104/1 1287/2105/1 1283/2106/1 1290/2107/1 1282/2108/1 1285/2109/1 1278/2110/1 1277/2111/1 1281/2112/1 1289/2113/1 1288/2114/1 1292/2115/1 1300/2116/1 1301/2117/1 1302/2118/1 1203/2119/1 1204/2120/1 1207/2121/1 1206/2122/1 1205/2123/1 1194/2124/1 1192/2125/1 1280/2126/1 1275/2127/1 1276/2128/1 1273/2129/1 1272/2130/1 1269/2131/1 1270/2132/1 1271/2133/1 1348/2134/1 1349/2135/1 1351/2136/1 1350/2137/1 1347/2138/1 1344/2139/1 1346/2140/1 948/2141/1 941/2142/1 928/2143/1 927/2144/1 984/2145/1 977/2146/1 970/2147/1 963/2148/1
f 990/2149/1 1037/2150/1 1050/2151/1 1056/2152/1 1055/2153/1 1053/2154/1 1052/2155/1 1057/2156/1 1058/2157/1 1060/2158/1 1066/2159/1 1065/2160/1 1068/2161/1 1146/2162/1 1145/2163/1 1149/2164/1 1147/2165/1 1142/2166/1 1067/2167/1 1062/2168/1 1061/2169/1 1059/2170/1 1063/2171/1 1064/2172/1 1080/2173/1 1079/2174/1 1078/2175/1 1076/2176/1 1071/2177/1 1073/2178/1 1072/2179/1 1074/2180/1 1077/2181/1 1160/2182/1 1075/2183/1 1070/2184/1 1069/2185/1 1081/2186/1 1085/2187/1 1084/2188/1 1082/2189/1 1083/2190/1 1157/2191/1 1159/2192/1 1154/2193/1 1152/2194/1 1169/2195/1 1088/2196/1 1087/2197/1 1086/2198/1 1090/2199/1 1089/2200/1 1093/2201/1 1094/2202/1 1091/2203/1 1092/2204/1 1164/2205/1 1167/2206/1 1168/2207/1 1156/2208/1 1158/2209/1 1161/2210/1 1153/2211/1 1155/2212/1 1170/2213/1 1166/2214/1 1165/2215/1 1163/2216/1 1162/2217/1 1254/2218/1 1253/2219/1 980/2220/1 973/2221/1 966/2222/1 958/2223/1 949/2224/1 942/2225/1 930/2226/1 929/2227/1 985/2228/1 978/2229/1 971/2230/1 964/2231/1 956/2232/1 947/2233/1 940/2234/1 939/2235/1
f 948/2141/1 1346/2140/1 1345/2236/1 1274/2237/1 1260/2238/1 1259/2239/1 1261/2240/1 1263/2241/1 1279/2242/1 1193/2243/1 1196/2244/1 1197/2245/1 1199/2246/1 1198/2247/1 1202/2248/1 1212/2249/1 1211/2250/1 1209/2251/1 1195/2252/1 1194/2124/1 1205/2123/1 1208/2253/1 1210/2254/1 1213/2255/1 1214/2256/1 1215/2257/1 1126/2258/1 1125/2259/1 1124/2260/1 1118/2261/1 1117/2262/1 1116/2263/1 1119/2264/1 1115/2265/1 1120/2266/1 1201/2267/1 1200/2268/1 1186/2269/1 1185/2270/1 1183/2271/1 1184/2272/1 1268/2273/1 1266/2274/1 1264/2275/1 1265/2276/1 1262/2277/1 1267/2278/1 1171/2279/1 1172/2280/1 1173/2281/1 1176/2282/1 1178/2283/1 1188/2284/1 1187/2285/1 1189/2286/1 1190/2287/1 1191/2288/1 1182/2289/1 1181/2290/1 1180/2291/1 1179/2292/1 1177/2293/1 1174/2294/1 932/2295/1 931/2296/1 986/2297/1 979/2298/1 972/2299/1 965/2300/1 957/2301/1
f 980/2220/1 1253/2219/1 1255/2302/1 1256/2303/1 1257/2304/1 1258/2305/1 1248/2306/1 1246/2307/1 1247/2308/1 1245/2309/1 1244/2310/1 1242/2311/1 1243/2312/1 1252/2313/1 1251/2314/1 1249/2315/1 1250/2316/1 1341/2317/1 1337/2318/1 1338/2319/1 1339/2320/1 1340/2321/1 1343/2322/1 1239/2323/1 1240/2324/1 1241/2325/1 1237/2326/1 1235/2327/1 1238/2328/1 1151/2329/1 1144/2330/1 1143/2331/1 1150/2332/1 1148/2333/1 1141/2334/1 1140/2335/1 1136/2336/1 1138/2337/1 1137/2338/1 1044/2339/1 1043/2340/1 1047/2341/1 1045/2342/1 1046/2343/1 1048/2344/1 1049/2345/1 1054/2346/1 1056/2152/1 1050/2151/1 1051/2347/1 1135/2348/1 1127/2349/1 1133/2350/1 1134/2351/1 1225/2352/1 1226/2353/1 1236/2354/1 1234/2355/1 1233/2356/1 1228/2357/1 1231/2358/1 1342/2359/1 1336/2360/1 1335/2361/1 1334/2362/1 1333/2363/1 1332/2364/1 1361/2365/1 1360/2366/1 968/2367/1 960/2368/1 951/2369/1 944/2370/1 934/2371/1 933/2372/1 987/2373/1
f 1207/2121/1 1218/2374/1 1223/2375/1 1213/2255/1
f 968/2367/1 1360/2366/1 1359/2376/1 1353/2377/1 1354/2378/1 1355/2379/1 1358/2380/1 1357/2381/1 1316/2382/1 1317/2383/1 1315/2384/1 1326/2385/1 1327/2386/1 1328/2387/1 1329/2388/1 1227/2389/1 1229/2390/1 1230/2391/1 1219/2392/1 1218/2374/1 1207/2121/1 1217/2393/1 1216/2394/1 1313/2395/1 1312/2396/1 1311/2397/1 1310/2398/1 1324/2399/1 1323/2400/1 1325/2401/1 1331/2402/1 1330/2403/1 1318/2404/1 1314/2405/1 1322/2406/1 1321/2407/1 1320/2408/1 1319/2409/1 1307/2410/1 1308/2411/1 1309/2412/1 1299/2100/1 1297/2099/1 1306/2413/1 1305/2414/1 1303/2415/1 1304/2416/1 1356/2417/1 1370/2418/1 1369/2419/1 1364/2420/1 1362/2421/1 1363/2089/1 1371/2088/1 1372/2422/1 1376/2423/1 1383/2424/1 1387/2425/1 1374/2426/1 1373/2427/1 1379/2428/1 1385/2429/1 1391/2430/1 1388/2431/1 1386/2077/1 952/2076/1 962/2432/1 955/2433/1 946/2434/1 938/2435/1 937/2436/1 989/2437/1 982/2438/1 975/2439/1
f 1393/2440/1 1042/2441/1 1040/2442/1 1038/2443/1 1034/2444/1 1033/2445/1 1032/2446/1 1029/2447/1 1031/2448/1 1030/2449/1 1131/2450/1 1130/2451/1 1129/2452/1 1139/2453/1 1133/2350/1 1127/2349/1 1128/2454/1 1036/2455/1
f 1213/2255/1 1223/2375/1 1220/2456/1 1219/2392/1 1230/2391/1 1232/2457/1 1221/2458/1 1222/2459/1 1224/2460/1
f 1206/1052/240 1210/1046/240 679/1045/240 1394/1053/240
f 1206/2122/1 1207/2121/1 1213/2255/1 1210/2254/1
f 932/2295/1 1174/2294/1 1175/2461/1 1102/2462/1 1104/2463/1 1101/2464/1 1100/2465/1 1095/2466/1 1105/2467/1 1113/2468/1 1112/2469/1 1110/2470/1 1098/2471/1 1097/2472/1 1099/2473/1 1096/2474/1 995/2475/1 994/2476/1 993/2477/1 992/2478/1 991/2479/1 996/2480/1 997/2481/1 998/2482/1 1001/2483/1 1103/2484/1 1109/2485/1 1111/2486/1 1106/2487/1 1107/2488/1 1016/2489/1 1003/2490/1 1002/2491/1 999/2492/1 1000/2493/1 1004/2494/1 1011/2495/1 1007/2496/1 1108/2497/1 1006/2498/1 1013/2499/1 1014/2500/1 1012/2501/1 1009/2502/1 1015/2503/1 1008/2504/1 1005/2505/1 1010/2506/1 1017/2507/1 1028/2508/1 1021/2509/1 1023/2510/1 1026/2511/1 1027/2512/1 1122/2513/1 1121/2514/1 1114/2515/1 1123/2516/1 1132/2517/1 1019/2518/1 1022/2519/1 1025/2520/1 1018/2521/1 1020/2522/1 1024/2523/1 1035/2524/1 1039/2525/1 1041/2526/1 1042/2441/1 1393/2440/1 1037/2150/1 990/2149/1 983/2527/1 976/2528/1 969/2529/1 961/2530/1 954/2531/1 945/2532/1 936/2533/1 935/2534/1 988/2535/1 981/2536/1 974/2537/1 967/2538/1 959/2539/1 950/2540/1 943/2541/1
f 1/30/1 2/140/1 3/146/1 962/2432/1 952/2076/1
f 127/18/1 128/24/1 1/30/1 952/2076/1 953/2075/1
f 125/12/1 126/11/1 127/18/1 953/2075/1 963/2148/1
f 123/250/1 124/256/1 125/12/1 963/2148/1 970/2147/1
f 121/238/1 122/244/1 123/250/1 970/2147/1 977/2146/1
f 119/226/1 120/232/1 121/238/1 977/2146/1 984/2145/1
f 117/214/1 118/220/1 119/226/1 984/2145/1 927/2144/1
f 115/202/1 116/208/1 117/214/1 927/2144/1 928/2143/1
f 113/190/1 114/196/1 115/202/1 928/2143/1 941/2142/1
f 111/178/1 112/184/1 113/190/1 941/2142/1 948/2141/1
f 109/166/1 110/172/1 111/178/1 948/2141/1 957/2301/1
f 107/154/1 108/160/1 109/166/1 957/2301/1 965/2300/1
f 105/142/1 106/148/1 107/154/1 965/2300/1 972/2299/1
f 103/132/1 104/136/1 105/142/1 972/2299/1 979/2298/1
f 101/124/1 102/128/1 103/132/1 979/2298/1 986/2297/1
f 99/116/1 100/120/1 101/124/1 986/2297/1 931/2296/1
f 97/108/1 98/112/1 99/116/1 931/2296/1 932/2295/1
f 95/100/1 96/104/1 97/108/1 932/2295/1 943/2541/1
f 93/92/1 94/96/1 95/100/1 943/2541/1 950/2540/1
f 91/84/1 92/88/1 93/92/1 950/2540/1 959/2539/1
f 89/76/1 90/80/1 91/84/1 959/2539/1 967/2538/1
f 87/68/1 88/72/1 89/76/1 967/2538/1 974/2537/1
f 85/60/1 86/64/1 87/68/1 974/2537/1 981/2536/1
f 83/52/1 84/56/1 85/60/1 981/2536/1 988/2535/1
f 81/44/1 82/48/1 83/52/1 988/2535/1 935/2534/1
f 79/36/1 80/40/1 81/44/1 935/2534/1 936/2533/1
f 77/26/1 78/32/1 79/36/1 936/2533/1 945/2532/1
f 75/14/1 76/20/1 77/26/1 945/2532/1 954/2531/1
f 73/4/1 74/3/1 75/14/1 954/2531/1 961/2530/1
f 71/246/1 72/252/1 73/4/1 961/2530/1 969/2529/1
f 69/234/1 70/240/1 71/246/1 969/2529/1 976/2528/1
f 67/222/1 68/228/1 69/234/1 976/2528/1 983/2527/1
f 65/210/1 66/216/1 67/222/1 983/2527/1 990/2149/1
f 63/198/1 64/204/1 65/210/1 990/2149/1 939/2235/1
f 61/186/1 62/192/1 63/198/1 939/2235/1 940/2234/1
f 59/174/1 60/180/1 61/186/1 940/2234/1 947/2233/1
f 57/162/1 58/168/1 59/174/1 947/2233/1 956/2232/1
f 55/150/1 56/156/1 57/162/1 956/2232/1 964/2231/1
f 53/138/1 54/144/1 55/150/1 964/2231/1 971/2230/1
f 51/130/1 52/134/1 53/138/1 971/2230/1 978/2229/1
f 49/122/1 50/126/1 51/130/1 978/2229/1 985/2228/1
f 47/114/1 48/118/1 49/122/1 985/2228/1 929/2227/1
f 45/106/1 46/110/1 47/114/1 929/2227/1 930/2226/1
f 43/98/1 44/102/1 45/106/1 930/2226/1 942/2225/1
f 41/90/1 42/94/1 43/98/1 942/2225/1 949/2224/1
f 39/82/1 40/86/1 41/90/1 949/2224/1 958/2223/1
f 37/74/1 38/78/1 39/82/1 958/2223/1 966/2222/1
f 35/66/1 36/70/1 37/74/1 966/2222/1 973/2221/1
f 33/58/1 34/62/1 35/66/1 973/2221/1 980/2220/1
f 31/50/1 32/54/1 33/58/1 980/2220/1 987/2373/1
f 29/42/1 30/46/1 31/50/1 987/2373/1 933/2372/1
f 27/34/1 28/38/1 29/42/1 933/2372/1 934/2371/1
f 25/22/1 26/28/1 27/34/1 934/2371/1 944/2370/1
f 23/7/1 24/16/1 25/22/1 944/2370/1 951/2369/1
f 21/254/1 22/8/1 23/7/1 951/2369/1 960/2368/1
f 19/242/1 20/248/1 21/254/1 960/2368/1 968/2367/1
f 17/230/1 18/236/1 19/242/1 968/2367/1 975/2439/1
f 15/218/1 16/224/1 17/230/1 975/2439/1 982/2438/1
f 13/206/1 14/212/1 15/218/1 982/2438/1 989/2437/1
f 11/194/1 12/200/1 13/206/1 989/2437/1 937/2436/1
f 9/182/1 10/188/1 11/194/1 937/2436/1 938/2435/1
f 7/170/1 8/176/1 9/182/1 938/2435/1 946/2434/1
f 5/158/1 6/164/1 7/170/1 946/2434/1 955/2433/1
f 3/146/1 4/152/1 5/158/1 955/2433/1 962/2432/1
f 2151/2542/807 2147/2543/807 3937/2544/807 3938/2545/807
f 1739/2546/808 1735/2547/808 3834/2548/808 3835/2549/808
f 1943/2550/809 1939/2551/809 3885/2552/809 3886/2553/809
f 2147/2543/810 2143/2554/810 3936/2555/810 3937/2544/810
f 1735/2547/811 1731/2556/811 3833/2557/811 3834/2548/811
f 1939/2551/812 1935/2558/812 3884/2559/812 3885/2552/812
f 2143/2554/813 2139/2560/813 3935/2561/813 3936/2555/813
f 1731/2556/814 1727/2562/814 3832/2563/814 3833/2557/814
f 1935/2558/815 1931/2564/815 3883/2565/815 3884/2559/815
f 2139/2560/816 2135/2566/816 3934/2567/816 3935/2561/816
f 1727/2562/817 1723/2568/817 3831/2569/817 3832/2563/817
f 1931/2564/818 1927/2570/818 3882/2571/818 3883/2565/818
f 2135/2566/819 2131/2572/819 3933/2573/819 3934/2567/819
f 1723/2568/820 1719/2574/820 3830/2575/820 3831/2569/820
f 1927/2570/821 1923/2576/821 3881/2577/821 3882/2571/821
f 2131/2572/822 2127/2578/822 3932/2579/822 3933/2573/822
f 1719/2574/823 1715/2580/823 3829/2581/823 3830/2575/823
f 1923/2576/824 1919/2582/824 3880/2583/824 3881/2577/824
f 2127/2578/825 2123/2584/825 3931/2585/825 3932/2579/825
f 1715/2580/826 1711/2586/826 3828/2587/826 3829/2581/826
f 1919/2582/827 1915/2588/827 3879/2589/827 3880/2583/827
f 2123/2584/828 2119/2590/828 3930/2591/828 3931/2585/828
f 1711/2586/829 1707/2592/829 3827/2593/829 3828/2587/829
f 1915/2588/830 1911/2594/830 3878/2595/830 3879/2589/830
f 2119/2590/831 2115/2596/831 3929/2597/831 3930/2591/831
f 1707/2592/832 1703/2598/832 3826/2599/832 3827/2593/832
f 1911/2594/833 1907/2600/833 3877/2601/833 3878/2595/833
f 2115/2596/834 2111/2602/834 3928/2603/834 3929/2597/834
f 1703/2598/835 1699/2604/835 3825/2605/835 3826/2599/835
f 1907/2600/836 1903/2606/836 3876/2607/836 3877/2601/836
f 2111/2602/837 2107/2608/837 3927/2609/837 3928/2603/837
f 1699/2604/838 1695/2610/838 3824/2611/838 3825/2605/838
f 1903/2606/839 1899/2612/839 3875/2613/839 3876/2607/839
f 2107/2608/840 2103/2614/840 3926/2615/840 3927/2609/840
f 1695/2610/841 1691/2616/841 3823/2617/841 3824/2611/841
f 1899/2612/842 1895/2618/842 3874/2619/842 3875/2613/842
f 2103/2614/843 2099/2620/843 3925/2621/843 3926/2615/843
f 1691/2616/844 1687/2622/844 3822/2623/844 3823/2617/844
f 1895/2624/845 1891/2625/845 3873/2626/845 3874/2627/845
f 2099/2620/846 2095/2628/846 3924/2629/846 3925/2621/846
f 1687/2622/847 1683/2630/847 3821/2631/847 3822/2623/847
f 1891/2625/848 1887/2632/848 3872/2633/848 3873/2626/848
f 2095/2628/849 2091/2634/849 3923/2635/849 3924/2629/849
f 1683/2630/850 1679/2636/850 3820/2637/850 3821/2631/850
f 1887/2632/851 1883/2638/851 3871/2639/851 3872/2633/851
f 2091/2634/852 2087/2640/852 3922/2641/852 3923/2635/852
f 1679/2636/853 1675/2642/853 3819/2643/853 3820/2637/853
f 1883/2638/854 1879/2644/854 3870/2645/854 3871/2639/854
f 2087/2640/855 2083/2646/855 3921/2647/855 3922/2641/855
f 1675/2642/856 1671/2648/856 3818/2649/856 3819/2643/856
f 1879/2644/857 1875/2650/857 3869/2651/857 3870/2645/857
f 2083/2646/858 2079/2652/858 3920/2653/858 3921/2647/858
f 1671/2648/859 1667/2654/859 3817/2655/859 3818/2649/859
f 1875/2650/860 1871/2656/860 3868/2657/860 3869/2651/860
f 2079/2652/861 2075/2658/861 3919/2659/861 3920/2653/861
f 1667/2654/862 1663/2660/862 3816/2661/862 3817/2655/862
f 1871/2656/863 1867/2662/863 3867/2663/863 3868/2657/863
f 2075/2658/864 2071/2664/864 3918/2665/864 3919/2659/864
f 1663/2660/865 1659/2666/865 3815/2667/865 3816/2661/865
f 1867/2662/866 1863/2668/866 3866/2669/866 3867/2663/866
f 2071/2664/867 2067/2670/867 3917/2671/867 3918/2665/867
f 1652/2672/868 2159/2673/868 3940/2674/868 3813/2675/868
f 1863/2668/869 1859/2676/869 3865/2677/869 3866/2669/869
f 2067/2670/870 2063/2678/870 3916/2679/870 3917/2671/870
f 1859/2676/871 1855/2680/871 3864/2681/871 3865/2677/871
f 2063/2678/872 2059/2682/872 3915/2683/872 3916/2679/872
f 1855/2680/873 1851/2684/873 3863/2685/873 3864/2681/873
f 2059/2682/874 2055/2686/874 3914/2687/874 3915/2683/874
f 1851/2684/875 1847/2688/875 3862/2689/875 3863/2685/875
f 2055/2686/876 2051/2690/876 3913/2691/876 3914/2687/876
f 1847/2688/877 1843/2692/877 3861/2693/877 3862/2689/877
f 2051/2690/878 2047/2694/878 3912/2695/878 3913/2691/878
f 1843/2692/879 1839/2696/879 3860/2697/879 3861/2693/879
f 2047/2694/880 2043/2698/880 3911/2699/880 3912/2695/880
f 1839/2696/881 1835/2700/881 3859/2701/881 3860/2697/881
f 2043/2698/882 2039/2702/882 3910/2703/882 3911/2699/882
f 1835/2700/883 1831/2704/883 3858/2705/883 3859/2701/883
f 2039/2702/884 2035/2706/884 3909/2707/884 3910/2703/884
f 1831/2704/885 1827/2708/885 3857/2709/885 3858/2705/885
f 2035/2706/886 2031/2710/886 3908/2711/886 3909/2707/886
f 1827/2708/887 1823/2712/887 3856/2713/887 3857/2709/887
f 2031/2710/888 2027/2714/888 3907/2715/888 3908/2711/888
f 1823/2712/889 1819/2716/889 3855/2717/889 3856/2713/889
f 2027/2718/890 2023/2719/890 3906/2720/890 3907/2721/890
f 1819/2716/891 1815/2722/891 3854/2723/891 3855/2717/891
f 2023/2719/892 2019/2724/892 3905/2725/892 3906/2720/892
f 1815/2722/893 1811/2726/893 3853/2727/893 3854/2723/893
f 2019/2724/894 2015/2728/894 3904/2729/894 3905/2725/894
f 1811/2726/895 1807/2730/895 3852/2731/895 3853/2727/895
f 2015/2728/896 2011/2732/896 3903/2733/896 3904/2729/896
f 1807/2730/897 1803/2734/897 3851/2735/897 3852/2731/897
f 2011/2732/898 2007/2736/898 3902/2737/898 3903/2733/898
f 1803/2734/899 1799/2738/899 3850/2739/899 3851/2735/899
f 2007/2736/900 2003/2740/900 3901/2741/900 3902/2737/900
f 1799/2738/901 1795/2742/901 3849/2743/901 3850/2739/901
f 2003/2740/902 1999/2744/902 3900/2745/902 3901/2741/902
f 1795/2742/903 1791/2746/903 3848/2747/903 3849/2743/903
f 1999/2744/904 1995/2748/904 3899/2749/904 3900/2745/904
f 1791/2746/905 1787/2750/905 3847/2751/905 3848/2747/905
f 1995/2748/906 1991/2752/906 3898/2753/906 3899/2749/906
f 1787/2750/907 1783/2754/907 3846/2755/907 3847/2751/907
f 1991/2752/908 1987/2756/908 3897/2757/908 3898/2753/908
f 1783/2754/909 1779/2758/909 3845/2759/909 3846/2755/909
f 1987/2756/910 1983/2760/910 3896/2761/910 3897/2757/910
f 1779/2758/911 1775/2762/911 3844/2763/911 3845/2759/911
f 1983/2760/912 1979/2764/912 3895/2765/912 3896/2761/912
f 1775/2762/913 1771/2766/913 3843/2767/913 3844/2763/913
f 1979/2764/914 1975/2768/914 3894/2769/914 3895/2765/914
f 1771/2766/915 1767/2770/915 3842/2771/915 3843/2767/915
f 1975/2768/916 1971/2772/916 3893/2773/916 3894/2769/916
f 1767/2774/917 1763/2775/917 3841/2776/917 3842/2777/917
f 1971/2772/918 1967/2778/918 3892/2779/918 3893/2773/918
f 1763/2775/919 1759/2780/919 3840/2781/919 3841/2776/919
f 1967/2778/920 1963/2782/920 3891/2783/920 3892/2779/920
f 1759/2780/921 1755/2784/921 3839/2785/921 3840/2781/921
f 1963/2782/922 1959/2786/922 3890/2787/922 3891/2783/922
f 1659/2666/923 1655/2788/923 3814/2789/923 3815/2667/923
f 1755/2784/924 1751/2790/924 3838/2791/924 3839/2785/924
f 1959/2786/925 1955/2792/925 3889/2793/925 3890/2787/925
f 1751/2790/926 1747/2794/926 3837/2795/926 3838/2791/926
f 1955/2792/927 1951/2796/927 3888/2797/927 3889/2793/927
f 2159/2673/928 2155/2798/928 3939/2799/928 3940/2674/928
f 1747/2794/929 1743/2800/929 3836/2801/929 3837/2795/929
f 1951/2796/930 1947/2802/930 3887/2803/930 3888/2797/930
f 2155/2798/931 2151/2804/931 3938/2805/931 3939/2799/931
f 1743/2800/932 1739/2546/932 3835/2549/932 3836/2801/932
f 1947/2802/933 1943/2550/933 3886/2553/933 3887/2803/933
f 1522/2806/934 1399/2807/934 1650/9/934 1647/255/934
f 1521/2808/935 1397/2809/935 1649/5/935 1646/253/935
f 1520/2810/936 1395/2811/936 1648/1/936 1645/251/936
f 1519/2812/937 1522/2806/937 1647/255/937 1644/249/937
f 1518/2813/938 1521/2808/938 1646/253/938 1643/247/938
f 1517/2814/939 1520/2810/939 1645/251/939 1642/245/939
f 1516/2815/940 1519/2812/940 1644/249/940 1641/243/940
f 1515/2816/941 1518/2813/941 1643/247/941 1640/241/941
f 1514/2817/942 1517/2814/942 1642/245/942 1639/239/942
f 1513/2818/943 1516/2815/943 1641/243/943 1638/237/943
f 1512/2819/944 1515/2816/944 1640/241/944 1637/235/944
f 1511/2820/945 1514/2817/945 1639/239/945 1636/233/945
f 1510/2821/946 1513/2818/946 1638/237/946 1635/231/946
f 1509/2822/947 1512/2819/947 1637/235/947 1634/229/947
f 1508/2823/948 1511/2820/948 1636/233/948 1633/227/948
f 1507/2824/949 1510/2821/949 1635/231/949 1632/225/949
f 1506/2825/950 1509/2822/950 1634/229/950 1631/223/950
f 1505/2826/951 1508/2823/951 1633/227/951 1630/221/951
f 1504/2827/952 1507/2824/952 1632/225/952 1629/219/952
f 1503/2828/953 1506/2825/953 1631/223/953 1628/217/953
f 1502/2829/954 1505/2826/954 1630/221/954 1627/215/954
f 1501/2830/955 1504/2827/955 1629/219/955 1626/213/955
f 1500/2831/956 1503/2828/956 1628/217/956 1625/211/956
f 1499/2832/957 1502/2829/957 1627/215/957 1624/209/957
f 1498/2833/958 1501/2830/958 1626/213/958 1623/207/958
f 1497/2834/959 1500/2831/959 1625/211/959 1622/205/959
f 1496/2835/960 1499/2832/960 1624/209/960 1621/203/960
f 1495/2836/961 1498/2833/961 1623/207/961 1620/201/961
f 1494/2837/962 1497/2834/962 1622/205/962 1619/199/962
f 1493/2838/963 1496/2835/963 1621/203/963 1618/197/963
f 1492/2839/964 1495/2836/964 1620/201/964 1617/195/964
f 1491/2840/965 1494/2837/965 1619/199/965 1616/193/965
f 1490/2841/966 1493/2838/966 1618/197/966 1615/191/966
f 1489/2842/967 1492/2839/967 1617/195/967 1614/189/967
f 1488/2843/968 1491/2840/968 1616/193/968 1613/187/968
f 1487/2844/969 1490/2841/969 1615/191/969 1612/185/969
f 1486/2845/970 1489/2842/970 1614/189/970 1611/183/970
f 1485/2846/971 1488/2843/971 1613/187/971 1610/181/971
f 1484/2847/972 1487/2844/972 1612/185/972 1609/179/972
f 1483/2848/973 1486/2845/973 1611/183/973 1608/177/973
f 1482/2849/974 1485/2846/974 1610/181/974 1607/175/974
f 1481/2850/975 1484/2847/975 1609/179/975 1606/173/975
f 1480/2851/976 1483/2848/976 1608/177/976 1605/171/976
f 1479/2852/977 1482/2849/977 1607/175/977 1604/169/977
f 1478/2853/978 1481/2850/978 1606/173/978 1603/167/978
f 1477/2854/979 1480/2851/979 1605/171/979 1602/165/979
f 1476/2855/980 1479/2852/980 1604/169/980 1601/163/980
f 1475/2856/981 1478/2853/981 1603/167/981 1600/161/981
f 1474/2857/982 1477/2854/982 1602/165/982 1599/159/982
f 1473/2858/983 1476/2855/983 1601/163/983 1598/157/983
f 1472/2859/984 1475/2856/984 1600/161/984 1597/155/984
f 1471/2860/985 1474/2857/985 1599/159/985 1596/153/985
f 1470/2861/986 1473/2858/986 1598/157/986 1595/151/986
f 1469/2862/987 1472/2859/987 1597/155/987 1594/149/987
f 1468/2863/988 1471/2860/988 1596/153/988 1593/147/988
f 1467/2864/989 1470/2861/989 1595/151/989 1592/145/989
f 1466/2865/990 1469/2862/990 1594/149/990 1591/143/990
f 1465/2866/991 1468/2863/991 1593/147/991 1590/141/991
f 1464/2867/992 1467/2864/992 1592/145/992 1589/139/992
f 1463/2868/993 1466/2865/993 1591/143/993 1588/137/993
f 1462/2869/994 1465/2866/994 1590/141/994 1587/135/994
f 1409/2870/995 1464/2867/995 1589/139/995 1534/29/995
f 1461/2871/996 1463/2868/996 1588/137/996 1586/133/996
f 1460/2872/997 1462/2869/997 1587/135/997 1585/131/997
f 1459/2873/998 1461/2871/998 1586/133/998 1584/129/998
f 1458/2874/999 1460/2872/999 1585/131/999 1583/127/999
f 1457/2875/1000 1459/2873/1000 1584/129/1000 1582/125/1000
f 1456/2876/1001 1458/2874/1001 1583/127/1001 1581/123/1001
f 1455/2877/1002 1457/2875/1002 1582/125/1002 1580/121/1002
f 1454/2878/1003 1456/2876/1003 1581/123/1003 1579/119/1003
f 1453/2879/1004 1455/2877/1004 1580/121/1004 1578/117/1004
f 1452/2880/1005 1454/2878/1005 1579/119/1005 1577/115/1005
f 1451/2881/1006 1453/2879/1006 1578/117/1006 1576/113/1006
f 1450/2882/1007 1452/2880/1007 1577/115/1007 1575/111/1007
f 1449/2883/1008 1451/2881/1008 1576/113/1008 1574/109/1008
f 1448/2884/1009 1450/2882/1009 1575/111/1009 1573/107/1009
f 1447/2885/1010 1449/2883/1010 1574/109/1010 1572/105/1010
f 1446/2886/1011 1448/2884/1011 1573/107/1011 1571/103/1011
f 1445/2887/1012 1447/2885/1012 1572/105/1012 1570/101/1012
f 1444/2888/1013 1446/2886/1013 1571/103/1013 1569/99/1013
f 1443/2889/1014 1445/2887/1014 1570/101/1014 1568/97/1014
f 1442/2890/1015 1444/2888/1015 1569/99/1015 1567/95/1015
f 1441/2891/1016 1443/2889/1016 1568/97/1016 1566/93/1016
f 1440/2892/1017 1442/2890/1017 1567/95/1017 1565/91/1017
f 1439/2893/1018 1441/2891/1018 1566/93/1018 1564/89/1018
f 1438/2894/1019 1440/2892/1019 1565/91/1019 1563/87/1019
f 1437/2895/1020 1439/2893/1020 1564/89/1020 1562/85/1020
f 1436/2896/1021 1438/2894/1021 1563/87/1021 1561/83/1021
f 1435/2897/1022 1437/2895/1022 1562/85/1022 1560/81/1022
f 1434/2898/1023 1436/2896/1023 1561/83/1023 1559/79/1023
f 1433/2899/1024 1435/2897/1024 1560/81/1024 1558/77/1024
f 1432/2900/1025 1434/2898/1025 1559/79/1025 1557/75/1025
f 1431/2901/1026 1433/2899/1026 1558/77/1026 1556/73/1026
f 1430/2902/1027 1432/2900/1027 1557/75/1027 1555/71/1027
f 1429/2903/1028 1431/2901/1028 1556/73/1028 1554/69/1028
f 1428/2904/1029 1430/2902/1029 1555/71/1029 1553/67/1029
f 1427/2905/1030 1429/2903/1030 1554/69/1030 1552/65/1030
f 1426/2906/1031 1428/2904/1031 1553/67/1031 1551/63/1031
f 1425/2907/1032 1427/2905/1032 1552/65/1032 1550/61/1032
f 1424/2908/1033 1426/2906/1033 1551/63/1033 1549/59/1033
f 1423/2909/1034 1425/2907/1034 1550/61/1034 1548/57/1034
f 1422/2910/1035 1424/2908/1035 1549/59/1035 1547/55/1035
f 1421/2911/1036 1423/2909/1036 1548/57/1036 1546/53/1036
f 1420/2912/1037 1422/2910/1037 1547/55/1037 1545/51/1037
f 1419/2913/1038 1421/2911/1038 1546/53/1038 1544/49/1038
f 1418/2914/1039 1420/2912/1039 1545/51/1039 1543/47/1039
f 1417/2915/1040 1419/2913/1040 1544/49/1040 1542/45/1040
f 1416/2916/1041 1418/2914/1041 1543/47/1041 1541/43/1041
f 1415/2917/1042 1417/2915/1042 1542/45/1042 1540/41/1042
f 1414/2918/1043 1416/2916/1043 1541/43/1043 1539/39/1043
f 1413/2919/1044 1415/2917/1044 1540/41/1044 1538/37/1044
f 1412/2920/1045 1414/2918/1045 1539/39/1045 1537/35/1045
f 1411/2921/1046 1413/2919/1046 1538/37/1046 1536/33/1046
f 1410/2922/1047 1412/2920/1047 1537/35/1047 1535/31/1047
f 1408/2923/1048 1411/2921/1048 1536/33/1048 1533/27/1048
f 1407/2924/1049 1410/2922/1049 1535/31/1049 1532/25/1049
f 1406/2925/1050 1409/2870/1050 1534/29/1050 1531/23/1050
f 1405/2926/1051 1408/2923/1051 1533/27/1051 1530/21/1051
f 1404/2927/1052 1407/2924/1052 1532/25/1052 1529/19/1052
f 1403/2928/1053 1406/2925/1053 1531/23/1053 1528/17/1053
f 1402/2929/1054 1405/2926/1054 1530/21/1054 1527/15/1054
f 1401/2930/1055 1404/2927/1055 1529/19/1055 1526/13/1055
f 1400/2931/1056 1403/2928/1056 1528/17/1056 1525/10/1056
f 1398/2932/1057 1402/2929/1057 1527/15/1057 1524/6/1057
f 1396/2933/1058 1401/2930/1058 1526/13/1058 1523/2/1058
f 1399/2807/1059 1400/2931/1059 1525/10/1059 1650/9/1059
f 1397/2809/1060 1398/2932/1060 1524/6/1060 1649/5/1060
f 1395/2811/1061 1396/2933/1061 1523/2/1061 1648/1/1061
f 1868/2934/1 1872/2935/1 1472/2859/1 1469/2862/1
f 1664/2936/1 1668/2937/1 1473/2858/1 1470/2861/1
f 2076/2938/1 2080/2939/1 1474/2857/1 1471/2860/1
f 1872/2935/1 1876/2940/1 1475/2856/1 1472/2859/1
f 1668/2937/1 1672/2941/1 1476/2855/1 1473/2858/1
f 2080/2939/1 2084/2942/1 1477/2854/1 1474/2857/1
f 1876/2940/1 1880/2943/1 1478/2853/1 1475/2856/1
f 1672/2941/1 1676/2944/1 1479/2852/1 1476/2855/1
f 2084/2942/1 2088/2945/1 1480/2851/1 1477/2854/1
f 1880/2943/1 1884/2946/1 1481/2850/1 1478/2853/1
f 1676/2944/1 1680/2947/1 1482/2849/1 1479/2852/1
f 2088/2945/1 2092/2948/1 1483/2848/1 1480/2851/1
f 1884/2946/1 1888/2949/1 1484/2847/1 1481/2850/1
f 1680/2947/1 1684/2950/1 1485/2846/1 1482/2849/1
f 2092/2948/1 2096/2951/1 1486/2845/1 1483/2848/1
f 1888/2949/1 1892/2952/1 1487/2844/1 1484/2847/1
f 1684/2950/1 1688/2953/1 1488/2843/1 1485/2846/1
f 2096/2951/1 2100/2954/1 1489/2842/1 1486/2845/1
f 1892/2952/1 1896/2955/1 1490/2841/1 1487/2844/1
f 1688/2953/1 1692/2956/1 1491/2840/1 1488/2843/1
f 2100/2954/1 2104/2957/1 1492/2839/1 1489/2842/1
f 1896/2955/1 1900/2958/1 1493/2838/1 1490/2841/1
f 1692/2956/1 1696/2959/1 1494/2837/1 1491/2840/1
f 2104/2957/1 2108/2960/1 1495/2836/1 1492/2839/1
f 1900/2958/1 1904/2961/1 1496/2835/1 1493/2838/1
f 1696/2959/1 1700/2962/1 1497/2834/1 1494/2837/1
f 2108/2960/1 2112/2963/1 1498/2833/1 1495/2836/1
f 1904/2961/1 1908/2964/1 1499/2832/1 1496/2835/1
f 1700/2962/1 1704/2965/1 1500/2831/1 1497/2834/1
f 2112/2963/1 2116/2966/1 1501/2830/1 1498/2833/1
f 1908/2964/1 1912/2967/1 1502/2829/1 1499/2832/1
f 1704/2965/1 1708/2968/1 1503/2828/1 1500/2831/1
f 2116/2966/1 2120/2969/1 1504/2827/1 1501/2830/1
f 1912/2967/1 1916/2970/1 1505/2826/1 1502/2829/1
f 1708/2968/1 1712/2971/1 1506/2825/1 1503/2828/1
f 2120/2969/1 2124/2972/1 1507/2824/1 1504/2827/1
f 1916/2970/1 1920/2973/1 1508/2823/1 1505/2826/1
f 1712/2971/1 1716/2974/1 1509/2822/1 1506/2825/1
f 2124/2972/1 2128/2975/1 1510/2821/1 1507/2824/1
f 1920/2973/1 1924/2976/1 1511/2820/1 1508/2823/1
f 1716/2974/1 1720/2977/1 1512/2819/1 1509/2822/1
f 2128/2975/1 2132/2978/1 1513/2818/1 1510/2821/1
f 1924/2976/1 1928/2979/1 1514/2817/1 1511/2820/1
f 1720/2977/1 1724/2980/1 1515/2816/1 1512/2819/1
f 2132/2978/1 2136/2981/1 1516/2815/1 1513/2818/1
f 1928/2979/1 1932/2982/1 1517/2814/1 1514/2817/1
f 1724/2980/1 1728/2983/1 1518/2813/1 1515/2816/1
f 2136/2981/1 2140/2984/1 1519/2812/1 1516/2815/1
f 1932/2982/1 1936/2985/1 1520/2810/1 1517/2814/1
f 1728/2983/1 1732/2986/1 1521/2808/1 1518/2813/1
f 2140/2984/1 2144/2987/1 1522/2806/1 1519/2812/1
f 1936/2985/1 1940/2988/1 1395/2811/1 1520/2810/1
f 1732/2986/1 1736/2989/1 1397/2809/1 1521/2808/1
f 2144/2987/1 2148/2990/1 1399/2807/1 1522/2806/1
f 1940/2988/1 1944/2991/1 1396/2933/1 1395/2811/1
f 1736/2989/1 1740/2992/1 1398/2932/1 1397/2809/1
f 2148/2990/1 2152/2993/1 1400/2931/1 1399/2807/1
f 1944/2991/1 1948/2994/1 1401/2930/1 1396/2933/1
f 1740/2992/1 1744/2995/1 1402/2929/1 1398/2932/1
f 2152/2993/1 2156/2996/1 1403/2928/1 1400/2931/1
f 1948/2994/1 1952/2997/1 1404/2927/1 1401/2930/1
f 1744/2995/1 1748/2998/1 1405/2926/1 1402/2929/1
f 2156/2996/1 2160/2999/1 1406/2925/1 1403/2928/1
f 1952/2997/1 1956/3000/1 1407/2924/1 1404/2927/1
f 1748/2998/1 1752/3001/1 1408/2923/1 1405/2926/1
f 2160/2999/1 1651/3002/1 1409/2870/1 1406/2925/1
f 1956/3000/1 1960/3003/1 1410/2922/1 1407/2924/1
f 1752/3001/1 1756/3004/1 1411/2921/1 1408/2923/1
f 1960/3003/1 1964/3005/1 1412/2920/1 1410/2922/1
f 1756/3004/1 1760/3006/1 1413/2919/1 1411/2921/1
f 1964/3005/1 1968/3007/1 1414/2918/1 1412/2920/1
f 1760/3006/1 1764/3008/1 1415/2917/1 1413/2919/1
f 1968/3007/1 1972/3009/1 1416/2916/1 1414/2918/1
f 1764/3008/1 1768/3010/1 1417/2915/1 1415/2917/1
f 1972/3009/1 1976/3011/1 1418/2914/1 1416/2916/1
f 1768/3010/1 1772/3012/1 1419/2913/1 1417/2915/1
f 1976/3011/1 1980/3013/1 1420/2912/1 1418/2914/1
f 1772/3012/1 1776/3014/1 1421/2911/1 1419/2913/1
f 1980/3013/1 1984/3015/1 1422/2910/1 1420/2912/1
f 1776/3014/1 1780/3016/1 1423/2909/1 1421/2911/1
f 1984/3015/1 1988/3017/1 1424/2908/1 1422/2910/1
f 1780/3016/1 1784/3018/1 1425/2907/1 1423/2909/1
f 1988/3017/1 1992/3019/1 1426/2906/1 1424/2908/1
f 1784/3018/1 1788/3020/1 1427/2905/1 1425/2907/1
f 1992/3019/1 1996/3021/1 1428/2904/1 1426/2906/1
f 1788/3020/1 1792/3022/1 1429/2903/1 1427/2905/1
f 1996/3021/1 2000/3023/1 1430/2902/1 1428/2904/1
f 1792/3022/1 1796/3024/1 1431/2901/1 1429/2903/1
f 2000/3023/1 2004/3025/1 1432/2900/1 1430/2902/1
f 1796/3024/1 1800/3026/1 1433/2899/1 1431/2901/1
f 2004/3025/1 2008/3027/1 1434/2898/1 1432/2900/1
f 1800/3026/1 1804/3028/1 1435/2897/1 1433/2899/1
f 2008/3027/1 2012/3029/1 1436/2896/1 1434/2898/1
f 1804/3028/1 1808/3030/1 1437/2895/1 1435/2897/1
f 2012/3029/1 2016/3031/1 1438/2894/1 1436/2896/1
f 1808/3030/1 1812/3032/1 1439/2893/1 1437/2895/1
f 2016/3031/1 2020/3033/1 1440/2892/1 1438/2894/1
f 1812/3032/1 1816/3034/1 1441/2891/1 1439/2893/1
f 2020/3033/1 2024/3035/1 1442/2890/1 1440/2892/1
f 1816/3034/1 1820/3036/1 1443/2889/1 1441/2891/1
f 2024/3035/1 2028/3037/1 1444/2888/1 1442/2890/1
f 1820/3036/1 1824/3038/1 1445/2887/1 1443/2889/1
f 2028/3037/1 2032/3039/1 1446/2886/1 1444/2888/1
f 1824/3038/1 1828/3040/1 1447/2885/1 1445/2887/1
f 2032/3039/1 2036/3041/1 1448/2884/1 1446/2886/1
f 1828/3040/1 1832/3042/1 1449/2883/1 1447/2885/1
f 2036/3041/1 2040/3043/1 1450/2882/1 1448/2884/1
f 1832/3042/1 1836/3044/1 1451/2881/1 1449/2883/1
f 2040/3043/1 2044/3045/1 1452/2880/1 1450/2882/1
f 1836/3044/1 1840/3046/1 1453/2879/1 1451/2881/1
f 2044/3045/1 2048/3047/1 1454/2878/1 1452/2880/1
f 1840/3046/1 1844/3048/1 1455/2877/1 1453/2879/1
f 2048/3047/1 2052/3049/1 1456/2876/1 1454/2878/1
f 1844/3048/1 1848/3050/1 1457/2875/1 1455/2877/1
f 2052/3049/1 2056/3051/1 1458/2874/1 1456/2876/1
f 1848/3050/1 1852/3052/1 1459/2873/1 1457/2875/1
f 2056/3051/1 2060/3053/1 1460/2872/1 1458/2874/1
f 1852/3052/1 1856/3054/1 1461/2871/1 1459/2873/1
f 2060/3053/1 2064/3055/1 1462/2869/1 1460/2872/1
f 1856/3054/1 1860/3056/1 1463/2868/1 1461/2871/1
f 1651/3002/1 1656/3057/1 1464/2867/1 1409/2870/1
f 2064/3055/1 2068/3058/1 1465/2866/1 1462/2869/1
f 1860/3056/1 1864/3059/1 1466/2865/1 1463/2868/1
f 1656/3057/1 1660/3060/1 1467/2864/1 1464/2867/1
f 2068/3058/1 2072/3061/1 1468/2863/1 1465/2866/1
f 1864/3059/1 1868/2934/1 1469/2862/1 1466/2865/1
f 1660/3060/1 1664/2936/1 1470/2861/1 1467/2864/1
f 2072/3061/1 2076/2938/1 1471/2860/1 1468/2863/1
f 1656/3057/1062 1651/3002/1063 1653/3062/1063 1658/3063/1062
f 1658/3063/1064 1653/3062/1064 1654/3064/1064 1657/3065/1064
f 1657/3066/1065 1654/3067/1065 1652/2672/1065 1655/2788/1065
f 1660/3060/1066 1656/3057/1062 1658/3063/1062 1662/3068/1066
f 1662/3068/1067 1658/3063/1067 1657/3065/1067 1661/3069/1067
f 1661/3070/1068 1657/3066/1068 1655/2788/1068 1659/2666/1068
f 1664/2936/1069 1660/3060/1066 1662/3068/1066 1666/3071/1069
f 1666/3071/1070 1662/3068/1070 1661/3069/1070 1665/3072/1070
f 1665/3073/1071 1661/3070/1071 1659/2666/1071 1663/2660/1071
f 1668/2937/1072 1664/2936/1069 1666/3071/1069 1670/3074/1072
f 1670/3074/1073 1666/3071/1073 1665/3072/1073 1669/3075/1073
f 1669/3076/1074 1665/3073/1074 1663/2660/1074 1667/2654/1074
f 1672/2941/1075 1668/2937/1072 1670/3074/1072 1674/3077/1075
f 1674/3077/1076 1670/3074/1076 1669/3075/1076 1673/3078/1076
f 1673/3079/1077 1669/3076/1077 1667/2654/1077 1671/2648/1077
f 1676/2944/1078 1672/2941/1075 1674/3077/1075 1678/3080/1078
f 1678/3080/1079 1674/3077/1079 1673/3078/1079 1677/3081/1079
f 1677/3082/1080 1673/3079/1080 1671/2648/1080 1675/2642/1080
f 1680/2947/1081 1676/2944/1078 1678/3080/1078 1682/3083/1081
f 1682/3083/1082 1678/3080/1082 1677/3081/1082 1681/3084/1082
f 1681/3085/1083 1677/3082/1083 1675/2642/1083 1679/2636/1083
f 1684/2950/1084 1680/2947/1081 1682/3083/1081 1686/3086/1084
f 1686/3086/1085 1682/3083/1085 1681/3084/1085 1685/3087/1085
f 1685/3088/1086 1681/3085/1086 1679/2636/1086 1683/2630/1086
f 1688/2953/1087 1684/2950/1084 1686/3086/1084 1690/3089/1087
f 1690/3089/1088 1686/3086/1088 1685/3087/1088 1689/3090/1088
f 1689/3091/1089 1685/3088/1089 1683/2630/1089 1687/2622/1089
f 1692/2956/1090 1688/2953/1087 1690/3089/1087 1694/3092/1090
f 1694/3092/1091 1690/3089/1091 1689/3090/1091 1693/3093/1091
f 1693/3094/1092 1689/3091/1092 1687/2622/1092 1691/2616/1092
f 1696/2959/1093 1692/2956/1090 1694/3092/1090 1698/3095/1093
f 1698/3095/1094 1694/3092/1094 1693/3093/1094 1697/3096/1094
f 1697/3097/1095 1693/3094/1095 1691/2616/1095 1695/2610/1095
f 1700/2962/1096 1696/2959/1093 1698/3095/1093 1702/3098/1096
f 1702/3098/1097 1698/3095/1097 1697/3096/1097 1701/3099/1097
f 1701/3100/1098 1697/3097/1098 1695/2610/1098 1699/2604/1098
f 1704/2965/1099 1700/2962/1096 1702/3098/1096 1706/3101/1099
f 1706/3101/1100 1702/3098/1100 1701/3099/1100 1705/3102/1100
f 1705/3103/1101 1701/3100/1101 1699/2604/1101 1703/2598/1101
f 1708/2968/1102 1704/2965/1099 1706/3101/1099 1710/3104/1102
f 1710/3104/1103 1706/3101/1103 1705/3102/1103 1709/3105/1103
f 1709/3106/1104 1705/3103/1104 1703/2598/1104 1707/2592/1104
f 1712/2971/1105 1708/2968/1102 1710/3104/1102 1714/3107/1105
f 1714/3107/1106 1710/3104/1106 1709/3105/1106 1713/3108/1106
f 1713/3109/1107 1709/3106/1107 1707/2592/1107 1711/2586/1107
f 1716/2974/1108 1712/2971/1105 1714/3107/1105 1718/3110/1108
f 1718/3110/1109 1714/3107/1109 1713/3108/1109 1717/3111/1109
f 1717/3112/1110 1713/3109/1110 1711/2586/1110 1715/2580/1110
f 1720/2977/1111 1716/2974/1108 1718/3110/1108 1722/3113/1111
f 1722/3113/1112 1718/3110/1112 1717/3111/1112 1721/3114/1112
f 1721/3115/1113 1717/3112/1113 1715/2580/1113 1719/2574/1113
f 1724/2980/1114 1720/2977/1111 1722/3113/1111 1726/3116/1114
f 1726/3116/1115 1722/3113/1115 1721/3114/1115 1725/3117/1115
f 1725/3118/1116 1721/3115/1116 1719/2574/1116 1723/2568/1116
f 1728/2983/1117 1724/2980/1114 1726/3116/1114 1730/3119/1117
f 1730/3119/1118 1726/3116/1118 1725/3117/1118 1729/3120/1118
f 1729/3121/1119 1725/3118/1119 1723/2568/1119 1727/2562/1119
f 1732/2986/1120 1728/2983/1117 1730/3119/1117 1734/3122/1120
f 1734/3122/1121 1730/3119/1121 1729/3120/1121 1733/3123/1121
f 1733/3124/1122 1729/3121/1122 1727/2562/1122 1731/2556/1122
f 1736/2989/1123 1732/2986/1120 1734/3122/1120 1738/3125/1123
f 1738/3125/1124 1734/3122/1124 1733/3123/1124 1737/3126/1124
f 1737/3127/1125 1733/3124/1125 1731/2556/1125 1735/2547/1125
f 1740/2992/1126 1736/2989/1123 1738/3125/1123 1742/3128/1126
f 1742/3128/1127 1738/3125/1127 1737/3126/1127 1741/3129/1127
f 1741/3130/1128 1737/3127/1128 1735/2547/1128 1739/2546/1128
f 1744/2995/1129 1740/2992/1126 1742/3128/1126 1746/3131/1129
f 1746/3131/1130 1742/3128/1130 1741/3129/1130 1745/3132/1130
f 1745/3133/1131 1741/3130/1131 1739/2546/1131 1743/2800/1131
f 1748/2998/1132 1744/2995/1129 1746/3131/1129 1750/3134/1132
f 1750/3134/1133 1746/3131/1133 1745/3132/1133 1749/3135/1133
f 1749/3136/1134 1745/3133/1134 1743/2800/1134 1747/2794/1134
f 1752/3001/1135 1748/2998/1132 1750/3134/1132 1754/3137/1135
f 1754/3137/1136 1750/3134/1136 1749/3135/1136 1753/3138/1136
f 1753/3139/1137 1749/3136/1137 1747/2794/1137 1751/2790/1137
f 1756/3004/1138 1752/3001/1135 1754/3137/1135 1758/3140/1138
f 1758/3140/1139 1754/3137/1139 1753/3138/1139 1757/3141/1139
f 1757/3142/1140 1753/3139/1140 1751/2790/1140 1755/2784/1140
f 1760/3006/1141 1756/3004/1138 1758/3140/1138 1762/3143/1141
f 1762/3143/1142 1758/3140/1142 1757/3141/1142 1761/3144/1142
f 1761/3145/1143 1757/3142/1143 1755/2784/1143 1759/2780/1143
f 1764/3008/1144 1760/3006/1141 1762/3143/1141 1766/3146/1144
f 1766/3146/1145 1762/3143/1145 1761/3144/1145 1765/3147/1145
f 1765/3148/1146 1761/3145/1146 1759/2780/1146 1763/2775/1146
f 1768/3010/1147 1764/3008/1144 1766/3146/1144 1770/3149/1147
f 1770/3149/1148 1766/3146/1148 1765/3147/1148 1769/3150/1148
f 1769/3151/1149 1765/3148/1149 1763/2775/1149 1767/2774/1149
f 1772/3012/1150 1768/3010/1147 1770/3149/1147 1774/3152/1150
f 1774/3152/1151 1770/3149/1151 1769/3150/1151 1773/3153/1151
f 1773/3154/1152 1769/3155/1152 1767/2770/1152 1771/2766/1152
f 1776/3014/1153 1772/3012/1150 1774/3152/1150 1778/3156/1153
f 1778/3156/1154 1774/3152/1154 1773/3153/1154 1777/3157/1154
f 1777/3158/1155 1773/3154/1155 1771/2766/1155 1775/2762/1155
f 1780/3016/1156 1776/3014/1153 1778/3156/1153 1782/3159/1156
f 1782/3159/1157 1778/3156/1157 1777/3157/1157 1781/3160/1157
f 1781/3161/1158 1777/3158/1158 1775/2762/1158 1779/2758/1158
f 1784/3018/1159 1780/3016/1156 1782/3159/1156 1786/3162/1159
f 1786/3162/1160 1782/3159/1160 1781/3160/1160 1785/3163/1160
f 1785/3164/1161 1781/3161/1161 1779/2758/1161 1783/2754/1161
f 1788/3020/1162 1784/3018/1159 1786/3162/1159 1790/3165/1162
f 1790/3165/1163 1786/3162/1163 1785/3163/1163 1789/3166/1163
f 1789/3167/1164 1785/3164/1164 1783/2754/1164 1787/2750/1164
f 1792/3022/1165 1788/3020/1162 1790/3165/1162 1794/3168/1165
f 1794/3168/1166 1790/3165/1166 1789/3166/1166 1793/3169/1166
f 1793/3170/1167 1789/3167/1167 1787/2750/1167 1791/2746/1167
f 1796/3024/1168 1792/3022/1165 1794/3168/1165 1798/3171/1168
f 1798/3171/1169 1794/3168/1169 1793/3169/1169 1797/3172/1169
f 1797/3173/1170 1793/3170/1170 1791/2746/1170 1795/2742/1170
f 1800/3026/1171 1796/3024/1168 1798/3171/1168 1802/3174/1171
f 1802/3174/1172 1798/3171/1172 1797/3172/1172 1801/3175/1172
f 1801/3176/1173 1797/3173/1173 1795/2742/1173 1799/2738/1173
f 1804/3028/1174 1800/3026/1171 1802/3174/1171 1806/3177/1174
f 1806/3177/1175 1802/3174/1175 1801/3175/1175 1805/3178/1175
f 1805/3179/1176 1801/3176/1176 1799/2738/1176 1803/2734/1176
f 1808/3030/1177 1804/3028/1174 1806/3177/1174 1810/3180/1177
f 1810/3180/1178 1806/3177/1178 1805/3178/1178 1809/3181/1178
f 1809/3182/1179 1805/3179/1179 1803/2734/1179 1807/2730/1179
f 1812/3032/1180 1808/3030/1177 1810/3180/1177 1814/3183/1180
f 1814/3183/1181 1810/3180/1181 1809/3181/1181 1813/3184/1181
f 1813/3185/1182 1809/3182/1182 1807/2730/1182 1811/2726/1182
f 1816/3034/1183 1812/3032/1180 1814/3183/1180 1818/3186/1183
f 1818/3186/1184 1814/3183/1184 1813/3184/1184 1817/3187/1184
f 1817/3188/1185 1813/3185/1185 1811/2726/1185 1815/2722/1185
f 1820/3036/1186 1816/3034/1183 1818/3186/1183 1822/3189/1186
f 1822/3189/1187 1818/3186/1187 1817/3187/1187 1821/3190/1187
f 1821/3191/1188 1817/3188/1188 1815/2722/1188 1819/2716/1188
f 1824/3038/1189 1820/3036/1186 1822/3189/1186 1826/3192/1189
f 1826/3192/1190 1822/3189/1190 1821/3190/1190 1825/3193/1190
f 1825/3194/1191 1821/3191/1191 1819/2716/1191 1823/2712/1191
f 1828/3040/1192 1824/3038/1189 1826/3192/1189 1830/3195/1192
f 1830/3195/1193 1826/3192/1193 1825/3193/1193 1829/3196/1193
f 1829/3197/1194 1825/3194/1194 1823/2712/1194 1827/2708/1194
f 1832/3042/1195 1828/3040/1192 1830/3195/1192 1834/3198/1195
f 1834/3198/1196 1830/3195/1196 1829/3196/1196 1833/3199/1196
f 1833/3200/1197 1829/3197/1197 1827/2708/1197 1831/2704/1197
f 1836/3044/1198 1832/3042/1195 1834/3198/1195 1838/3201/1198
f 1838/3201/1199 1834/3198/1199 1833/3199/1199 1837/3202/1199
f 1837/3203/1200 1833/3200/1200 1831/2704/1200 1835/2700/1200
f 1840/3046/1201 1836/3044/1198 1838/3201/1198 1842/3204/1201
f 1842/3204/1202 1838/3201/1202 1837/3202/1202 1841/3205/1202
f 1841/3206/1203 1837/3203/1203 1835/2700/1203 1839/2696/1203
f 1844/3048/1204 1840/3046/1201 1842/3204/1201 1846/3207/1204
f 1846/3207/1205 1842/3204/1205 1841/3205/1205 1845/3208/1205
f 1845/3209/1206 1841/3206/1206 1839/2696/1206 1843/2692/1206
f 1848/3050/1207 1844/3048/1204 1846/3207/1204 1850/3210/1207
f 1850/3210/1208 1846/3207/1208 1845/3208/1208 1849/3211/1208
f 1849/3212/1209 1845/3209/1209 1843/2692/1209 1847/2688/1209
f 1852/3052/1210 1848/3050/1207 1850/3210/1207 1854/3213/1210
f 1854/3213/1211 1850/3210/1211 1849/3211/1211 1853/3214/1211
f 1853/3215/1212 1849/3212/1212 1847/2688/1212 1851/2684/1212
f 1856/3054/1213 1852/3052/1210 1854/3213/1210 1858/3216/1213
f 1858/3216/1214 1854/3213/1214 1853/3214/1214 1857/3217/1214
f 1857/3218/1215 1853/3215/1215 1851/2684/1215 1855/2680/1215
f 1860/3056/1216 1856/3054/1213 1858/3216/1213 1862/3219/1216
f 1862/3219/1217 1858/3216/1217 1857/3217/1217 1861/3220/1217
f 1861/3221/1218 1857/3218/1218 1855/2680/1218 1859/2676/1218
f 1864/3059/1219 1860/3056/1216 1862/3219/1216 1866/3222/1219
f 1866/3222/1220 1862/3219/1220 1861/3220/1220 1865/3223/1220
f 1865/3224/1221 1861/3221/1221 1859/2676/1221 1863/2668/1221
f 1868/2934/1222 1864/3059/1219 1866/3222/1219 1870/3225/1222
f 1870/3225/1223 1866/3222/1223 1865/3223/1223 1869/3226/1223
f 1869/3227/1224 1865/3224/1224 1863/2668/1224 1867/2662/1224
f 1872/2935/1225 1868/2934/1222 1870/3225/1222 1874/3228/1225
f 1874/3228/1226 1870/3225/1226 1869/3226/1226 1873/3229/1226
f 1873/3230/1227 1869/3227/1227 1867/2662/1227 1871/2656/1227
f 1876/2940/1228 1872/2935/1225 1874/3228/1225 1878/3231/1228
f 1878/3231/1229 1874/3228/1229 1873/3229/1229 1877/3232/1229
f 1877/3233/1230 1873/3230/1230 1871/2656/1230 1875/2650/1230
f 1880/2943/1231 1876/2940/1228 1878/3231/1228 1882/3234/1231
f 1882/3234/1232 1878/3231/1232 1877/3232/1232 1881/3235/1232
f 1881/3236/1233 1877/3233/1233 1875/2650/1233 1879/2644/1233
f 1884/2946/1234 1880/2943/1231 1882/3234/1231 1886/3237/1234
f 1886/3237/1235 1882/3234/1235 1881/3235/1235 1885/3238/1235
f 1885/3239/1236 1881/3236/1236 1879/2644/1236 1883/2638/1236
f 1888/2949/1237 1884/2946/1234 1886/3237/1234 1890/3240/1237
f 1890/3240/1238 1886/3237/1238 1885/3238/1238 1889/3241/1238
f 1889/3242/1239 1885/3239/1239 1883/2638/1239 1887/2632/1239
f 1892/2952/1240 1888/2949/1237 1890/3240/1237 1894/3243/1240
f 1894/3243/1241 1890/3240/1241 1889/3241/1241 1893/3244/1241
f 1893/3245/1242 1889/3242/1242 1887/2632/1242 1891/2625/1242
f 1896/2955/1243 1892/2952/1240 1894/3243/1240 1898/3246/1243
f 1898/3246/1244 1894/3243/1244 1893/3244/1244 1897/3247/1244
f 1897/3248/1245 1893/3245/1245 1891/2625/1245 1895/2624/1245
f 1900/2958/1246 1896/2955/1243 1898/3246/1243 1902/3249/1246
f 1902/3249/1247 1898/3246/1247 1897/3247/1247 1901/3250/1247
f 1901/3251/1248 1897/3252/1248 1895/2618/1248 1899/2612/1248
f 1904/2961/1249 1900/2958/1246 1902/3249/1246 1906/3253/1249
f 1906/3253/1250 1902/3249/1250 1901/3250/1250 1905/3254/1250
f 1905/3255/1251 1901/3251/1251 1899/2612/1251 1903/2606/1251
f 1908/2964/1252 1904/2961/1249 1906/3253/1249 1910/3256/1252
f 1910/3256/1253 1906/3253/1253 1905/3254/1253 1909/3257/1253
f 1909/3258/1254 1905/3255/1254 1903/2606/1254 1907/2600/1254
f 1912/2967/1255 1908/2964/1252 1910/3256/1252 1914/3259/1255
f 1914/3259/1256 1910/3256/1256 1909/3257/1256 1913/3260/1256
f 1913/3261/1257 1909/3258/1257 1907/2600/1257 1911/2594/1257
f 1916/2970/1258 1912/2967/1255 1914/3259/1255 1918/3262/1258
f 1918/3262/1259 1914/3259/1259 1913/3260/1259 1917/3263/1259
f 1917/3264/1260 1913/3261/1260 1911/2594/1260 1915/2588/1260
f 1920/2973/1261 1916/2970/1258 1918/3262/1258 1922/3265/1261
f 1922/3265/1262 1918/3262/1262 1917/3263/1262 1921/3266/1262
f 1921/3267/1263 1917/3264/1263 1915/2588/1263 1919/2582/1263
f 1924/2976/1264 1920/2973/1261 1922/3265/1261 1926/3268/1264
f 1926/3268/1265 1922/3265/1265 1921/3266/1265 1925/3269/1265
f 1925/3270/1266 1921/3267/1266 1919/2582/1266 1923/2576/1266
f 1928/2979/1267 1924/2976/1264 1926/3268/1264 1930/3271/1267
f 1930/3271/1268 1926/3268/1268 1925/3269/1268 1929/3272/1268
f 1929/3273/1269 1925/3270/1269 1923/2576/1269 1927/2570/1269
f 1932/2982/1270 1928/2979/1267 1930/3271/1267 1934/3274/1270
f 1934/3274/1271 1930/3271/1271 1929/3272/1271 1933/3275/1271
f 1933/3276/1272 1929/3273/1272 1927/2570/1272 1931/2564/1272
f 1936/2985/1273 1932/2982/1270 1934/3274/1270 1938/3277/1273
f 1938/3277/1274 1934/3274/1274 1933/3275/1274 1937/3278/1274
f 1937/3279/1275 1933/3276/1275 1931/2564/1275 1935/2558/1275
f 1940/2988/1276 1936/2985/1273 1938/3277/1273 1942/3280/1276
f 1942/3280/1277 1938/3277/1277 1937/3278/1277 1941/3281/1277
f 1941/3282/1278 1937/3279/1278 1935/2558/1278 1939/2551/1278
f 1944/2991/1279 1940/2988/1276 1942/3280/1276 1946/3283/1279
f 1946/3283/1280 1942/3280/1280 1941/3281/1280 1945/3284/1280
f 1945/3285/1281 1941/3282/1281 1939/2551/1281 1943/2550/1281
f 1948/2994/1282 1944/2991/1279 1946/3283/1279 1950/3286/1282
f 1950/3286/1283 1946/3283/1283 1945/3284/1283 1949/3287/1283
f 1949/3288/1284 1945/3285/1284 1943/2550/1284 1947/2802/1284
f 1952/2997/1285 1948/2994/1282 1950/3286/1282 1954/3289/1285
f 1954/3289/1286 1950/3286/1286 1949/3287/1286 1953/3290/1286
f 1953/3291/1287 1949/3288/1287 1947/2802/1287 1951/2796/1287
f 1956/3000/1288 1952/2997/1285 1954/3289/1285 1958/3292/1288
f 1958/3292/1289 1954/3289/1289 1953/3290/1289 1957/3293/1289
f 1957/3294/1290 1953/3291/1290 1951/2796/1290 1955/2792/1290
f 1960/3003/1291 1956/3000/1288 1958/3292/1288 1962/3295/1291
f 1962/3295/1292 1958/3292/1292 1957/3293/1292 1961/3296/1292
f 1961/3297/1293 1957/3294/1293 1955/2792/1293 1959/2786/1293
f 1964/3005/1294 1960/3003/1291 1962/3295/1291 1966/3298/1294
f 1966/3298/1295 1962/3295/1295 1961/3296/1295 1965/3299/1295
f 1965/3300/1296 1961/3297/1296 1959/2786/1296 1963/2782/1296
f 1968/3007/1297 1964/3005/1294 1966/3298/1294 1970/3301/1297
f 1970/3301/1298 1966/3298/1298 1965/3299/1298 1969/3302/1298
f 1969/3303/1299 1965/3300/1299 1963/2782/1299 1967/2778/1299
f 1972/3009/1300 1968/3007/1297 1970/3301/1297 1974/3304/1300
f 1974/3304/1301 1970/3301/1301 1969/3302/1301 1973/3305/1301
f 1973/3306/1302 1969/3303/1302 1967/2778/1302 1971/2772/1302
f 1976/3011/1303 1972/3009/1300 1974/3304/1300 1978/3307/1303
f 1978/3307/1304 1974/3304/1304 1973/3305/1304 1977/3308/1304
f 1977/3309/1305 1973/3306/1305 1971/2772/1305 1975/2768/1305
f 1980/3013/1306 1976/3011/1303 1978/3307/1303 1982/3310/1306
f 1982/3310/1307 1978/3307/1307 1977/3308/1307 1981/3311/1307
f 1981/3312/1308 1977/3309/1308 1975/2768/1308 1979/2764/1308
f 1984/3015/1309 1980/3013/1306 1982/3310/1306 1986/3313/1309
f 1986/3313/1310 1982/3310/1310 1981/3311/1310 1985/3314/1310
f 1985/3315/1311 1981/3312/1311 1979/2764/1311 1983/2760/1311
f 1988/3017/1312 1984/3015/1309 1986/3313/1309 1990/3316/1312
f 1990/3316/1313 1986/3313/1313 1985/3314/1313 1989/3317/1313
f 1989/3318/1314 1985/3315/1314 1983/2760/1314 1987/2756/1314
f 1992/3019/1315 1988/3017/1312 1990/3316/1312 1994/3319/1315
f 1994/3319/1316 1990/3316/1316 1989/3317/1316 1993/3320/1316
f 1993/3321/1317 1989/3318/1317 1987/2756/1317 1991/2752/1317
f 1996/3021/1318 1992/3019/1315 1994/3319/1315 1998/3322/1318
f 1998/3322/1319 1994/3319/1319 1993/3320/1319 1997/3323/1319
f 1997/3324/1320 1993/3321/1320 1991/2752/1320 1995/2748/1320
f 2000/3023/1321 1996/3021/1318 1998/3322/1318 2002/3325/1321
f 2002/3325/1322 1998/3322/1322 1997/3323/1322 2001/3326/1322
f 2001/3327/1323 1997/3324/1323 1995/2748/1323 1999/2744/1323
f 2004/3025/1324 2000/3023/1321 2002/3325/1321 2006/3328/1324
f 2006/3328/1325 2002/3325/1325 2001/3326/1325 2005/3329/1325
f 2005/3330/1326 2001/3327/1326 1999/2744/1326 2003/2740/1326
f 2008/3027/1327 2004/3025/1324 2006/3328/1324 2010/3331/1327
f 2010/3331/1328 2006/3328/1328 2005/3329/1328 2009/3332/1328
f 2009/3333/1329 2005/3330/1329 2003/2740/1329 2007/2736/1329
f 2012/3029/1330 2008/3027/1327 2010/3331/1327 2014/3334/1330
f 2014/3334/1331 2010/3331/1331 2009/3332/1331 2013/3335/1331
f 2013/3336/1332 2009/3333/1332 2007/2736/1332 2011/2732/1332
f 2016/3031/1333 2012/3029/1330 2014/3334/1330 2018/3337/1333
f 2018/3337/1334 2014/3334/1334 2013/3335/1334 2017/3338/1334
f 2017/3339/1335 2013/3336/1335 2011/2732/1335 2015/2728/1335
f 2020/3033/1336 2016/3031/1333 2018/3337/1333 2022/3340/1336
f 2022/3340/1337 2018/3337/1337 2017/3338/1337 2021/3341/1337
f 2021/3342/1338 2017/3339/1338 2015/2728/1338 2019/2724/1338
f 2024/3035/1339 2020/3033/1336 2022/3340/1336 2026/3343/1339
f 2026/3343/1340 2022/3340/1340 2021/3341/1340 2025/3344/1340
f 2025/3345/1341 2021/3342/1341 2019/2724/1341 2023/2719/1341
f 2028/3037/1342 2024/3035/1339 2026/3343/1339 2030/3346/1342
f 2030/3346/1343 2026/3343/1343 2025/3344/1343 2029/3347/1343
f 2029/3348/1344 2025/3345/1344 2023/2719/1344 2027/2718/1344
f 2032/3039/1345 2028/3037/1342 2030/3346/1342 2034/3349/1345
f 2034/3349/1346 2030/3346/1346 2029/3347/1346 2033/3350/1346
f 2033/3351/1347 2029/3352/1347 2027/2714/1347 2031/2710/1347
f 2036/3041/1348 2032/3039/1345 2034/3349/1345 2038/3353/1348
f 2038/3353/1349 2034/3349/1349 2033/3350/1349 2037/3354/1349
f 2037/3355/1350 2033/3351/1350 2031/2710/1350 2035/2706/1350
f 2040/3043/1351 2036/3041/1348 2038/3353/1348 2042/3356/1351
f 2042/3356/1352 2038/3353/1352 2037/3354/1352 2041/3357/1352
f 2041/3358/1353 2037/3355/1353 2035/2706/1353 2039/2702/1353
f 2044/3045/1354 2040/3043/1351 2042/3356/1351 2046/3359/1354
f 2046/3359/1355 2042/3356/1355 2041/3357/1355 2045/3360/1355
f 2045/3361/1356 2041/3358/1356 2039/2702/1356 2043/2698/1356
f 2048/3047/1357 2044/3045/1354 2046/3359/1354 2050/3362/1357
f 2050/3362/1358 2046/3359/1358 2045/3360/1358 2049/3363/1358
f 2049/3364/1359 2045/3361/1359 2043/2698/1359 2047/2694/1359
f 2052/3049/1360 2048/3047/1357 2050/3362/1357 2054/3365/1360
f 2054/3365/1361 2050/3362/1361 2049/3363/1361 2053/3366/1361
f 2053/3367/1362 2049/3364/1362 2047/2694/1362 2051/2690/1362
f 2056/3051/1363 2052/3049/1360 2054/3365/1360 2058/3368/1363
f 2058/3368/1364 2054/3365/1364 2053/3366/1364 2057/3369/1364
f 2057/3370/1365 2053/3367/1365 2051/2690/1365 2055/2686/1365
f 2060/3053/1366 2056/3051/1363 2058/3368/1363 2062/3371/1366
f 2062/3371/1367 2058/3368/1367 2057/3369/1367 2061/3372/1367
f 2061/3373/1368 2057/3370/1368 2055/2686/1368 2059/2682/1368
f 2064/3055/1369 2060/3053/1366 2062/3371/1366 2066/3374/1369
f 2066/3374/1370 2062/3371/1370 2061/3372/1370 2065/3375/1370
f 2065/3376/1371 2061/3373/1371 2059/2682/1371 2063/2678/1371
f 2068/3058/1372 2064/3055/1369 2066/3374/1369 2070/3377/1372
f 2070/3377/1373 2066/3374/1373 2065/3375/1373 2069/3378/1373
f 2069/3379/1374 2065/3376/1374 2063/2678/1374 2067/2670/1374
f 2072/3061/1375 2068/3058/1372 2070/3377/1372 2074/3380/1375
f 2074/3380/1376 2070/3377/1376 2069/3378/1376 2073/3381/1376
f 2073/3382/1377 2069/3379/1377 2067/2670/1377 2071/2664/1377
f 2076/2938/1378 2072/3061/1375 2074/3380/1375 2078/3383/1378
f 2078/3383/1379 2074/3380/1379 2073/3381/1379 2077/3384/1379
f 2077/3385/1380 2073/3382/1380 2071/2664/1380 2075/2658/1380
f 2080/2939/1381 2076/2938/1378 2078/3383/1378 2082/3386/1381
f 2082/3386/1382 2078/3383/1382 2077/3384/1382 2081/3387/1382
f 2081/3388/1383 2077/3385/1383 2075/2658/1383 2079/2652/1383
f 2084/2942/1384 2080/2939/1381 2082/3386/1381 2086/3389/1384
f 2086/3389/1385 2082/3386/1385 2081/3387/1385 2085/3390/1385
f 2085/3391/1386 2081/3388/1386 2079/2652/1386 2083/2646/1386
f 2088/2945/1387 2084/2942/1384 2086/3389/1384 2090/3392/1387
f 2090/3392/1388 2086/3389/1388 2085/3390/1388 2089/3393/1388
f 2089/3394/1389 2085/3391/1389 2083/2646/1389 2087/2640/1389
f 2092/2948/1390 2088/2945/1387 2090/3392/1387 2094/3395/1390
f 2094/3395/1391 2090/3392/1391 2089/3393/1391 2093/3396/1391
f 2093/3397/1392 2089/3394/1392 2087/2640/1392 2091/2634/1392
f 2096/2951/1393 2092/2948/1390 2094/3395/1390 2098/3398/1393
f 2098/3398/1394 2094/3395/1394 2093/3396/1394 2097/3399/1394
f 2097/3400/1395 2093/3397/1395 2091/2634/1395 2095/2628/1395
f 2100/2954/1396 2096/2951/1393 2098/3398/1393 2102/3401/1396
f 2102/3401/1397 2098/3398/1397 2097/3399/1397 2101/3402/1397
f 2101/3403/1398 2097/3400/1398 2095/2628/1398 2099/2620/1398
f 2104/2957/1399 2100/2954/1396 2102/3401/1396 2106/3404/1399
f 2106/3404/1400 2102/3401/1400 2101/3402/1400 2105/3405/1400
f 2105/3406/1401 2101/3403/1401 2099/2620/1401 2103/2614/1401
f 2108/2960/1402 2104/2957/1399 2106/3404/1399 2110/3407/1402
f 2110/3407/1403 2106/3404/1403 2105/3405/1403 2109/3408/1403
f 2109/3409/1404 2105/3406/1404 2103/2614/1404 2107/2608/1404
f 2112/2963/1405 2108/2960/1402 2110/3407/1402 2114/3410/1405
f 2114/3410/1406 2110/3407/1406 2109/3408/1406 2113/3411/1406
f 2113/3412/1407 2109/3409/1407 2107/2608/1407 2111/2602/1407
f 2116/2966/1408 2112/2963/1405 2114/3410/1405 2118/3413/1408
f 2118/3413/1409 2114/3410/1409 2113/3411/1409 2117/3414/1409
f 2117/3415/1410 2113/3412/1410 2111/2602/1410 2115/2596/1410
f 2120/2969/1411 2116/2966/1408 2118/3413/1408 2122/3416/1411
f 2122/3416/1412 2118/3413/1412 2117/3414/1412 2121/3417/1412
f 2121/3418/1413 2117/3415/1413 2115/2596/1413 2119/2590/1413
f 2124/2972/1414 2120/2969/1411 2122/3416/1411 2126/3419/1414
f 2126/3419/1415 2122/3416/1415 2121/3417/1415 2125/3420/1415
f 2125/3421/1416 2121/3418/1416 2119/2590/1416 2123/2584/1416
f 2128/2975/1417 2124/2972/1414 2126/3419/1414 2130/3422/1417
f 2130/3422/1418 2126/3419/1418 2125/3420/1418 2129/3423/1418
f 2129/3424/1419 2125/3421/1419 2123/2584/1419 2127/2578/1419
f 2132/2978/1420 2128/2975/1417 2130/3422/1417 2134/3425/1420
f 2134/3425/1421 2130/3422/1421 2129/3423/1421 2133/3426/1421
f 2133/3427/1422 2129/3424/1422 2127/2578/1422 2131/2572/1422
f 2136/2981/1423 2132/2978/1420 2134/3425/1420 2138/3428/1423
f 2138/3428/1424 2134/3425/1424 2133/3426/1424 2137/3429/1424
f 2137/3430/1425 2133/3427/1425 2131/2572/1425 2135/2566/1425
f 2140/2984/1426 2136/2981/1423 2138/3428/1423 2142/3431/1426
f 2142/3431/1427 2138/3428/1427 2137/3429/1427 2141/3432/1427
f 2141/3433/1428 2137/3430/1428 2135/2566/1428 2139/2560/1428
f 2144/2987/1429 2140/2984/1426 2142/3431/1426 2146/3434/1429
f 2146/3434/1430 2142/3431/1430 2141/3432/1430 2145/3435/1430
f 2145/3436/1431 2141/3433/1431 2139/2560/1431 2143/2554/1431
f 2148/2990/1432 2144/2987/1429 2146/3434/1429 2150/3437/1432
f 2150/3437/1433 2146/3434/1433 2145/3435/1433 2149/3438/1433
f 2149/3439/1434 2145/3436/1434 2143/2554/1434 2147/2543/1434
f 2152/2993/1435 2148/2990/1432 2150/3437/1432 2154/3440/1435
f 2154/3440/1436 2150/3437/1436 2149/3438/1436 2153/3441/1436
f 2153/3442/1437 2149/3439/1437 2147/2543/1437 2151/2542/1437
f 2156/2996/1438 2152/2993/1435 2154/3440/1435 2158/3443/1438
f 2158/3443/1439 2154/3440/1439 2153/3441/1439 2157/3444/1439
f 2157/3445/1440 2153/3446/1440 2151/2804/1440 2155/2798/1440
f 2160/2999/1441 2156/2996/1438 2158/3443/1438 2162/3447/1441
f 2162/3447/1442 2158/3443/1442 2157/3444/1442 2161/3448/1442
f 2161/3449/1443 2157/3445/1443 2155/2798/1443 2159/2673/1443
f 1651/3002/1063 2160/2999/1441 2162/3447/1441 1653/3062/1063
f 1653/3062/1444 2162/3447/1444 2161/3448/1444 1654/3064/1444
f 1654/3067/1445 2161/3449/1445 2159/2673/1445 1652/2672/1445
f 1655/2788/1446 1652/2672/1446 3813/2675/1446 3814/2789/1446
f 3810/3450/1447 2235/3451/1447 2236/3452/1447 3685/3453/1447
f 3811/3454/1447 2184/3455/1447 2185/3456/1447 3686/3457/1447
f 3812/3458/1447 2287/3459/1447 2288/3460/1447 3687/3461/1447
f 3685/3453/1447 2236/3452/1447 2237/3462/1447 3688/3463/1447
f 3686/3457/1447 2185/3456/1447 2186/3464/1447 3689/3465/1447
f 3687/3461/1447 2288/3460/1447 2289/3466/1447 3690/3467/1447
f 3688/3463/1447 2237/3462/1447 2238/3468/1447 3691/3469/1447
f 3689/3465/1447 2186/3464/1447 2187/3470/1447 3692/3471/1447
f 3690/3467/1447 2289/3466/1447 2290/3472/1447 3693/3473/1447
f 3691/3469/1447 2238/3468/1447 2239/3474/1447 3694/3475/1447
f 3692/3471/1447 2187/3470/1447 2188/3476/1447 3695/3477/1447
f 3693/3473/1447 2290/3472/1447 2163/3478/1447 3696/3479/1447
f 3694/3475/1447 2239/3474/1447 2240/3480/1447 3697/3481/1447
f 3695/3477/1447 2188/3476/1447 2189/3482/1447 3698/3483/1447
f 3697/3481/1447 2240/3480/1447 2241/3484/1447 3699/3485/1447
f 3698/3483/1447 2189/3482/1447 2190/3486/1447 3700/3487/1447
f 3699/3485/1447 2241/3484/1447 2242/3488/1447 3701/3489/1447
f 3700/3487/1447 2190/3486/1447 2191/3490/1447 3702/3491/1447
f 3701/3489/1447 2242/3488/1447 2243/3492/1447 3703/3493/1447
f 3702/3491/1447 2191/3490/1447 2192/3494/1447 3704/3495/1447
f 3703/3493/1447 2243/3492/1447 2244/3496/1447 3705/3497/1447
f 3704/3495/1447 2192/3494/1447 2193/3498/1447 3706/3499/1447
f 3705/3497/1447 2244/3496/1447 2245/3500/1447 3707/3501/1447
f 3706/3499/1447 2193/3498/1447 2194/3502/1447 3708/3503/1447
f 3707/3501/1447 2245/3500/1447 2246/3504/1447 3709/3505/1447
f 3708/3503/1447 2194/3502/1447 2195/3506/1447 3710/3507/1447
f 3709/3505/1447 2246/3504/1447 2247/3508/1447 3711/3509/1447
f 3710/3507/1447 2195/3506/1447 2196/3510/1447 3712/3511/1447
f 3711/3509/1447 2247/3508/1447 2248/3512/1447 3713/3513/1447
f 3712/3511/1447 2196/3510/1447 2197/3514/1447 3714/3515/1447
f 3713/3513/1447 2248/3512/1447 2249/3516/1447 3715/3517/1447
f 3714/3515/1447 2197/3514/1447 2198/3518/1447 3716/3519/1447
f 3715/3517/1447 2249/3516/1447 2250/3520/1447 3717/3521/1447
f 3716/3519/1447 2198/3518/1447 2199/3522/1447 3718/3523/1447
f 3717/3521/1447 2250/3520/1447 2251/3524/1447 3719/3525/1447
f 3718/3523/1447 2199/3522/1447 2200/3526/1447 3720/3527/1447
f 3719/3525/1447 2251/3524/1447 2252/3528/1447 3721/3529/1447
f 3720/3527/1447 2200/3526/1447 2201/3530/1447 3722/3531/1447
f 3721/3529/1447 2252/3528/1447 2253/3532/1447 3723/3533/1447
f 3722/3531/1447 2201/3530/1447 2202/3534/1447 3724/3535/1447
f 3723/3533/1447 2253/3532/1447 2254/3536/1447 3725/3537/1447
f 3724/3535/1447 2202/3534/1447 2203/3538/1447 3726/3539/1447
f 3725/3537/1447 2254/3536/1447 2255/3540/1447 3727/3541/1447
f 3726/3539/1447 2203/3538/1447 2204/3542/1447 3728/3543/1447
f 3727/3541/1447 2255/3540/1447 2256/3544/1447 3729/3545/1447
f 3728/3543/1447 2204/3542/1447 2205/3546/1447 3730/3547/1447
f 3729/3545/1447 2256/3544/1447 2257/3548/1447 3731/3549/1447
f 3730/3547/1447 2205/3546/1447 2206/3550/1447 3732/3551/1447
f 3731/3549/1447 2257/3548/1447 2258/3552/1447 3733/3553/1447
f 3732/3551/1447 2206/3550/1447 2207/3554/1447 3734/3555/1447
f 3733/3553/1447 2258/3552/1447 2259/3556/1447 3735/3557/1447
f 3734/3555/1447 2207/3554/1447 2208/3558/1447 3736/3559/1447
f 3735/3557/1447 2259/3556/1447 2260/3560/1447 3737/3561/1447
f 3736/3559/1447 2208/3558/1447 2209/3562/1447 3738/3563/1447
f 3737/3561/1447 2260/3560/1447 2261/3564/1447 3739/3565/1447
f 3738/3563/1447 2209/3562/1447 2210/3566/1447 3740/3567/1447
f 3739/3565/1447 2261/3564/1447 2262/3568/1447 3741/3569/1447
f 3740/3567/1447 2210/3566/1447 2211/3570/1447 3742/3571/1447
f 3741/3569/1447 2262/3568/1447 2263/3572/1447 3743/3573/1447
f 3742/3571/1447 2211/3570/1447 2212/3574/1447 3744/3575/1447
f 3743/3573/1447 2263/3572/1447 2264/3576/1447 3745/3577/1447
f 3744/3575/1447 2212/3574/1447 2213/3578/1447 3746/3579/1447
f 3745/3577/1447 2264/3576/1447 2265/3580/1447 3747/3581/1447
f 3746/3579/1447 2213/3578/1447 2214/3582/1447 3748/3583/1447
f 3747/3581/1447 2265/3580/1447 2266/3584/1447 3749/3585/1447
f 3748/3583/1447 2214/3582/1447 2215/3586/1447 3750/3587/1447
f 3696/3479/1447 2163/3478/1447 2164/3588/1447 3751/3589/1447
f 3749/3585/1447 2266/3584/1447 2267/3590/1447 3752/3591/1447
f 3750/3587/1447 2215/3586/1447 2216/3592/1447 3753/3593/1447
f 3751/3589/1447 2164/3588/1447 2165/3594/1447 3754/3595/1447
f 3752/3591/1447 2267/3590/1447 2268/3596/1447 3755/3597/1447
f 3753/3593/1447 2216/3592/1447 2217/3598/1447 3756/3599/1447
f 3754/3595/1447 2165/3594/1447 2166/3600/1447 3757/3601/1447
f 3755/3597/1447 2268/3596/1447 2269/3602/1447 3758/3603/1447
f 3756/3599/1447 2217/3598/1447 2218/3604/1447 3759/3605/1447
f 3757/3601/1447 2166/3600/1447 2167/3606/1447 3760/3607/1447
f 3758/3603/1447 2269/3602/1447 2270/3608/1447 3761/3609/1447
f 3759/3605/1447 2218/3604/1447 2219/3610/1447 3762/3611/1447
f 3760/3607/1447 2167/3606/1447 2168/3612/1447 3763/3613/1447
f 3761/3609/1447 2270/3608/1447 2271/3614/1447 3764/3615/1447
f 3762/3611/1447 2219/3610/1447 2220/3616/1447 3765/3617/1447
f 3763/3613/1447 2168/3612/1447 2169/3618/1447 3766/3619/1447
f 3764/3615/1447 2271/3614/1447 2272/3620/1447 3767/3621/1447
f 3765/3617/1447 2220/3616/1447 2221/3622/1447 3768/3623/1447
f 3766/3619/1447 2169/3618/1447 2170/3624/1447 3769/3625/1447
f 3767/3621/1447 2272/3620/1447 2273/3626/1447 3770/3627/1447
f 3768/3623/1447 2221/3622/1447 2222/3628/1447 3771/3629/1447
f 3769/3625/1447 2170/3624/1447 2171/3630/1447 3772/3631/1447
f 3770/3627/1447 2273/3626/1447 2274/3632/1447 3773/3633/1447
f 3771/3629/1447 2222/3628/1447 2223/3634/1447 3774/3635/1447
f 3772/3631/1447 2171/3630/1447 2172/3636/1447 3775/3637/1447
f 3773/3633/1447 2274/3632/1447 2275/3638/1447 3776/3639/1447
f 3774/3635/1447 2223/3634/1447 2224/3640/1447 3777/3641/1447
f 3775/3637/1447 2172/3636/1447 2173/3642/1447 3778/3643/1447
f 3776/3639/1447 2275/3638/1447 2276/3644/1447 3779/3645/1447
f 3777/3641/1447 2224/3640/1447 2225/3646/1447 3780/3647/1447
f 3778/3643/1447 2173/3642/1447 2174/3648/1447 3781/3649/1447
f 3779/3645/1447 2276/3644/1447 2277/3650/1447 3782/3651/1447
f 3780/3647/1447 2225/3646/1447 2226/3652/1447 3783/3653/1447
f 3781/3649/1447 2174/3648/1447 2175/3654/1447 3784/3655/1447
f 3782/3651/1447 2277/3650/1447 2278/3656/1447 3785/3657/1447
f 3783/3653/1447 2226/3652/1447 2227/3658/1447 3786/3659/1447
f 3784/3655/1447 2175/3654/1447 2176/3660/1447 3787/3661/1447
f 3785/3657/1447 2278/3656/1447 2279/3662/1447 3788/3663/1447
f 3786/3659/1447 2227/3658/1447 2228/3664/1447 3789/3665/1447
f 3787/3661/1447 2176/3660/1447 2177/3666/1447 3790/3667/1447
f 3788/3663/1447 2279/3662/1447 2280/3668/1447 3791/3669/1447
f 3789/3665/1447 2228/3664/1447 2229/3670/1447 3792/3671/1447
f 3790/3667/1447 2177/3666/1447 2178/3672/1447 3793/3673/1447
f 3791/3669/1447 2280/3668/1447 2281/3674/1447 3794/3675/1447
f 3792/3671/1447 2229/3670/1447 2230/3676/1447 3795/3677/1447
f 3793/3673/1447 2178/3672/1447 2179/3678/1447 3796/3679/1447
f 3794/3675/1447 2281/3674/1447 2282/3680/1447 3797/3681/1447
f 3795/3677/1447 2230/3676/1447 2231/3682/1447 3798/3683/1447
f 3796/3679/1447 2179/3678/1447 2180/3684/1447 3799/3685/1447
f 3797/3681/1447 2282/3680/1447 2283/3686/1447 3800/3687/1447
f 3798/3683/1447 2231/3682/1447 2232/3688/1447 3801/3689/1447
f 3799/3685/1447 2180/3684/1447 2181/3690/1447 3802/3691/1447
f 3800/3687/1447 2283/3686/1447 2284/3692/1447 3803/3693/1447
f 3801/3689/1447 2232/3688/1447 2233/3694/1447 3804/3695/1447
f 3802/3691/1447 2181/3690/1447 2182/3696/1447 3805/3697/1447
f 3803/3693/1447 2284/3692/1447 2285/3698/1447 3806/3699/1447
f 3804/3695/1447 2233/3694/1447 2234/3700/1447 3807/3701/1447
f 3805/3697/1447 2182/3696/1447 2183/3702/1447 3808/3703/1447
f 3806/3699/1447 2285/3698/1447 2286/3704/1447 3809/3705/1447
f 3807/3701/1447 2234/3700/1447 2235/3451/1447 3810/3450/1447
f 3808/3703/1447 2183/3702/1447 2184/3455/1447 3811/3454/1447
f 3809/3705/1447 2286/3704/1447 2287/3459/1447 3812/3458/1447
f 2371/3706/2 2337/3707/2 3459/3708/2 3468/3709/2
f 2761/3710/3 2755/3711/3 3369/3712/3 3379/3713/3
f 2851/3714/4 2857/3715/4 3198/3716/4 3555/3717/4 3199/3718/4
f 2837/3719/5 2835/3720/5 3367/3721/5 3370/3722/5
f 2862/3723/6 2851/3724/6 3199/3725/6 3212/3726/6 3213/3727/6
f 2845/3728/7 2843/3729/7 3382/3730/7 3381/3731/7
f 2300/3732/8 2334/3733/8 3550/3734/8 3548/3735/8
f 2292/3736/9 2328/3737/9 3551/3738/9 3554/3739/9
f 2346/3740/10 2335/3741/10 3527/3742/10 3528/3743/10
f 2752/3744/11 2780/3745/11 3440/3746/11 3439/3747/11
f 2442/3748/12 2540/3749/12 3301/3750/12 3295/3751/12
f 2444/3752/1447 2441/3753/1447 2497/3754/1447 2495/3755/1447 2501/3756/1447 2499/3757/1447 2505/3758/1447 2503/3759/1447 2509/3760/1447 2507/3761/1447 2513/3762/1447 2511/3763/1447 2517/3764/1447 2515/3765/1447 2521/3766/1447 2519/3767/1447 2445/3768/1447 2448/3769/1447 2450/3770/1447 2452/3771/1447 2454/3772/1447 2456/3773/1447 2458/3774/1447 2460/3775/1447 2462/3776/1447 2464/3777/1447 2466/3778/1447 2545/3779/1447 2543/3780/1447 2549/3781/1447 2547/3782/1447 2553/3783/1447 2551/3784/1447 2557/3785/1447 2555/3786/1447 2561/3787/1447 2559/3788/1447
f 3088/3789/13 3216/3790/13 3218/3791/13 2863/3792/13
f 2376/3793/14 3507/3794/14 3436/3795/14 2420/3796/14
f 2934/3797/15 3230/3798/15 3308/3799/15 2936/3800/15
f 2937/3801/16 3228/3802/16 3227/3803/16 2940/3804/16
f 2770/3805/17 2764/3806/17 3453/3807/17 3446/3808/17
f 2930/3809/18 3307/3810/18 3311/3811/18 2932/3812/18
f 2940/3813/19 3227/3814/19 3230/3815/19 2934/3816/19
f 2446/3817/20 2520/3818/20 3494/3819/20 3523/3820/20
f 2926/3821/21 3309/3822/21 3304/3823/21 2928/3824/21
f 2451/3825/22 2449/3826/22 3521/3827/22 3515/3828/22
f 2936/3800/23 3308/3799/23 3307/3810/23 2930/3809/23
f 2453/3829/24 2451/3825/24 3515/3828/24 3516/3830/24
f 2922/3831/25 3229/3832/25 3224/3833/25 2924/3834/25
f 2455/3835/26 2453/3836/26 3516/3837/26 3517/3838/26
f 2932/3839/27 3311/3840/27 3309/3822/27 2926/3821/27
f 2457/3841/28 2455/3842/28 3517/3843/28 3520/3844/28
f 2890/3845/29 3223/3846/29 3221/3847/29 2954/3848/29
f 2459/3849/30 2457/3850/30 3520/3851/30 3519/3852/30
f 2907/3853/1447 2904/3854/1447 2899/3855/1447 2901/3856/1447 2895/3857/1447 2897/3858/1447 2893/3859/1447 2891/3860/1447 3085/3861/1447 3087/3862/1447 2864/3863/1447 2951/3864/1447 2949/3865/1447 2945/3866/1447 2947/3867/1447 2943/3868/1447 2941/3869/1447 2938/3870/1447 2939/3871/1447 2933/3872/1447 2935/3873/1447 2929/3874/1447 2931/3875/1447 2925/3876/1447 2927/3877/1447 2921/3878/1447 2923/3879/1447 2889/3880/1447 2953/3881/1447 2955/3882/1447 2887/3883/1447 2969/3884/1447 2971/3885/1447 2965/3886/1447 2967/3887/1447 2885/3888/1447 2961/3889/1447 2963/3890/1447 2957/3891/1447 2959/3892/1447 2883/3893/1447 3001/3894/1447 3003/3895/1447 2997/3896/1447 2999/3897/1447 2881/3898/1447 2993/3899/1447 2995/3900/1447 2989/3901/1447 2991/3902/1447 2879/3903/1447 2985/3904/1447 2987/3905/1447 2981/3906/1447 2983/3907/1447 2977/3908/1447 2979/3909/1447 2973/3910/1447 2975/3911/1447 2877/3912/1447 3017/3913/1447 3019/3914/1447 3013/3915/1447 3015/3916/1447 3009/3917/1447 3011/3918/1447 3005/3919/1447 3007/3920/1447 2875/3921/1447 3059/3922/1447 3061/3923/1447 3055/3924/1447 3057/3925/1447 3051/3926/1447 3053/3927/1447 3047/3928/1447 3049/3929/1447 2873/3930/1447 3043/3931/1447 3045/3932/1447 3067/3933/1447 3065/3934/1447 3064/3935/1447 3042/3936/1447 2871/3937/1447 3037/3938/1447 3039/3939/1447 3033/3940/1447 3035/3941/1447 3029/3942/1447 3031/3943/1447 3025/3944/1447 3027/3945/1447 3021/3946/1447 3023/3947/1447 2869/3948/1447 3081/3949/1447 3083/3950/1447 3077/3951/1447 3079/3952/1447 3073/3953/1447 3075/3954/1447 3069/3955/1447 3071/3956/1447 2868/3957/1447 2917/3958/1447 2919/3959/1447 2913/3960/1447 2915/3961/1447 2909/3962/1447 2911/3963/1447 2866/3964/1447 2905/3965/1447
f 2461/3966/31 2459/3849/31 3519/3852/31 3478/3967/31
f 2954/3848/32 3221/3847/32 3225/3968/32 2956/3969/32
f 2463/3970/33 2461/3971/33 3478/3972/33 3479/3973/33
f 2946/3974/34 3214/3975/34 3219/3976/34 2948/3977/34
f 2465/3978/35 2463/3979/35 3479/3980/35 3477/3981/35
f 2952/3982/36 3217/3983/36 3215/3984/36 2950/3985/36
f 2546/3986/37 2465/3978/37 3477/3981/37 3488/3987/37
f 2950/3985/38 3215/3984/38 3214/3975/38 2946/3974/38
f 2449/3826/39 2447/3988/39 3522/3989/39 3521/3827/39
f 2948/3977/40 3219/3976/40 3220/3990/40 2944/3991/40
f 2526/3992/41 2524/3993/41 3196/3994/41 3195/3995/41
f 2944/3991/42 3220/3990/42 3222/3996/42 2942/3997/42
f 2516/3998/43 2518/3999/43 3497/4000/43 3496/4001/43
f 2894/4002/44 3208/4003/44 3210/4004/44 2892/4005/44
f 2520/3818/1448 2522/4006/1448 3495/4007/1448 3494/3819/1448
f 2964/4008/46 3234/4009/46 3236/4010/46 2958/4011/46
f 2512/4012/47 2514/4013/47 3504/4014/47 3498/4015/47
f 2888/4016/48 3226/4017/48 3242/4018/48 2970/4019/48
f 2522/4006/49 2516/4020/49 3496/4021/49 3495/4007/49
f 2924/4022/50 3224/4023/50 3223/4024/50 2890/4025/50
f 2508/4026/51 2510/4027/51 3390/4028/51 3393/4029/51
f 2980/4030/52 3248/4031/52 3252/4032/52 2974/4033/52
f 2518/3999/53 2512/4012/53 3498/4015/53 3497/4000/53
f 2966/4034/54 3240/4035/54 3238/4036/54 2968/4037/54
f 2504/4038/55 2506/4039/55 3396/4040/55 3395/4041/55
f 2970/4019/56 3242/4018/56 3241/4042/56 2972/4043/56
f 2514/4013/57 2508/4026/57 3393/4029/57 3504/4014/57
f 2886/4044/58 3233/4045/58 3235/4046/58 2962/4047/58
f 2500/4048/59 2502/4049/59 3388/4050/59 3398/4051/59
f 2956/3969/60 3225/3968/60 3226/4052/60 2888/4053/60
f 2510/4027/61 2504/4038/61 3395/4041/61 3390/4028/61
f 2972/4043/62 3241/4042/62 3240/4035/62 2966/4034/62
f 2496/4054/63 2498/4055/63 3296/4056/63 3387/4057/63
f 2958/4011/64 3236/4010/64 3239/4058/64 2960/4059/64
f 2506/4039/65 2500/4048/65 3398/4051/65 3396/4040/65
f 2962/4047/66 3235/4046/66 3234/4009/66 2964/4008/66
f 2443/4060/67 2560/4061/68 3386/4062/68 3375/4063/67
f 2884/4064/69 3322/4065/69 3237/4066/69 3002/4067/69
f 2498/4055/70 2442/3748/70 3295/3751/70 3296/4056/70
f 2968/4037/71 3238/4036/71 3233/4068/71 2886/4069/71
f 2550/4070/72 2544/4071/72 3489/4072/72 3490/4073/72
f 3012/4074/73 3330/4075/73 3318/4076/73 3006/4077/73
f 2536/4078/74 2538/4079/74 3293/4080/74 3292/4081/74
f 2998/4082/75 3231/4083/75 3243/4084/75 3000/4085/75
f 2540/3749/76 2542/4086/76 3291/4087/76 3301/3750/76
f 3002/4067/77 3237/4066/77 3232/4088/77 3004/4089/77
f 2532/4090/78 2534/4091/78 3193/4092/78 3192/4093/78
f 2882/4094/79 3247/4095/79 3246/4096/79 2994/4097/79
f 2542/4086/1449 2536/4078/1449 3292/4081/1449 3291/4087/1449
f 2960/4098/81 3239/4099/81 3322/4100/81 2884/4101/81
f 2528/4102/82 2530/4103/82 3194/4104/82 3191/4105/82
f 3004/4089/83 3232/4088/83 3231/4083/83 2998/4082/83
f 2538/4079/84 2532/4090/84 3192/4093/84 3293/4080/84
f 2990/4106/85 3245/4107/85 3319/4108/85 2992/4109/85
f 2534/4091/86 2528/4102/86 3191/4105/86 3193/4092/86
f 2994/4097/87 3246/4096/87 3244/4110/87 2996/4111/87
f 2524/3993/88 2748/4112/88 3200/4113/88 3196/3994/88
f 2880/4114/89 3321/4115/89 3316/4116/89 2986/4117/89
f 2566/4118/67 2443/4060/67 3375/4063/67 3376/4119/67
f 3000/4085/90 3243/4084/90 3247/4120/90 2882/4121/90
f 2570/4122/1450 2564/4123/1450 3377/4124/1450 3288/4125/1450
f 2996/4111/92 3244/4110/92 3245/4107/92 2990/4106/92
f 2556/4126/93 2558/4127/93 3394/4128/93 3383/4129/93
f 2982/4130/94 3331/4131/94 3250/4132/94 2984/4133/94
f 2560/4061/68 2562/4134/95 3384/4135/95 3386/4062/68
f 2986/4117/96 3316/4116/96 3314/4136/96 2988/4137/96
f 2552/4138/97 2554/4139/97 3389/4140/97 3391/4141/97
f 2978/4142/98 3249/4143/98 3248/4031/98 2980/4030/98
f 2562/4134/95 2556/4126/99 3383/4129/99 3384/4135/95
f 2988/4137/100 3314/4136/100 3331/4131/100 2982/4130/100
f 2548/4144/101 2550/4070/101 3490/4073/101 3491/4145/101
f 2974/4033/102 3252/4032/102 3251/4146/102 2976/4147/102
f 2558/4127/103 2552/4138/103 3391/4141/103 3392/4148/103 3394/4128/103
f 2984/4133/104 3250/4132/104 3249/4143/104 2978/4142/104
f 2544/4071/105 2546/4149/105 3488/4150/105 3489/4072/105
f 2878/4151/106 3255/4152/106 3256/4153/107 3018/4154/107
f 2554/4139/108 2548/4144/108 3491/4145/108 3389/4140/108
f 2992/4109/109 3319/4108/109 3321/4155/109 2880/4156/109
f 2467/4157/110 2614/4158/110 3203/4159/110 3204/4160/110
f 3028/4161/111 3412/4162/111 3503/4163/111 3022/4164/111
f 2574/4165/112 2469/4166/112 3286/4167/112 3280/4168/112
f 3014/4169/113 3254/4170/113 3326/4171/113 3016/4172/113
f 2578/4173/114 2572/4174/114 3279/4175/114 3278/4176/114
f 3018/4154/107 3256/4153/107 3253/4177/115 3020/4178/115
f 2564/4123/116 2566/4118/116 3376/4119/116 3377/4124/116
f 3010/4179/117 3329/4180/117 3330/4075/117 3012/4074/117
f 2568/4181/118 2570/4122/118 3288/4125/118 3287/4182/118
f 3020/4178/115 3253/4177/115 3254/4170/119 3014/4169/119
f 2447/4183/120 2446/4184/120 3523/4185/120 3522/4186/120
f 3006/4077/121 3318/4076/121 3320/4187/121 3008/4188/121
f 2734/4189/122 2471/4190/122 3363/4191/122 3362/4192/122
f 3016/4172/123 3326/4171/123 3329/4180/123 3010/4179/123
f 2590/4193/124 2584/4194/124 3189/4195/124 3284/4196/124
f 2876/4197/125 3323/4198/125 3315/4199/126 3060/4200/126
f 2576/4201/127 2578/4173/127 3278/4176/127 3281/4202/127
f 2976/4147/128 3251/4146/128 3255/4203/128 2878/4204/128
f 2580/4205/129 2582/4206/129 3277/4207/129 3282/4208/129
f 3066/4209/130 3420/4210/130 3410/4211/130 3063/4212/130
f 2572/4174/131 2574/4165/131 3280/4168/131 3279/4175/131
f 3056/4213/132 3332/4214/132 3328/4215/132 3058/4216/132
f 2582/4217/133 2576/4201/133 3281/4202/133 3277/4218/133
f 3060/4200/126 3315/4199/126 3317/4219/134 3062/4220/134
f 2471/4221/135 2580/4205/135 3282/4208/135 3363/4222/135
f 3052/4223/136 3327/4224/136 3325/4225/136 3054/4226/136
f 2604/4227/137 2599/4228/137 3187/4229/137 3180/4230/137
f 3062/4220/134 3317/4219/134 3332/4214/138 3056/4213/138
f 2596/4231/139 2598/4232/139 3294/4233/139 3181/4234/139
f 3048/4235/140 3324/4236/140 3416/4237/140 3050/4238/140
f 2599/4228/141 2602/4239/141 3184/4240/141 3187/4229/141
f 3058/4216/142 3328/4215/142 3327/4241/142 3052/4242/142
f 2592/4243/143 2594/4244/143 3276/4245/143 3285/4246/143
f 2874/4247/144 3415/4248/144 3417/4249/144 3044/4250/144
f 2602/4239/145 2596/4231/145 3181/4234/145 3184/4240/145
f 3008/4188/146 3320/4187/146 3323/4251/146 2876/4252/146
f 2588/4253/147 2590/4193/147 3284/4196/147 3283/4254/147
f 3046/4255/148 3418/4256/148 3419/4257/148 3068/4258/148
f 2598/4232/149 2592/4259/149 3285/4260/149 3294/4233/149
f 2872/4261/150 3409/4262/150 3407/4263/151 3038/4264/151
f 2584/4194/152 2586/4265/152 3188/4266/152 3189/4195/152
f 3050/4238/153 3416/4237/153 3415/4267/153 2874/4268/153
f 2594/4269/154 2588/4253/154 3283/4254/154 3276/4270/154
f 3063/4212/155 3410/4211/155 3408/4271/155 3041/4272/155
f 2494/4273/156 2616/4274/156 3183/4275/156 3185/4276/156
f 3034/4277/157 3404/4278/157 3405/4279/157 3036/4280/157
f 2750/4281/158 2467/4282/158 3204/4283/158 3202/4284/158
f 3038/4264/151 3407/4263/151 3406/4285/159 3040/4286/159
f 2616/4274/160 2618/4287/160 3190/4288/160 3183/4275/160
f 3030/4289/161 3414/4290/161 3413/4291/161 3032/4292/161
f 2608/4293/162 2610/4294/162 3186/4295/162 3197/4296/162
f 3040/4286/159 3406/4285/159 3404/4278/163 3034/4277/163
f 2614/4158/164 2612/4297/164 3201/4298/164 3203/4159/164
f 3026/4299/165 3411/4300/165 3412/4162/165 3028/4161/165
f 2612/4297/166 2608/4293/166 3197/4296/166 3201/4298/166
f 3036/4280/167 3405/4279/167 3414/4290/167 3030/4289/167
f 2610/4294/168 2606/4301/168 3182/4302/168 3186/4295/168
f 3022/4164/169 3503/4163/169 3499/4303/169 3024/4304/169
f 2606/4301/170 2604/4305/170 3180/4306/170 3182/4302/170
f 3032/4292/171 3413/4291/171 3411/4300/171 3026/4299/171
f 2502/4049/172 2496/4054/172 3387/4057/172 3388/4050/172
f 2870/4307/173 3500/4308/173 3501/4309/173 3082/4310/173
f 2626/4311/174 2620/4312/174 3175/4313/174 3176/4314/174
f 3044/4250/175 3417/4249/175 3418/4256/175 3046/4255/175
f 2492/4315/176 2632/4316/176 3172/4317/176 3179/4318/176
f 3054/4226/177 3325/4225/177 3324/4236/177 3048/4235/177
f 2586/4265/178 2494/4319/178 3185/4320/178 3188/4266/178
f 3076/4321/179 3403/4322/179 3399/4323/179 3070/4324/179
f 2642/4325/180 2636/4326/180 3158/4327/180 3159/4328/180
f 3068/4258/181 3419/4257/181 3420/4329/181 3066/4330/181
f 2628/4331/182 2630/4332/182 3177/4333/182 3170/4334/182
f 3041/4272/183 3408/4271/183 3409/4335/183 2872/4336/183
f 2632/4316/184 2634/4337/184 3167/4338/184 3172/4317/184
f 3086/4339/185 3211/4340/185 3216/3790/185 3088/3789/185
f 2490/4341/186 2624/4342/186 3174/4343/186 3171/4344/186
f 3078/4345/187 3505/4346/187 3401/4347/187 3080/4348/187
f 2618/4287/188 2492/4349/188 3179/4350/188 3190/4288/188
f 3082/4310/189 3501/4309/189 3502/4351/189 3084/4352/189
f 2634/4337/190 2628/4331/190 3170/4334/190 3167/4338/190
f 3074/4353/191 3402/4354/191 3403/4322/191 3076/4321/191
f 2620/4312/192 2622/4355/192 3168/4356/192 3175/4313/192
f 3084/4352/193 3502/4351/193 3505/4346/193 3078/4345/193
f 2624/4342/194 2626/4311/194 3176/4314/194 3174/4343/194
f 3070/4324/195 3399/4323/195 3397/4357/195 3072/4358/195
f 2488/4359/196 2664/4360/196 3169/4361/196 3270/4362/196
f 3080/4348/197 3401/4347/197 3402/4354/197 3074/4353/197
f 2630/4332/198 2490/4363/198 3171/4364/198 3177/4333/198
f 3024/4304/199 3499/4303/199 3500/4365/199 2870/4366/199
f 2674/4367/200 2668/4368/200 3260/4369/200 3259/4370/200
f 2898/4371/201 3207/4372/201 3208/4003/201 2894/4002/201
f 2660/4373/202 2662/4374/202 3162/4375/202 3166/4376/202
f 2664/4360/203 2666/4377/203 3173/4378/203 3169/4361/203
f 2865/4379/92 3302/4380/92 3298/4381/92 2906/4382/92
f 2486/4383/204 2656/4384/204 3164/4385/204 3161/4386/204
f 2906/4382/205 3298/4381/205 3300/4387/205 2908/4388/205
f 2622/4355/206 2488/4389/206 3270/4390/206 3168/4356/206
f 2406/4391/207 3361/4392/207 3360/4393/207 2400/4394/207
f 2666/4377/208 2660/4373/208 3166/4376/208 3173/4378/208
f 2652/4395/209 2654/4396/209 3269/4397/209 3178/4398/209
f 2656/4384/210 2658/4399/210 3165/4400/210 3164/4385/210
f 2484/4401/211 2648/4402/211 3273/4403/211 3268/4404/211
f 2662/4374/212 2486/4405/212 3161/4406/212 3162/4375/212
f 2658/4399/213 2652/4395/213 3178/4398/213 3165/4400/213
f 2644/4407/214 2646/4408/214 3163/4409/214 3265/4410/214
f 2648/4402/215 2650/4411/215 3271/4412/215 3273/4403/215
f 2640/4413/216 2642/4325/216 3159/4328/216 3160/4414/216
f 2650/4411/217 2644/4407/217 3265/4410/217 3271/4412/217
f 2636/4415/218 2638/4416/218 3153/4417/218 3158/4418/218
f 2302/4419/1447 2299/4420/1447 2329/4421/1447 2327/4422/1447 2291/4423/1447 2294/4424/1447 2313/4425/1447 2311/4426/1447 2295/4427/1447 2298/4428/1447 2321/4429/1447 2319/4430/1447
f 2646/4408/219 2640/4413/219 3160/4414/219 3163/4409/219
f 2296/4431/220 2312/4432/220 3540/4433/220 3537/4434/220
f 2482/4435/221 2680/4436/222 3155/4437/222 3154/4438/221
f 2654/4396/223 2484/4439/223 3268/4440/223 3269/4397/223
f 2338/4441/1447 2339/4442/1447 2336/4443/1447 2345/4444/1447 2343/4445/1447 2349/4446/1447 2347/4447/1447 2353/4448/1447 2351/4449/1447 2357/4450/1447 2355/4451/1447
f 2690/4452/224 2684/4453/224 3429/4454/224 3333/4455/224
f 2676/4456/225 2678/4457/225 3258/4458/225 3157/4459/225
f 2754/4460/226 2796/4461/226 3365/4462/226 3366/4463/226
f 2680/4436/222 2682/4464/227 3156/4465/227 3155/4437/222
f 2332/4466/228 2303/4467/228 3547/4468/228 3553/4469/228
f 2672/4470/229 2674/4367/229 3259/4370/229 3261/4471/229
f 2316/4472/230 2307/4473/230 3549/4474/230 3536/4475/230
f 2682/4464/227 2676/4456/231 3157/4459/231 3156/4465/227
f 2342/4476/232 2362/4477/232 3526/4478/232 3524/4479/232
f 2668/4368/233 2670/4480/233 3272/4481/233 3260/4369/233
f 2766/4482/234 2758/4483/234 3461/4484/234 3460/4485/234
f 2678/4457/235 2672/4470/235 3261/4471/235 3258/4458/235
f 2839/4486/1447 2836/4487/1447 2838/4488/1447 2842/4489/1447
f 2480/4490/236 2722/4491/237 3275/4492/237 3274/4493/236
f 2841/4494/238 2837/4495/238 3370/4496/238 3372/4497/238
f 2638/4416/239 2482/4498/239 3154/4499/239 3153/4417/239
f 2840/4500/240 3556/4501/240 3368/4502/240
f 2728/4503/241 2725/4504/241 3344/4505/241 3343/4506/241
f 2843/3729/242 2850/4507/242 3385/4508/242 3382/3730/242
f 2718/4509/243 2720/4510/243 3262/4511/243 3257/4512/243
f 2722/4491/237 2724/4513/244 3267/4514/244 3275/4492/237
f 2854/4515/245 2860/4516/245 3297/4517/245 3289/4518/245
f 2714/4519/246 2716/4520/246 3266/4521/246 3263/4522/246
f 2860/4523/247 2862/3723/247 3213/3727/247 3297/4524/247
f 2724/4513/244 2718/4525/248 3257/4526/248 3267/4514/244
f 2855/4527/249 2854/4515/249 3289/4518/249 3290/4528/249
f 2710/4529/250 2712/4530/250 3337/4531/250 3264/4532/250
f 2857/4533/251 2855/4527/251 3290/4528/251 3198/4534/251
f 2720/4510/252 2714/4519/252 3263/4522/252 3262/4511/252
f 2478/4535/253 2706/4536/253 3339/4537/253 3336/4538/253
f 2852/4539/1447 2853/4540/1447 2856/4541/1447 2858/4542/1447
f 2670/4480/254 2480/4543/254 3274/4544/254 3272/4481/254
f 2849/4545/1447 2844/4546/1447 2846/4547/1447 2848/4548/1447
f 2708/4549/255 2730/4550/255 3342/4551/255 3341/4552/255
f 2847/4553/256 2845/4554/256 3381/4555/256 3380/4556/256
f 2476/4557/257 2700/4558/258 3351/4559/258 3352/4560/257
f 2850/4561/259 2847/4553/259 3380/4556/259 3385/4562/259
f 2712/4530/260 2478/4563/260 3336/4564/260 3337/4531/260
f 2725/4504/261 2703/4565/261 3353/4566/261 3344/4505/261
f 2322/4567/262 2297/4568/262 3543/4569/262 3542/4570/262
f 2696/4571/263 2698/4572/263 3340/4573/263 3350/4574/263
f 2318/4575/1451 2316/4576/1451 3536/4577/1451 3535/4578/1451
f 2700/4558/258 2702/4579/265 3349/4580/265 3351/4559/258
f 2297/4581/266 2296/4582/266 3537/4583/266 3543/4584/266
f 2692/4585/267 2694/4586/267 3335/4587/267 3338/4588/267
f 2307/4589/268 2310/4590/268 3545/4591/268 3549/4592/268
f 2702/4579/265 2696/4571/269 3350/4574/269 3349/4580/265
f 2320/4593/270 2322/4594/270 3542/4595/270 3546/4596/270
f 2688/4597/271 2690/4452/271 3333/4455/271 3334/4598/271
f 2310/4590/272 2326/4599/272 3538/4600/272 3545/4591/272
f 2698/4572/273 2692/4585/273 3338/4588/273 3340/4573/273
f 2323/4601/274 2301/4602/275 3533/4603/275 3534/4604/274
f 2684/4453/276 2686/4605/276 3424/4606/276 3429/4454/276
f 2326/4599/277 2323/4607/277 3534/4608/277 3538/4600/277
f 2694/4586/278 2688/4597/278 3334/4598/278 3335/4587/278
f 2302/4419/1447 2324/4609/1447 2325/4610/1447 2309/4611/1447 2308/4612/1447 2315/4613/1447 2317/4614/1447 2305/4615/1447 2304/4616/1447 2331/4617/1447 2333/4618/1447 2299/4420/1447
f 2474/4619/279 2744/4620/279 3426/4621/279 3427/4622/279
f 2303/4467/280 2306/4623/280 3541/4624/280 3547/4468/280
f 2706/4536/281 2708/4549/281 3341/4552/281 3339/4537/281
f 2312/4625/1452 2314/4626/1452 3539/4627/1452 3540/4628/1452
f 2716/4520/283 2710/4529/283 3264/4532/283 3266/4521/283
f 2328/4629/284 2330/4630/284 3552/4631/284 3551/4632/284
f 2738/4633/285 2732/4634/285 3348/4635/285 3347/4636/285
f 2314/4626/286 2293/4637/286 3544/4638/286 3539/4627/286
f 2730/4550/287 2728/4503/287 3343/4506/287 3342/4551/287
f 2334/3733/288 2332/4639/288 3553/4640/288 3550/3734/288
f 2703/4565/289 2476/4641/289 3352/4642/289 3353/4566/289
f 2301/4602/275 2320/4593/290 3546/4596/290 3533/4603/275
f 2748/4112/291 2750/4281/291 3202/4284/291 3200/4113/291
f 2330/4643/8 2300/3732/8 3548/3735/8 3552/4644/8
f 2740/4645/292 2742/4646/292 3346/4647/292 3430/4648/292
f 2744/4620/293 2746/4649/293 3428/4650/293 3426/4621/293
f 2306/4623/294 2318/4651/294 3535/4652/294 3541/4624/294
f 2736/4653/295 2738/4633/295 3347/4636/295 3345/4654/295
f 2340/4655/296 2342/4656/296 3524/4657/296 3525/4658/296
f 2746/4649/297 2740/4645/297 3430/4648/297 3428/4650/297
f 2362/4477/298 2360/4659/298 3531/4660/298 3526/4478/298
f 2732/4634/299 2734/4189/299 3362/4192/299 3348/4635/299
f 2352/4661/300 2354/4662/300 3456/4663/300 3455/4664/300
f 2742/4646/301 2736/4653/301 3345/4654/301 3346/4647/301
f 2356/4665/302 2358/4666/302 3457/4667/302 3458/4668/302
f 2686/4669/303 2474/4670/303 3427/4671/303 3424/4672/303
f 2348/4673/304 2350/4674/304 3530/4675/304 3514/4676/304
f 2530/4677/1453 2526/3992/1453 3195/3995/1453 3194/4678/1453
f 2358/4679/306 2352/4661/306 3455/4664/306 3457/4680/306
f 2344/4681/307 2346/3740/307 3528/3743/307 3529/4682/307
f 2469/4683/213 2568/4181/213 3287/4182/213 3286/4684/213
f 2354/4662/308 2348/4673/308 3514/4676/308 3456/4663/308
f 2397/4685/1447 2440/4686/1447 2435/4687/1447 2437/4688/1447 2431/4689/1447 2433/4690/1447 2427/4691/1447 2429/4692/1447 2423/4693/1447 2425/4694/1447 2396/4695/1447 2394/4696/1447 2392/4697/1447 2390/4698/1447 2388/4699/1447 2386/4700/1447 2384/4701/1447 2382/4702/1447 2380/4703/1447 2378/4704/1447 2375/4705/1447 2419/4706/1447 2421/4707/1447 2415/4708/1447 2417/4709/1447 2411/4710/1447 2413/4711/1447 2407/4712/1447 2409/4713/1447 2403/4714/1447 2405/4715/1447 2399/4716/1447 2401/4717/1447
f 2338/4441/1447 2372/4718/1447 2373/4719/1447 2367/4720/1447 2369/4721/1447 2363/4722/1447 2365/4723/1447 2359/4724/1447 2361/4725/1447 2341/4726/1447 2339/4442/1447
f 2381/4727/309 3509/4728/309 3506/4729/309 2379/4730/309
f 2337/4731/310 2356/4665/310 3458/4668/310 3459/4732/310
f 2383/4733/311 3512/4734/311 3509/4735/311 2381/4736/311
f 2350/4674/312 2344/4737/312 3529/4738/312 3530/4675/312
f 2385/4739/313 3513/4740/313 3512/4741/313 2383/4742/313
f 2360/4659/314 2366/4743/314 3532/4744/314 3531/4660/314
f 2387/4745/315 3511/4746/315 3513/4747/315 2385/4748/315
f 2366/4743/316 2364/4749/316 3518/4750/316 3532/4744/316
f 2389/4751/317 3510/4752/317 3511/4753/317 2387/4754/317
f 2364/4749/318 2370/4755/318 3466/4756/318 3518/4750/318
f 2391/4757/319 3433/4758/319 3510/4752/319 2389/4751/319
f 2370/4759/320 2368/4760/320 3465/4761/320 3466/4762/320
f 2393/4763/321 3432/4764/321 3433/4765/321 2391/4766/321
f 2368/4760/322 2374/4767/322 3467/4768/322 3465/4761/322
f 2395/4769/323 3431/4770/323 3432/4771/323 2393/4772/323
f 2374/4773/324 2371/3706/324 3468/3709/324 3467/4774/324
f 2426/4775/325 3434/4776/325 3431/4777/325 2395/4778/325
f 2379/4730/326 3506/4729/326 3508/4779/326 2377/4780/326
f 2756/4781/1447 2762/4782/1447 2831/4783/1447 2833/4784/1447 2827/4785/1447 2829/4786/1447 2823/4787/1447 2825/4788/1447 2819/4789/1447 2821/4790/1447 2759/4791/1447 2815/4792/1447 2817/4793/1447 2811/4794/1447 2813/4795/1447 2807/4796/1447 2809/4797/1447 2803/4798/1447 2805/4799/1447 2799/4800/1447 2801/4801/1447 2757/4802/1447
f 2430/4803/327 3438/4804/327 3435/4805/327 2424/4806/327
f 2802/4807/328 2800/4808/328 3470/4809/328 3471/4810/328
f 2416/4811/329 3421/4812/329 3423/4813/329 2418/4814/329
f 2792/4815/330 2794/4816/330 3462/4817/330 3463/4818/330
f 2420/3796/1454 3436/3795/1454 3422/4819/1454 2422/4820/1454
f 2796/4461/332 2798/4821/332 3464/4822/332 3365/4462/332
f 2412/4823/333 3425/4824/333 3441/4825/333 2414/4826/333
f 2788/4827/334 2790/4828/334 3450/4829/334 3454/4830/334
f 2422/4820/335 3422/4819/335 3421/4812/335 2416/4811/335
f 2798/4821/336 2792/4831/336 3463/4832/336 3464/4822/336
f 2408/4833/337 3355/4834/337 3358/4835/337 2410/4836/337
f 2784/4837/338 2786/4838/338 3443/4839/338 3451/4840/338
f 2418/4841/339 3423/4842/339 3425/4824/339 2412/4823/339
f 2794/4816/340 2788/4827/340 3454/4830/340 3462/4817/340
f 2404/4843/341 3359/4844/341 3361/4392/341 2406/4391/341
f 2756/4781/1447 2757/4802/1447 2765/4845/1447 2763/4846/1447 2769/4847/1447 2767/4848/1447 2773/4849/1447 2771/4850/1447 2777/4851/1447 2775/4852/1447 2781/4853/1447 2779/4854/1447 2751/4855/1447 2785/4856/1447 2783/4857/1447 2789/4858/1447 2787/4859/1447 2793/4860/1447 2791/4861/1447 2797/4862/1447 2795/4863/1447 2753/4864/1447
f 2414/4826/342 3441/4825/342 3355/4834/342 2408/4833/342
f 2755/4865/343 2754/4866/343 3366/4867/343 3369/4868/343
f 2400/4394/344 3360/4393/344 3364/4869/344 2402/4870/344
f 2790/4828/345 2784/4871/345 3451/4872/345 3450/4829/345
f 2410/4836/346 3358/4835/346 3359/4844/346 2404/4843/346
f 2776/4873/347 2778/4874/347 3452/4875/347 3444/4876/347
f 2398/4877/348 3374/4878/348 3373/4879/348 2439/4880/348
f 2780/3745/349 2782/4881/349 3447/4882/349 3440/3746/349
f 2900/4883/350 3206/4884/350 3205/4885/350 2902/4886/350
f 2772/4887/351 2774/4888/351 3449/4889/351 3445/4890/351
f 2908/4891/352 3300/4892/352 3299/4893/352 2903/4894/352
f 2782/4881/353 2776/4873/353 3444/4876/353 3447/4882/353
f 2896/4895/354 3209/4896/354 3207/4372/354 2898/4371/354
f 2768/4897/355 2770/3805/355 3446/3808/355 3448/4898/355
f 2903/4899/356 3299/4900/356 3206/4884/356 2900/4883/356
f 2778/4901/357 2772/4887/357 3445/4890/357 3452/4902/357
f 2902/4886/358 3205/4885/358 3209/4903/358 2896/4904/358
f 2764/3806/359 2766/4482/359 3460/4485/359 3453/3807/359
f 2892/4005/360 3210/4004/360 3211/4340/360 3086/4339/360
f 2774/4888/1455 2768/4897/1455 3448/4898/1455 3449/4889/1455
f 2436/4905/362 3371/4906/362 3357/4907/362 2438/4908/362
f 2758/4909/363 2802/4807/363 3471/4810/363 3461/4910/363
f 2816/4911/364 2760/4912/364 3493/4913/364 3492/4914/364
f 2432/4915/365 3354/4916/365 3442/4917/365 2434/4918/365
f 2800/4919/366 2806/4920/366 3469/4921/366 3470/4922/366
f 2439/4923/367 3373/4924/367 3371/4906/367 2436/4905/367
f 2806/4925/368 2804/4926/368 3481/4927/368 3469/4928/368
f 2428/4929/369 3437/4930/369 3438/4804/369 2430/4803/369
f 2804/4926/1456 2810/4931/1456 3482/4932/1456 3481/4927/1456
f 2438/4908/371 3357/4907/371 3356/4933/371 3354/4916/371 2432/4915/371
f 2810/4931/372 2808/4934/372 3483/4935/372 3482/4932/372
f 2424/4936/373 3435/4937/373 3434/4776/373 2426/4775/373
f 2808/4938/374 2814/4939/374 3484/4940/374 3483/4941/374
f 2434/4918/375 3442/4917/375 3437/4930/375 2428/4929/375
f 2814/4939/376 2812/4942/376 3476/4943/376 3484/4940/376
f 2402/4870/377 3364/4869/377 3374/4944/377 2398/4945/377
f 2812/4942/378 2818/4946/378 3480/4947/378 3476/4943/378
f 2912/4948/379 3303/4949/379 3302/4950/379 2865/4951/379
f 2818/4946/380 2816/4911/380 3492/4914/380 3480/4947/380
f 2916/4952/381 3312/4953/381 3310/4954/381 2910/4955/381
f 2822/4956/382 2820/4957/382 3485/4958/382 3487/4959/382
f 3072/4358/383 3397/4357/383 3400/4960/383 2867/4961/383
f 2760/4962/384 2822/4956/384 3487/4959/384 3493/4963/384
f 2928/3824/385 3304/3823/385 3229/3832/385 2922/3831/385
f 2832/4964/386 2761/4965/386 3379/4966/386 3378/4967/386
f 2914/4968/387 3305/4969/387 3312/4953/387 2916/4952/387
f 2820/4957/388 2826/4970/388 3486/4971/388 3485/4958/388
f 2918/4972/389 3313/4973/389 3306/4974/389 2920/4975/389
f 2826/4976/390 2824/4977/390 3472/4978/390 3486/4979/390
f 2910/4955/391 3310/4954/391 3303/4949/391 2912/4948/391
f 2824/4977/392 2830/4980/392 3473/4981/392 3472/4978/392
f 2920/4975/393 3306/4974/393 3305/4969/393 2914/4968/393
f 2830/4980/394 2828/4982/394 3474/4983/394 3473/4981/394
f 2867/4961/395 3400/4960/395 3313/4973/395 2918/4972/395
f 2828/4982/396 2834/4984/396 3475/4985/396 3474/4983/396
f 2942/3997/397 3222/3996/397 3228/3802/397 2937/3801/397
f 2834/4986/398 2832/4964/398 3378/4967/398 3475/4987/398
f 2292/4988/1457 2293/4989/1457 2294/4424/1457 2291/4423/1457
f 2296/4990/1458 2297/4991/1458 2298/4428/1458 2295/4427/1458
f 2304/4616/1459 2305/4615/1459 2306/4992/1459 2303/4993/1459
f 2308/4612/1460 2309/4611/1460 2310/4994/1460 2307/4995/1460
f 2295/4427/1461 2311/4426/1461 2312/4996/1461 2296/4990/1461
f 2311/4426/1462 2313/4425/1462 2314/4997/1462 2312/4996/1462
f 2313/4425/1463 2294/4424/1463 2293/4989/1463 2314/4997/1463
f 2305/4615/1464 2317/4614/1464 2318/4998/1464 2306/4992/1464
f 2317/4614/1465 2315/4613/1465 2316/4999/1465 2318/4998/1465
f 2315/4613/1466 2308/4612/1466 2307/4995/1466 2316/4999/1466
f 2302/4419/1467 2319/4430/1468 2320/5000/1468 2301/5001/1467
f 2319/4430/1469 2321/4429/1469 2322/5002/1469 2320/5000/1469
f 2321/4429/1470 2298/4428/1470 2297/4991/1470 2322/5002/1470
f 2324/4609/1471 2302/4419/1467 2301/5001/1467 2323/5003/1471
f 2309/4611/1472 2325/4610/1472 2326/5004/1472 2310/4994/1472
f 2325/4610/1473 2324/4609/1473 2323/5003/1473 2326/5004/1473
f 2291/4423/1474 2327/4422/1474 2328/5005/1474 2292/4988/1474
f 2327/4422/1475 2329/4421/1475 2330/5006/1475 2328/5005/1475
f 2329/4421/1476 2299/4420/1476 2300/5007/1476 2330/5006/1476
f 2299/4420/1476 2333/4618/1476 2334/5008/1476 2300/5007/1476
f 2333/4618/1477 2331/4617/1477 2332/5009/1477 2334/5008/1477
f 2331/4617/1478 2304/4616/1478 2303/4993/1478 2332/5009/1478
f 2293/5010/421 2292/3736/421 3554/3739/421 3544/5011/421
f 2340/5012/1479 2335/5013/1479 2336/4443/1479 2339/4442/1479
f 2339/4442/1480 2341/4726/1480 2342/5014/1480 2340/5012/1480
f 2338/4441/1481 2355/4451/1481 2356/5015/1481 2337/5016/1481
f 2355/4451/1482 2357/4450/1482 2358/5017/1482 2356/5015/1482
f 2357/4450/1483 2351/4449/1483 2352/5018/1483 2358/5017/1483
f 2351/4449/1484 2353/4448/1484 2354/5019/1484 2352/5018/1484
f 2353/4448/1485 2347/4447/1485 2348/5020/1485 2354/5019/1485
f 2347/4447/1486 2349/4446/1486 2350/5021/1486 2348/5020/1486
f 2349/4446/1487 2343/4445/1487 2344/5022/1487 2350/5021/1487
f 2343/4445/1488 2345/4444/1488 2346/5023/1488 2344/5022/1488
f 2345/4444/1489 2336/4443/1489 2335/5013/1489 2346/5023/1489
f 2372/4718/1490 2338/4441/1490 2337/5016/1490 2371/5024/1490
f 2341/4726/1491 2361/4725/1491 2362/5025/1491 2342/5014/1491
f 2361/4725/1492 2359/4724/1492 2360/5026/1492 2362/5025/1492
f 2359/4724/1493 2365/4723/1493 2366/5027/1493 2360/5026/1493
f 2365/4723/1494 2363/4722/1494 2364/5028/1494 2366/5027/1494
f 2363/4722/1495 2369/4721/1495 2370/5029/1495 2364/5028/1495
f 2369/4721/1496 2367/4720/1496 2368/5030/1496 2370/5029/1496
f 2367/4720/1497 2373/4719/1497 2374/5031/1497 2368/5030/1497
f 2373/4719/1498 2372/4718/1498 2371/5024/1498 2374/5031/1498
f 2335/5032/442 2340/4655/442 3525/4658/442 3527/5033/442
f 2376/5034/1499 2375/4705/1499 2378/4704/1499 2377/5035/1499
f 2377/5035/1500 2378/4704/1500 2380/4703/1500 2379/5036/1500
f 2379/5036/1501 2380/4703/1501 2382/4702/1501 2381/5037/1501
f 2381/5037/1502 2382/4702/1502 2384/4701/1502 2383/5038/1502
f 2383/5038/1503 2384/4701/1503 2386/4700/1503 2385/5039/1503
f 2385/5039/1504 2386/4700/1504 2388/4699/1504 2387/5040/1504
f 2387/5040/1505 2388/4699/1505 2390/4698/1505 2389/5041/1505
f 2389/5041/1506 2390/4698/1506 2392/4697/1506 2391/5042/1506
f 2391/5042/1507 2392/4697/1507 2394/4696/1507 2393/5043/1507
f 2393/5043/1508 2394/4696/1508 2396/4695/1508 2395/5044/1508
f 2375/4705/1509 2376/5034/1509 2420/5045/1509 2419/4706/1509
f 2419/4706/1510 2420/5045/1510 2422/5046/1510 2421/4707/1510
f 2421/4707/1511 2422/5046/1511 2416/5047/1511 2415/4708/1511
f 2415/4708/1512 2416/5047/1512 2418/5048/1512 2417/4709/1512
f 2417/4709/1513 2418/5048/1513 2412/5049/1513 2411/4710/1513
f 2411/4710/1514 2412/5049/1514 2414/5050/1514 2413/4711/1514
f 2413/4711/1515 2414/5050/1515 2408/5051/1515 2407/4712/1515
f 2407/4712/1516 2408/5051/1516 2410/5052/1516 2409/4713/1516
f 2409/4713/1517 2410/5052/1517 2404/5053/1517 2403/4714/1517
f 2403/4714/1518 2404/5053/1518 2406/5054/1518 2405/4715/1518
f 2405/4715/1519 2406/5054/1519 2400/5055/1519 2399/4716/1519
f 2399/4716/1520 2400/5055/1520 2402/5056/1520 2401/4717/1520
f 2401/4717/1521 2402/5056/1521 2398/5057/1521 2397/4685/1521
f 2440/4686/1522 2439/5058/1522 2436/5059/1522 2435/4687/1522
f 2435/4687/1523 2436/5059/1523 2438/5060/1523 2437/4688/1523
f 2437/4688/1524 2438/5060/1524 2432/5061/1524 2431/4689/1524
f 2431/4689/1525 2432/5061/1525 2434/5062/1525 2433/4690/1525
f 2433/4690/1526 2434/5062/1526 2428/5063/1526 2427/4691/1526
f 2427/4691/1527 2428/5063/1527 2430/5064/1527 2429/4692/1527
f 2429/4692/1528 2430/5064/1528 2424/5065/1528 2423/4693/1528
f 2423/4693/1529 2424/5065/1529 2426/5066/1529 2425/4694/1529
f 2425/4694/1530 2426/5066/1530 2395/5044/1530 2396/4695/1530
f 2397/4685/1531 2398/5057/1531 2439/5058/1531 2440/4686/1531
f 2377/5067/476 3508/5068/476 3507/5069/476 2376/5070/476
f 2446/5071/1532 2447/5072/1532 2448/3769/1532 2445/3768/1532
f 2447/5072/1533 2449/5073/1533 2450/3770/1533 2448/3769/1533
f 2449/5073/1534 2451/5074/1534 2452/3771/1534 2450/3770/1534
f 2451/5074/1535 2453/5075/1535 2454/3772/1535 2452/3771/1535
f 2453/5075/1536 2455/5076/1536 2456/3773/1536 2454/3772/1536
f 2455/5076/1537 2457/5077/1537 2458/3774/1537 2456/3773/1537
f 2457/5077/1538 2459/5078/1538 2460/3775/1538 2458/3774/1538
f 2459/5078/1539 2461/5079/1539 2462/3776/1539 2460/3775/1539
f 2461/5079/1540 2463/5080/1540 2464/3777/1540 2462/3776/1540
f 2463/5080/1541 2465/5081/1541 2466/3778/1541 2464/3777/1541
f 2445/3768/1542 2519/3767/1542 2520/5082/1542 2446/5071/1542
f 2519/3767/1543 2521/3766/1543 2522/5083/1543 2520/5082/1543
f 2521/3766/1544 2515/3765/1544 2516/5084/1544 2522/5083/1544
f 2515/3765/1545 2517/3764/1545 2518/5085/1545 2516/5084/1545
f 2517/3764/1546 2511/3763/1546 2512/5086/1546 2518/5085/1546
f 2511/3763/1547 2513/3762/1547 2514/5087/1547 2512/5086/1547
f 2513/3762/1548 2507/3761/1548 2508/5088/1548 2514/5087/1548
f 2507/3761/1549 2509/3760/1549 2510/5089/1549 2508/5088/1549
f 2509/3760/1550 2503/3759/1550 2504/5090/1550 2510/5089/1550
f 2503/3759/1551 2505/3758/1551 2506/5091/1551 2504/5090/1551
f 2505/3758/1552 2499/3757/1552 2500/5092/1552 2506/5091/1552
f 2499/3757/1553 2501/3756/1553 2502/5093/1553 2500/5092/1553
f 2501/3756/1554 2495/3755/1554 2496/5094/1554 2502/5093/1554
f 2495/3755/1555 2497/3754/1555 2498/5095/1555 2496/5094/1555
f 2497/3754/1556 2441/3753/1556 2442/5096/1556 2498/5095/1556
f 2441/3753/1557 2539/5097/1557 2540/5098/1557 2442/5096/1557
f 2539/5097/1558 2541/5099/1558 2542/5100/1558 2540/5098/1558
f 2541/5099/1559 2535/5101/1559 2536/5102/1559 2542/5100/1559
f 2535/5101/1560 2537/5103/1560 2538/5104/1560 2536/5102/1560
f 2537/5103/1561 2531/5105/1561 2532/5106/1561 2538/5104/1561
f 2531/5105/1562 2533/5107/1562 2534/5108/1562 2532/5106/1562
f 2533/5107/1563 2527/5109/1563 2528/5110/1563 2534/5108/1563
f 2527/5109/1564 2529/5111/1564 2530/5112/1564 2528/5110/1564
f 2529/5111/1565 2525/5113/1565 2526/5114/1565 2530/5112/1565
f 2525/5113/1566 2523/5115/1566 2524/5116/1566 2526/5114/1566
f 2444/3752/1567 2559/3788/1568 2560/5117/1568 2443/5118/1567
f 2559/3788/1568 2561/3787/1569 2562/5119/1569 2560/5117/1568
f 2561/3787/1569 2555/3786/1570 2556/5120/1570 2562/5119/1569
f 2555/3786/1571 2557/3785/1571 2558/5121/1571 2556/5120/1571
f 2557/3785/1572 2551/3784/1572 2552/5122/1572 2558/5121/1572
f 2551/3784/1573 2553/3783/1573 2554/5123/1573 2552/5122/1573
f 2553/3783/1574 2547/3782/1574 2548/5124/1574 2554/5123/1574
f 2547/3782/1575 2549/3781/1575 2550/5125/1575 2548/5124/1575
f 2549/3781/1576 2543/3780/1576 2544/5126/1576 2550/5125/1576
f 2543/3780/1577 2545/3779/1577 2546/5127/1577 2544/5126/1577
f 2545/3779/1578 2466/3778/1578 2465/5081/1578 2546/5127/1578
f 2470/5128/1579 2567/5129/1579 2568/5130/1579 2469/5131/1579
f 2567/5129/1580 2569/5132/1580 2570/5133/1580 2568/5130/1580
f 2569/5132/1581 2563/5134/1581 2564/5135/1581 2570/5133/1581
f 2563/5134/1582 2565/5136/1582 2566/5137/1582 2564/5135/1582
f 2565/5136/1567 2444/3752/1567 2443/5118/1567 2566/5137/1567
f 2472/5138/1583 2579/5139/1583 2580/5140/1583 2471/5141/1583
f 2579/5139/1584 2581/5142/1584 2582/5143/1584 2580/5140/1584
f 2581/5142/1585 2575/5144/1585 2576/5145/1585 2582/5143/1585
f 2575/5144/1586 2577/5146/1586 2578/5147/1586 2576/5145/1586
f 2577/5146/1587 2571/5148/1587 2572/5149/1587 2578/5147/1587
f 2571/5148/1588 2573/5150/1588 2574/5151/1588 2572/5149/1588
f 2573/5150/1589 2470/5128/1589 2469/5131/1589 2574/5151/1589
f 2600/5152/1590 2601/5153/1590 2602/5154/1590 2599/5155/1590
f 2601/5153/1591 2595/5156/1591 2596/5157/1591 2602/5154/1591
f 2595/5156/1592 2597/5158/1592 2598/5159/1592 2596/5157/1592
f 2597/5158/1593 2591/5160/1593 2592/5161/1593 2598/5159/1593
f 2591/5160/1594 2593/5162/1594 2594/5163/1594 2592/5161/1594
f 2593/5162/1595 2587/5164/1595 2588/5165/1595 2594/5163/1595
f 2587/5164/1596 2589/5166/1596 2590/5167/1596 2588/5165/1596
f 2589/5166/1597 2583/5168/1597 2584/5169/1597 2590/5167/1597
f 2583/5168/1598 2585/5170/1598 2586/5171/1598 2584/5169/1598
f 2585/5170/1599 2493/5172/1599 2494/5173/1599 2586/5171/1599
f 2468/5174/1600 2613/5175/1600 2614/5176/1600 2467/5177/1600
f 2613/5175/1601 2611/5178/1601 2612/5179/1601 2614/5176/1601
f 2611/5178/1602 2607/5180/1602 2608/5181/1602 2612/5179/1602
f 2607/5180/1603 2609/5182/1603 2610/5183/1603 2608/5181/1603
f 2609/5182/1604 2605/5184/1604 2606/5185/1604 2610/5183/1604
f 2605/5184/1605 2603/5186/1605 2604/5187/1605 2606/5185/1605
f 2603/5186/1606 2600/5152/1606 2599/5155/1606 2604/5187/1606
f 2493/5172/1607 2615/5188/1607 2616/5189/1607 2494/5173/1607
f 2615/5188/1608 2617/5190/1608 2618/5191/1608 2616/5189/1608
f 2617/5190/1609 2491/5192/1609 2492/5193/1609 2618/5191/1609
f 2491/5192/1610 2631/5194/1610 2632/5195/1610 2492/5193/1610
f 2631/5194/1611 2633/5196/1611 2634/5197/1611 2632/5195/1611
f 2633/5196/1612 2627/5198/1612 2628/5199/1612 2634/5197/1612
f 2627/5198/1613 2629/5200/1613 2630/5201/1613 2628/5199/1613
f 2629/5200/1614 2489/5202/1614 2490/5203/1614 2630/5201/1614
f 2489/5202/1615 2623/5204/1615 2624/5205/1615 2490/5203/1615
f 2623/5204/1616 2625/5206/1616 2626/5207/1616 2624/5205/1616
f 2625/5206/1617 2619/5208/1617 2620/5209/1617 2626/5207/1617
f 2619/5208/1618 2621/5210/1618 2622/5211/1618 2620/5209/1618
f 2621/5210/1619 2487/5212/1619 2488/5213/1619 2622/5211/1619
f 2487/5212/1620 2663/5214/1620 2664/5215/1620 2488/5213/1620
f 2663/5214/1621 2665/5216/1621 2666/5217/1621 2664/5215/1621
f 2665/5216/1622 2659/5218/1622 2660/5219/1622 2666/5217/1622
f 2659/5218/1623 2661/5220/1623 2662/5221/1623 2660/5219/1623
f 2661/5220/1624 2485/5222/1624 2486/5223/1624 2662/5221/1624
f 2485/5222/1625 2655/5224/1625 2656/5225/1625 2486/5223/1625
f 2655/5224/1626 2657/5226/1626 2658/5227/1626 2656/5225/1626
f 2657/5226/1579 2651/5228/1579 2652/5229/1579 2658/5227/1579
f 2651/5228/1627 2653/5230/1627 2654/5231/1627 2652/5229/1627
f 2653/5230/1628 2483/5232/1628 2484/5233/1628 2654/5231/1628
f 2483/5232/1629 2647/5234/1629 2648/5235/1629 2484/5233/1629
f 2647/5234/1630 2649/5236/1630 2650/5237/1630 2648/5235/1630
f 2649/5236/1631 2643/5238/1631 2644/5239/1631 2650/5237/1631
f 2643/5238/1632 2645/5240/1632 2646/5241/1632 2644/5239/1632
f 2645/5240/1633 2639/5242/1633 2640/5243/1633 2646/5241/1633
f 2639/5242/1634 2641/5244/1634 2642/5245/1634 2640/5243/1634
f 2641/5244/1635 2635/5246/1635 2636/5247/1635 2642/5245/1635
f 2635/5246/1636 2637/5248/1636 2638/5249/1636 2636/5247/1636
f 2637/5248/1637 2481/5250/1637 2482/5251/1637 2638/5249/1637
f 2481/5250/1638 2679/5252/1639 2680/5253/1639 2482/5251/1638
f 2679/5252/1639 2681/5254/1640 2682/5255/1640 2680/5253/1639
f 2681/5254/1640 2675/5256/1641 2676/5257/1641 2682/5255/1640
f 2675/5256/1642 2677/5258/1642 2678/5259/1642 2676/5257/1642
f 2677/5258/1643 2671/5260/1643 2672/5261/1643 2678/5259/1643
f 2671/5260/1644 2673/5262/1644 2674/5263/1644 2672/5261/1644
f 2673/5262/1645 2667/5264/1645 2668/5265/1645 2674/5263/1645
f 2667/5264/1646 2669/5266/1646 2670/5267/1646 2668/5265/1646
f 2669/5266/1647 2479/5268/1647 2480/5269/1647 2670/5267/1647
f 2479/5268/1648 2721/5270/1649 2722/5271/1649 2480/5269/1648
f 2721/5270/1649 2723/5272/1650 2724/5273/1650 2722/5271/1649
f 2723/5272/1650 2717/5274/1651 2718/5275/1651 2724/5273/1650
f 2717/5274/1652 2719/5276/1652 2720/5277/1652 2718/5275/1652
f 2719/5276/1653 2713/5278/1653 2714/5279/1653 2720/5277/1653
f 2713/5278/1654 2715/5280/1654 2716/5281/1654 2714/5279/1654
f 2715/5280/1655 2709/5282/1655 2710/5283/1655 2716/5281/1655
f 2709/5282/1656 2711/5284/1656 2712/5285/1656 2710/5283/1656
f 2711/5284/1657 2477/5286/1657 2478/5287/1657 2712/5285/1657
f 2477/5286/1658 2705/5288/1658 2706/5289/1658 2478/5287/1658
f 2705/5288/1659 2707/5290/1659 2708/5291/1659 2706/5289/1659
f 2704/5292/1660 2475/5293/1660 2476/5294/1660 2703/5295/1660
f 2475/5293/1661 2699/5296/1662 2700/5297/1662 2476/5294/1661
f 2699/5296/1662 2701/5298/1663 2702/5299/1663 2700/5297/1662
f 2701/5298/1663 2695/5300/1664 2696/5301/1664 2702/5299/1663
f 2695/5300/1665 2697/5302/1665 2698/5303/1665 2696/5301/1665
f 2697/5302/1666 2691/5304/1666 2692/5305/1666 2698/5303/1666
f 2691/5304/1667 2693/5306/1667 2694/5307/1667 2692/5305/1667
f 2693/5306/1668 2687/5308/1668 2688/5309/1668 2694/5307/1668
f 2687/5308/1669 2689/5310/1669 2690/5311/1669 2688/5309/1669
f 2689/5310/1670 2683/5312/1670 2684/5313/1670 2690/5311/1670
f 2683/5312/1671 2685/5314/1671 2686/5315/1671 2684/5313/1671
f 2685/5314/1672 2473/5316/1672 2474/5317/1672 2686/5315/1672
f 2726/5318/1673 2704/5292/1673 2703/5295/1673 2725/5319/1673
f 2707/5290/1674 2729/5320/1674 2730/5321/1674 2708/5291/1674
f 2729/5320/1675 2727/5322/1675 2728/5323/1675 2730/5321/1675
f 2727/5322/1676 2726/5318/1676 2725/5319/1676 2728/5323/1676
f 2473/5316/1677 2743/5324/1677 2744/5325/1677 2474/5317/1677
f 2743/5324/1678 2745/5326/1678 2746/5327/1678 2744/5325/1678
f 2745/5326/1679 2739/5328/1679 2740/5329/1679 2746/5327/1679
f 2739/5328/1680 2741/5330/1680 2742/5331/1680 2740/5329/1680
f 2741/5330/1681 2735/5332/1681 2736/5333/1681 2742/5331/1681
f 2735/5332/1682 2737/5334/1682 2738/5335/1682 2736/5333/1682
f 2737/5334/1683 2731/5336/1683 2732/5337/1683 2738/5335/1683
f 2731/5336/1684 2733/5338/1684 2734/5339/1684 2732/5337/1684
f 2733/5338/1685 2472/5138/1685 2471/5141/1685 2734/5339/1685
f 2523/5115/1686 2747/5340/1686 2748/5341/1686 2524/5116/1686
f 2747/5340/1687 2749/5342/1687 2750/5343/1687 2748/5341/1687
f 2749/5342/1688 2468/5174/1688 2467/5177/1688 2750/5343/1688
f 2441/3753/1447 2444/3752/1447 2565/5136/1447 2563/5134/1447 2569/5132/1447 2567/5129/1447 2470/5128/1447 2573/5150/1447 2571/5148/1447 2577/5146/1447 2575/5144/1447 2581/5142/1447 2579/5139/1447 2472/5138/1447 2733/5338/1447 2731/5336/1447 2737/5334/1447 2735/5332/1447 2741/5330/1447 2739/5328/1447 2745/5326/1447 2743/5324/1447 2473/5316/1447 2685/5314/1447 2683/5312/1447 2689/5310/1447 2687/5308/1447 2693/5306/1447 2691/5304/1447 2697/5302/1447 2695/5300/1447 2701/5298/1447 2699/5296/1447 2475/5293/1447 2704/5292/1447 2726/5318/1447 2727/5322/1447 2729/5320/1447 2707/5290/1447 2705/5288/1447 2477/5286/1447 2711/5284/1447 2709/5282/1447 2715/5280/1447 2713/5278/1447 2719/5276/1447 2717/5274/1447 2723/5272/1447 2721/5270/1447 2479/5268/1447 2669/5266/1447 2667/5264/1447 2673/5262/1447 2671/5260/1447 2677/5258/1447 2675/5256/1447 2681/5254/1447 2679/5252/1447 2481/5250/1447 2637/5248/1447 2635/5246/1447 2641/5244/1447 2639/5242/1447 2645/5240/1447 2643/5238/1447 2649/5236/1447 2647/5234/1447 2483/5232/1447 2653/5230/1447 2651/5228/1447 2657/5226/1447 2655/5224/1447 2485/5222/1447 2661/5220/1447 2659/5218/1447 2665/5216/1447 2663/5214/1447 2487/5212/1447 2621/5210/1447 2619/5208/1447 2625/5206/1447 2623/5204/1447 2489/5202/1447 2629/5200/1447 2627/5198/1447 2633/5196/1447 2631/5194/1447 2491/5192/1447 2617/5190/1447 2615/5188/1447 2493/5172/1447 2585/5170/1447 2583/5168/1447 2589/5166/1447 2587/5164/1447 2593/5162/1447 2591/5160/1447 2597/5158/1447 2595/5156/1447 2601/5153/1447 2600/5152/1447 2603/5186/1447 2605/5184/1447 2609/5182/1447 2607/5180/1447 2611/5178/1447 2613/5175/1447 2468/5174/1447 2749/5342/1447 2747/5340/1447 2523/5115/1447 2525/5113/1447 2529/5111/1447 2527/5109/1447 2533/5107/1447 2531/5105/1447 2537/5103/1447 2535/5101/1447 2541/5099/1447 2539/5097/1447
f 2754/5344/1689 2755/5345/1689 2756/4781/1689 2753/4864/1689
f 2762/4782/1690 2756/4781/1690 2755/5345/1690 2761/5346/1690
f 2753/4864/1691 2795/4863/1691 2796/5347/1691 2754/5344/1691
f 2795/4863/1692 2797/4862/1692 2798/5348/1692 2796/5347/1692
f 2797/4862/1693 2791/4861/1693 2792/5349/1693 2798/5348/1693
f 2791/4861/1694 2793/4860/1694 2794/5350/1694 2792/5349/1694
f 2793/4860/1695 2787/4859/1695 2788/5351/1695 2794/5350/1695
f 2787/4859/1696 2789/4858/1696 2790/5352/1696 2788/5351/1696
f 2789/4858/1697 2783/4857/1697 2784/5353/1697 2790/5352/1697
f 2783/4857/1698 2785/4856/1698 2786/5354/1698 2784/5353/1698
f 2785/4856/1699 2751/4855/1699 2752/5355/1699 2786/5354/1699
f 2751/4855/1700 2779/4854/1700 2780/5356/1700 2752/5355/1700
f 2779/4854/1701 2781/4853/1701 2782/5357/1701 2780/5356/1701
f 2781/4853/1702 2775/4852/1702 2776/5358/1702 2782/5357/1702
f 2775/4852/1703 2777/4851/1703 2778/5359/1703 2776/5358/1703
f 2777/4851/1704 2771/4850/1704 2772/5360/1704 2778/5359/1704
f 2771/4850/1705 2773/4849/1705 2774/5361/1705 2772/5360/1705
f 2773/4849/1706 2767/4848/1706 2768/5362/1706 2774/5361/1706
f 2767/4848/1707 2769/4847/1707 2770/5363/1707 2768/5362/1707
f 2769/4847/1708 2763/4846/1708 2764/5364/1708 2770/5363/1708
f 2763/4846/1709 2765/4845/1709 2766/5365/1709 2764/5364/1709
f 2765/4845/1710 2757/4802/1710 2758/5366/1710 2766/5365/1710
f 2757/4802/1711 2801/4801/1711 2802/5367/1711 2758/5366/1711
f 2801/4801/1712 2799/4800/1712 2800/5368/1712 2802/5367/1712
f 2799/4800/1713 2805/4799/1713 2806/5369/1713 2800/5368/1713
f 2805/4799/1714 2803/4798/1714 2804/5370/1714 2806/5369/1714
f 2803/4798/1715 2809/4797/1715 2810/5371/1715 2804/5370/1715
f 2809/4797/1716 2807/4796/1716 2808/5372/1716 2810/5371/1716
f 2807/4796/1717 2813/4795/1717 2814/5373/1717 2808/5372/1717
f 2813/4795/1718 2811/4794/1718 2812/5374/1718 2814/5373/1718
f 2811/4794/1719 2817/4793/1719 2818/5375/1719 2812/5374/1719
f 2817/4793/1720 2815/4792/1720 2816/5376/1720 2818/5375/1720
f 2815/4792/1721 2759/4791/1721 2760/5377/1721 2816/5376/1721
f 2759/4791/1722 2821/4790/1722 2822/5378/1722 2760/5377/1722
f 2821/4790/1723 2819/4789/1723 2820/5379/1723 2822/5378/1723
f 2819/4789/1724 2825/4788/1724 2826/5380/1724 2820/5379/1724
f 2825/4788/1725 2823/4787/1725 2824/5381/1725 2826/5380/1725
f 2823/4787/1726 2829/4786/1726 2830/5382/1726 2824/5381/1726
f 2829/4786/1727 2827/4785/1727 2828/5383/1727 2830/5382/1727
f 2827/4785/1728 2833/4784/1728 2834/5384/1728 2828/5383/1728
f 2833/4784/1729 2831/4783/1729 2832/5385/1729 2834/5384/1729
f 2831/4783/1730 2762/4782/1730 2761/5346/1730 2832/5385/1730
f 2786/4838/677 2752/5386/677 3439/5387/677 3443/4839/677
f 2840/5388/1731 2835/5389/1731 2836/4487/1731 2839/4486/1731
f 2835/5389/1732 2837/5390/1732 2838/4488/1732 2836/4487/1732
f 2837/5390/1733 2841/5391/1733 2842/4489/1733 2838/4488/1733
f 2839/4486/1734 2842/4489/1734 2841/5391/1734 3556/5392/1734 2840/5388/1734
f 2850/5393/1735 2843/5394/1735 2844/4546/1735 2849/4545/1735
f 2843/5394/1736 2845/5395/1736 2846/4547/1736 2844/4546/1736
f 2845/5395/1737 2847/5396/1737 2848/4548/1737 2846/4547/1737
f 2847/5396/1738 2850/5393/1738 2849/4545/1738 2848/4548/1738
f 2835/5397/686 2840/5398/686 3368/5399/686 3367/5400/686
f 2854/5401/1739 2855/5402/1739 2856/4541/1739 2853/4540/1739
f 2855/5402/1740 2857/5403/1740 2858/4542/1740 2856/4541/1740
f 2857/5403/1741 2851/5404/1741 2852/4539/1741 2858/4542/1741
f 2853/4540/1742 2859/5405/1742 2860/5406/1742 2854/5401/1742
f 2859/5405/1743 2861/5407/1743 2862/5408/1743 2860/5406/1743
f 2861/5407/1744 2852/4539/1744 2851/5404/1744 2862/5408/1744
f 2853/4540/1447 2852/4539/1447 2861/5407/1447 2859/5405/1447
f 2904/3854/1745 2903/5409/1745 2900/5410/1745 2899/3855/1745
f 2899/3855/1746 2900/5410/1746 2902/5411/1746 2901/3856/1746
f 2901/3856/1741 2902/5411/1741 2896/5412/1741 2895/3857/1741
f 2895/3857/1747 2896/5412/1747 2898/5413/1747 2897/3858/1747
f 2897/3858/1748 2898/5413/1748 2894/5414/1748 2893/3859/1748
f 2893/3859/1749 2894/5414/1749 2892/5415/1749 2891/3860/1749
f 2866/3964/1750 2865/5416/1750 2906/5417/1750 2905/3965/1750
f 2905/3965/1751 2906/5417/1751 2908/5418/1751 2907/3853/1751
f 2868/3957/1752 2867/5419/1752 2918/5420/1752 2917/3958/1752
f 2917/3958/1753 2918/5420/1753 2920/5421/1753 2919/3959/1753
f 2919/3959/1754 2920/5421/1754 2914/5422/1754 2913/3960/1754
f 2913/3960/1755 2914/5422/1755 2916/5423/1755 2915/3961/1755
f 2915/3961/1756 2916/5423/1756 2910/5424/1756 2909/3962/1756
f 2909/3962/1757 2910/5424/1757 2912/5425/1757 2911/3963/1757
f 2911/3963/1758 2912/5425/1758 2865/5416/1758 2866/3964/1758
f 2938/3870/1759 2937/5426/1759 2940/5427/1759 2939/3871/1759
f 2939/3871/1760 2940/5427/1760 2934/5428/1760 2933/3872/1760
f 2933/3872/1761 2934/5428/1761 2936/5429/1761 2935/3873/1761
f 2935/3873/1762 2936/5429/1762 2930/5430/1762 2929/3874/1762
f 2929/3874/1763 2930/5430/1763 2932/5431/1763 2931/3875/1763
f 2931/3875/1764 2932/5431/1764 2926/5432/1764 2925/3876/1764
f 2925/3876/1765 2926/5432/1765 2928/5433/1765 2927/3877/1765
f 2927/3877/1766 2928/5433/1766 2922/5434/1766 2921/3878/1766
f 2921/3878/1767 2922/5434/1767 2924/5435/1767 2923/3879/1767
f 2923/3879/1768 2924/5435/1768 2890/5436/1768 2889/3880/1768
f 2864/3863/1769 2863/5437/1769 2952/5438/1769 2951/3864/1769
f 2951/3864/1770 2952/5438/1770 2950/5439/1770 2949/3865/1770
f 2949/3865/1613 2950/5439/1613 2946/5440/1613 2945/3866/1613
f 2945/3866/1771 2946/5440/1771 2948/5441/1771 2947/3867/1771
f 2947/3867/1772 2948/5441/1772 2944/5442/1772 2943/3868/1772
f 2943/3868/1773 2944/5442/1773 2942/5443/1773 2941/3869/1773
f 2941/3869/1774 2942/5443/1774 2937/5426/1774 2938/3870/1774
f 2889/3880/1775 2890/5436/1775 2954/5444/1775 2953/3881/1775
f 2953/3881/1776 2954/5444/1776 2956/5445/1776 2955/3882/1776
f 2955/3882/1777 2956/5445/1777 2888/5446/1777 2887/3883/1777
f 2887/3883/1778 2888/5446/1778 2970/5447/1778 2969/3884/1778
f 2969/3884/1779 2970/5447/1779 2972/5448/1779 2971/3885/1779
f 2971/3885/1780 2972/5448/1780 2966/5449/1780 2965/3886/1780
f 2965/3886/1602 2966/5449/1602 2968/5450/1602 2967/3887/1602
f 2967/3887/1781 2968/5450/1781 2886/5451/1781 2885/3888/1781
f 2885/3888/1782 2886/5451/1782 2962/5452/1782 2961/3889/1782
f 2961/3889/1783 2962/5452/1783 2964/5453/1783 2963/3890/1783
f 2963/3890/1784 2964/5453/1784 2958/5454/1784 2957/3891/1784
f 2957/3891/1785 2958/5454/1785 2960/5455/1785 2959/3892/1785
f 2959/3892/1786 2960/5455/1786 2884/5456/1786 2883/3893/1786
f 2883/3893/1787 2884/5456/1787 3002/5457/1787 3001/3894/1787
f 3001/3894/1788 3002/5457/1788 3004/5458/1788 3003/3895/1788
f 3003/3895/1789 3004/5458/1789 2998/5459/1789 2997/3896/1789
f 2997/3896/1790 2998/5459/1790 3000/5460/1790 2999/3897/1790
f 2999/3897/1791 3000/5460/1791 2882/5461/1791 2881/3898/1791
f 2881/3898/1792 2882/5461/1792 2994/5462/1792 2993/3899/1792
f 2993/3899/1793 2994/5462/1793 2996/5463/1793 2995/3900/1793
f 2995/3900/1750 2996/5463/1750 2990/5464/1750 2989/3901/1750
f 2989/3901/1794 2990/5464/1794 2992/5465/1794 2991/3902/1794
f 2991/3902/1795 2992/5465/1795 2880/5466/1795 2879/3903/1795
f 2879/3903/1796 2880/5466/1796 2986/5467/1796 2985/3904/1796
f 2985/3904/1797 2986/5467/1797 2988/5468/1797 2987/3905/1797
f 2987/3905/1798 2988/5468/1798 2982/5469/1798 2981/3906/1798
f 2981/3906/1799 2982/5469/1799 2984/5470/1799 2983/3907/1799
f 2983/3907/1800 2984/5470/1800 2978/5471/1800 2977/3908/1800
f 2977/3908/1801 2978/5471/1801 2980/5472/1801 2979/3909/1801
f 2979/3909/1802 2980/5472/1802 2974/5473/1802 2973/3910/1802
f 2973/3910/1803 2974/5473/1803 2976/5474/1803 2975/3911/1803
f 2975/3911/1804 2976/5474/1804 2878/5475/1804 2877/3912/1804
f 2877/3912/1805 2878/5475/1805 3018/5476/1806 3017/3913/1806
f 3017/3913/1806 3018/5476/1806 3020/5477/1807 3019/3914/1807
f 3019/3914/1807 3020/5477/1807 3014/5478/1808 3013/3915/1808
f 3013/3915/1809 3014/5478/1809 3016/5479/1809 3015/3916/1809
f 3015/3916/1810 3016/5479/1810 3010/5480/1810 3009/3917/1810
f 3009/3917/1811 3010/5480/1811 3012/5481/1811 3011/3918/1811
f 3011/3918/1812 3012/5481/1812 3006/5482/1812 3005/3919/1812
f 3005/3919/1813 3006/5482/1813 3008/5483/1813 3007/3920/1813
f 3007/3920/1814 3008/5483/1814 2876/5484/1814 2875/3921/1814
f 2875/3921/1815 2876/5484/1815 3060/5485/1816 3059/3922/1816
f 3059/3922/1816 3060/5485/1816 3062/5486/1817 3061/3923/1817
f 3061/3923/1817 3062/5486/1817 3056/5487/1818 3055/3924/1818
f 3055/3924/1819 3056/5487/1819 3058/5488/1819 3057/3925/1819
f 3057/3925/1820 3058/5488/1820 3052/5489/1820 3051/3926/1820
f 3051/3926/1821 3052/5489/1821 3054/5490/1821 3053/3927/1821
f 3053/3927/1822 3054/5490/1822 3048/5491/1822 3047/3928/1822
f 3047/3928/1823 3048/5491/1823 3050/5492/1823 3049/3929/1823
f 3049/3929/1824 3050/5492/1824 2874/5493/1824 2873/3930/1824
f 2873/3930/1825 2874/5493/1825 3044/5494/1825 3043/3931/1825
f 3043/3931/1826 3044/5494/1826 3046/5495/1826 3045/3932/1826
f 3042/3936/1827 3041/5496/1827 2872/5497/1827 2871/3937/1827
f 2871/3937/1828 2872/5497/1828 3038/5498/1829 3037/3938/1829
f 3037/3938/1829 3038/5498/1829 3040/5499/1830 3039/3939/1830
f 3039/3939/1830 3040/5499/1830 3034/5500/1831 3033/3940/1831
f 3033/3940/1832 3034/5500/1832 3036/5501/1832 3035/3941/1832
f 3035/3941/1833 3036/5501/1833 3030/5502/1833 3029/3942/1833
f 3029/3942/1834 3030/5502/1834 3032/5503/1834 3031/3943/1834
f 3031/3943/1835 3032/5503/1835 3026/5504/1835 3025/3944/1835
f 3025/3944/1836 3026/5504/1836 3028/5505/1836 3027/3945/1836
f 3027/3945/1837 3028/5505/1837 3022/5506/1837 3021/3946/1837
f 3021/3946/1838 3022/5506/1838 3024/5507/1838 3023/3947/1838
f 3023/3947/1839 3024/5507/1839 2870/5508/1839 2869/3948/1839
f 3064/3935/1840 3063/5509/1840 3041/5496/1840 3042/3936/1840
f 3045/3932/1841 3046/5495/1841 3068/5510/1841 3067/3933/1841
f 3067/3933/1842 3068/5510/1842 3066/5511/1842 3065/3934/1842
f 3065/3934/1843 3066/5511/1843 3063/5509/1843 3064/3935/1843
f 2869/3948/1844 2870/5508/1844 3082/5512/1844 3081/3949/1844
f 3081/3949/1845 3082/5512/1845 3084/5513/1845 3083/3950/1845
f 3083/3950/1846 3084/5513/1846 3078/5514/1846 3077/3951/1846
f 3077/3951/1847 3078/5514/1847 3080/5515/1847 3079/3952/1847
f 3079/3952/1848 3080/5515/1848 3074/5516/1848 3073/3953/1848
f 3073/3953/1849 3074/5516/1849 3076/5517/1849 3075/3954/1849
f 3075/3954/1850 3076/5517/1850 3070/5518/1850 3069/3955/1850
f 3069/3955/1851 3070/5518/1851 3072/5519/1851 3071/3956/1851
f 3071/3956/1852 3072/5519/1852 2867/5419/1852 2868/3957/1852
f 2891/3860/1853 2892/5415/1853 3086/5520/1853 3085/3861/1853
f 3085/3861/1854 3086/5520/1854 3088/5521/1854 3087/3862/1854
f 3087/3862/1855 3088/5521/1855 2863/5437/1855 2864/3863/1855
f 2903/5409/1856 2904/3854/1856 2907/3853/1856 2908/5418/1856
f 2863/5522/806 3218/5523/806 3217/3983/806 2952/3982/806
f 3115/5524/1447 3125/5525/1447 3132/5526/1447 3139/5527/1447 3146/5528/1447 3089/5529/1447 3090/5530/1447 3103/5531/1447 3110/5532/1447 3508/5533/1447 3506/5534/1447 3509/5535/1447 3512/5536/1447 3513/5537/1447 3511/5538/1447 3510/5539/1447 3433/5540/1447 3432/5541/1447 3431/5542/1447 3434/5543/1447 3435/5544/1447 3438/5545/1447 3437/5546/1447 3442/5547/1447 3354/5548/1447 3356/5549/1447 3367/5550/1447 3368/5551/1447 3369/5552/1447 3366/5553/1447 3365/5554/1447 3464/5555/1447 3463/5556/1447 3462/5557/1447 3454/5558/1447 3450/5559/1447 3451/5560/1447 3443/5561/1447 3439/5562/1447 3440/5563/1447 3447/5564/1447 3444/5565/1447 3452/5566/1447 3445/5567/1447 3449/5568/1447 3448/5569/1447 3446/5570/1447 3453/5571/1447 3460/5572/1447 3461/5573/1447 3459/5574/1447 3458/5575/1447 3457/5576/1447 3455/5577/1447 3456/5578/1447 3514/5579/1447 3530/5580/1447 3529/5581/1447 3528/5582/1447 3527/5583/1447 3525/5584/1447 3533/5585/1447 3546/5586/1447 3542/5587/1447 3543/5588/1447 3537/5589/1447 3540/5590/1447 3539/5591/1447 3544/5592/1447 3554/5593/1447 3551/5594/1447 3552/5595/1447 3548/5596/1447 3114/5597/1447
f 3152/5598/1447 3101/5599/1447 3102/5600/1447 3109/5601/1447 3118/5602/1447 3126/5603/1447 3133/5604/1447 3140/5605/1447 3147/5606/1447 3091/5607/1447 3092/5608/1447 3104/5609/1447 3111/5610/1447 3120/5611/1447 3128/5612/1447 3135/5613/1447 3142/5614/1447 3415/5615/1447 3416/5616/1447 3324/5617/1447 3325/5618/1447 3327/5619/1447 3328/5620/1447 3332/5621/1447 3317/5622/1447 3315/5623/1447 3323/5624/1447 3320/5625/1447 3318/5626/1447 3330/5627/1447 3329/5628/1447 3326/5629/1447 3254/5630/1447 3253/5631/1447 3256/5632/1447 3255/5633/1447 3251/5634/1447 3252/5635/1447 3248/5636/1447 3249/5637/1447 3250/5638/1447 3331/5639/1447 3314/5640/1447 3316/5641/1447 3321/5642/1447 3319/5643/1447 3245/5644/1447 3244/5645/1447 3246/5646/1447 3247/5647/1447 3243/5648/1447 3231/5649/1447 3232/5650/1447 3237/5651/1447 3322/5652/1447 3239/5653/1447 3236/5654/1447 3234/5655/1447 3235/5656/1447 3233/5657/1447 3238/5658/1447 3240/5659/1447 3241/5660/1447 3242/5661/1447 3226/5662/1447 3225/5663/1447 3221/5664/1447 3223/5665/1447 3224/5666/1447 3229/5667/1447 3304/5668/1447 3309/5669/1447 3311/5670/1447 3307/5671/1447 3308/5672/1447 3230/5673/1447 3227/5674/1447 3228/5675/1447 3222/5676/1447 3220/5677/1447 3219/5678/1447 3214/5679/1447 3215/5680/1447 3217/5681/1447 3218/5682/1447 3212/5683/1447 3199/5684/1447
f 3110/5532/1447 3119/5685/1447 3127/5686/1447 3134/5687/1447 3141/5688/1447 3148/5689/1447 3093/5690/1447 3094/5691/1447 3336/5692/1447 3339/5693/1447 3341/5694/1447 3342/5695/1447 3343/5696/1447 3344/5697/1447 3353/5698/1447 3352/5699/1447 3351/5700/1447 3349/5701/1447 3350/5702/1447 3340/5703/1447 3338/5704/1447 3335/5705/1447 3334/5706/1447 3333/5707/1447 3429/5708/1447 3424/5709/1447 3427/5710/1447 3426/5711/1447 3428/5712/1447 3430/5713/1447 3346/5714/1447 3345/5715/1447 3347/5716/1447 3348/5717/1447 3362/5718/1447 3363/5719/1447 3282/5720/1447 3277/5721/1447 3281/5722/1447 3278/5723/1447 3279/5724/1447 3280/5725/1447 3286/5726/1447 3287/5727/1447 3288/5728/1447 3377/5729/1447 3376/5730/1447 3375/5731/1447 3372/5732/1447 3370/5733/1447 3367/5550/1447 3356/5549/1447 3357/5734/1447 3371/5735/1447 3373/5736/1447 3374/5737/1447 3364/5738/1447 3360/5739/1447 3361/5740/1447 3359/5741/1447 3358/5742/1447 3355/5743/1447 3441/5744/1447 3425/5745/1447 3423/5746/1447 3421/5747/1447 3422/5748/1447 3436/5749/1447 3507/5750/1447 3508/5533/1447
f 3142/5614/1447 3149/5751/1447 3095/5752/1447 3096/5753/1447 3106/5754/1447 3113/5755/1447 3122/5756/1447 3130/5757/1447 3522/5758/1447 3523/5759/1447 3494/5760/1447 3495/5761/1447 3496/5762/1447 3497/5763/1447 3498/5764/1447 3504/5765/1447 3393/5766/1447 3390/5767/1447 3395/5768/1447 3396/5769/1447 3398/5770/1447 3388/5771/1447 3387/5772/1447 3296/5773/1447 3295/5774/1447 3289/5775/1447 3297/5776/1447 3213/5777/1447 3212/5683/1447 3218/5682/1447 3216/5778/1447 3211/5779/1447 3210/5780/1447 3208/5781/1447 3207/5782/1447 3209/5783/1447 3205/5784/1447 3206/5785/1447 3299/5786/1447 3300/5787/1447 3298/5788/1447 3302/5789/1447 3303/5790/1447 3310/5791/1447 3312/5792/1447 3305/5793/1447 3306/5794/1447 3313/5795/1447 3400/5796/1447 3397/5797/1447 3399/5798/1447 3403/5799/1447 3402/5800/1447 3401/5801/1447 3505/5802/1447 3502/5803/1447 3501/5804/1447 3500/5805/1447 3499/5806/1447 3503/5807/1447 3412/5808/1447 3411/5809/1447 3413/5810/1447 3414/5811/1447 3405/5812/1447 3404/5813/1447 3406/5814/1447 3407/5815/1447 3409/5816/1447 3408/5817/1447 3410/5818/1447 3420/5819/1447 3419/5820/1447 3418/5821/1447 3417/5822/1447 3415/5615/1447
f 3369/5552/1447 3375/5731/1447 3385/5823/1447 3380/5824/1447
f 3130/5757/1447 3137/5825/1447 3144/5826/1447 3151/5827/1447 3099/5828/1447 3100/5829/1447 3108/5830/1447 3117/5831/1447 3124/5832/1447 3114/5597/1447 3548/5596/1447 3550/5833/1447 3553/5834/1447 3547/5835/1447 3541/5836/1447 3535/5837/1447 3536/5838/1447 3549/5839/1447 3545/5840/1447 3538/5841/1447 3534/5842/1447 3533/5585/1447 3525/5584/1447 3524/5843/1447 3526/5844/1447 3531/5845/1447 3532/5846/1447 3518/5847/1447 3466/5848/1447 3465/5849/1447 3467/5850/1447 3468/5851/1447 3459/5574/1447 3461/5573/1447 3471/5852/1447 3470/5853/1447 3469/5854/1447 3481/5855/1447 3482/5856/1447 3483/5857/1447 3484/5858/1447 3476/5859/1447 3480/5860/1447 3492/5861/1447 3493/5862/1447 3487/5863/1447 3485/5864/1447 3486/5865/1447 3472/5866/1447 3473/5867/1447 3474/5868/1447 3475/5869/1447 3378/5870/1447 3379/5871/1447 3369/5552/1447 3380/5824/1447 3381/5872/1447 3392/5873/1447 3391/5874/1447 3389/5875/1447 3491/5876/1447 3490/5877/1447 3489/5878/1447 3488/5879/1447 3477/5880/1447 3479/5881/1447 3478/5882/1447 3519/5883/1447 3520/5884/1447 3517/5885/1447 3516/5886/1447 3515/5887/1447 3521/5888/1447 3522/5758/1447
f 3555/5889/1447 3198/5890/1447 3290/5891/1447 3289/5775/1447 3295/5774/1447 3301/5892/1447 3291/5893/1447 3292/5894/1447 3293/5895/1447 3192/5896/1447 3193/5897/1447 3191/5898/1447 3194/5899/1447 3195/5900/1447 3196/5901/1447 3200/5902/1447 3202/5903/1447 3204/5904/1447
f 3375/5731/1447 3386/5905/1447 3384/5906/1447 3383/5907/1447 3394/5908/1447 3392/5873/1447 3381/5872/1447 3382/5909/1447 3385/5823/1447
f 3368/4502/240 3556/4501/240 2841/4494/240 3372/4497/240
f 3368/5551/1447 3372/5732/1447 3375/5731/1447 3369/5552/1447
f 3094/5691/1447 3105/5910/1447 3112/5911/1447 3121/5912/1447 3129/5913/1447 3136/5914/1447 3143/5915/1447 3150/5916/1447 3097/5917/1447 3098/5918/1447 3107/5919/1447 3116/5920/1447 3123/5921/1447 3131/5922/1447 3138/5923/1447 3145/5924/1447 3152/5598/1447 3199/5684/1447 3555/5889/1447 3204/5904/1447 3203/5925/1447 3201/5926/1447 3197/5927/1447 3186/5928/1447 3182/5929/1447 3180/5930/1447 3187/5931/1447 3184/5932/1447 3181/5933/1447 3294/5934/1447 3285/5935/1447 3276/5936/1447 3283/5937/1447 3284/5938/1447 3189/5939/1447 3188/5940/1447 3185/5941/1447 3183/5942/1447 3190/5943/1447 3179/5944/1447 3172/5945/1447 3167/5946/1447 3170/5947/1447 3177/5948/1447 3171/5949/1447 3174/5950/1447 3176/5951/1447 3175/5952/1447 3168/5953/1447 3270/5954/1447 3169/5955/1447 3173/5956/1447 3166/5957/1447 3162/5958/1447 3161/5959/1447 3164/5960/1447 3165/5961/1447 3178/5962/1447 3269/5963/1447 3268/5964/1447 3273/5965/1447 3271/5966/1447 3265/5967/1447 3163/5968/1447 3160/5969/1447 3159/5970/1447 3158/5971/1447 3153/5972/1447 3154/5973/1447 3155/5974/1447 3156/5975/1447 3157/5976/1447 3258/5977/1447 3261/5978/1447 3259/5979/1447 3260/5980/1447 3272/5981/1447 3274/5982/1447 3275/5983/1447 3267/5984/1447 3257/5985/1447 3262/5986/1447 3263/5987/1447 3266/5988/1447 3264/5989/1447 3337/5990/1447 3336/5692/1447
f 2163/3478/1447 3114/5597/1447 3124/5832/1447 2165/3594/1447 2164/3588/1447
f 2289/3466/1447 3115/5524/1447 3114/5597/1447 2163/3478/1447 2290/3472/1447
f 2287/3459/1447 3125/5525/1447 3115/5524/1447 2289/3466/1447 2288/3460/1447
f 2285/3698/1447 3132/5526/1447 3125/5525/1447 2287/3459/1447 2286/3704/1447
f 2283/3686/1447 3139/5527/1447 3132/5526/1447 2285/3698/1447 2284/3692/1447
f 2281/3674/1447 3146/5528/1447 3139/5527/1447 2283/3686/1447 2282/3680/1447
f 2279/3662/1447 3089/5529/1447 3146/5528/1447 2281/3674/1447 2280/3668/1447
f 2277/3650/1447 3090/5530/1447 3089/5529/1447 2279/3662/1447 2278/3656/1447
f 2275/3638/1447 3103/5531/1447 3090/5530/1447 2277/3650/1447 2276/3644/1447
f 2273/3626/1447 3110/5532/1447 3103/5531/1447 2275/3638/1447 2274/3632/1447
f 2271/3614/1447 3119/5685/1447 3110/5532/1447 2273/3626/1447 2272/3620/1447
f 2269/3602/1447 3127/5686/1447 3119/5685/1447 2271/3614/1447 2270/3608/1447
f 2267/3590/1447 3134/5687/1447 3127/5686/1447 2269/3602/1447 2268/3596/1447
f 2265/3580/1447 3141/5688/1447 3134/5687/1447 2267/3590/1447 2266/3584/1447
f 2263/3572/1447 3148/5689/1447 3141/5688/1447 2265/3580/1447 2264/3576/1447
f 2261/3564/1447 3093/5690/1447 3148/5689/1447 2263/3572/1447 2262/3568/1447
f 2259/3556/1447 3094/5691/1447 3093/5690/1447 2261/3564/1447 2260/3560/1447
f 2257/3548/1447 3105/5910/1447 3094/5691/1447 2259/3556/1447 2258/3552/1447
f 2255/3540/1447 3112/5911/1447 3105/5910/1447 2257/3548/1447 2256/3544/1447
f 2253/3532/1447 3121/5912/1447 3112/5911/1447 2255/3540/1447 2254/3536/1447
f 2251/3524/1447 3129/5913/1447 3121/5912/1447 2253/3532/1447 2252/3528/1447
f 2249/3516/1447 3136/5914/1447 3129/5913/1447 2251/3524/1447 2250/3520/1447
f 2247/3508/1447 3143/5915/1447 3136/5914/1447 2249/3516/1447 2248/3512/1447
f 2245/3500/1447 3150/5916/1447 3143/5915/1447 2247/3508/1447 2246/3504/1447
f 2243/3492/1447 3097/5917/1447 3150/5916/1447 2245/3500/1447 2244/3496/1447
f 2241/3484/1447 3098/5918/1447 3097/5917/1447 2243/3492/1447 2242/3488/1447
f 2239/3474/1447 3107/5919/1447 3098/5918/1447 2241/3484/1447 2240/3480/1447
f 2237/3462/1447 3116/5920/1447 3107/5919/1447 2239/3474/1447 2238/3468/1447
f 2235/3451/1447 3123/5921/1447 3116/5920/1447 2237/3462/1447 2236/3452/1447
f 2233/3694/1447 3131/5922/1447 3123/5921/1447 2235/3451/1447 2234/3700/1447
f 2231/3682/1447 3138/5923/1447 3131/5922/1447 2233/3694/1447 2232/3688/1447
f 2229/3670/1447 3145/5924/1447 3138/5923/1447 2231/3682/1447 2230/3676/1447
f 2227/3658/1447 3152/5598/1447 3145/5924/1447 2229/3670/1447 2228/3664/1447
f 2225/3646/1447 3101/5599/1447 3152/5598/1447 2227/3658/1447 2226/3652/1447
f 2223/3634/1447 3102/5600/1447 3101/5599/1447 2225/3646/1447 2224/3640/1447
f 2221/3622/1447 3109/5601/1447 3102/5600/1447 2223/3634/1447 2222/3628/1447
f 2219/3610/1447 3118/5602/1447 3109/5601/1447 2221/3622/1447 2220/3616/1447
f 2217/3598/1447 3126/5603/1447 3118/5602/1447 2219/3610/1447 2218/3604/1447
f 2215/3586/1447 3133/5604/1447 3126/5603/1447 2217/3598/1447 2216/3592/1447
f 2213/3578/1447 3140/5605/1447 3133/5604/1447 2215/3586/1447 2214/3582/1447
f 2211/3570/1447 3147/5606/1447 3140/5605/1447 2213/3578/1447 2212/3574/1447
f 2209/3562/1447 3091/5607/1447 3147/5606/1447 2211/3570/1447 2210/3566/1447
f 2207/3554/1447 3092/5608/1447 3091/5607/1447 2209/3562/1447 2208/3558/1447
f 2205/3546/1447 3104/5609/1447 3092/5608/1447 2207/3554/1447 2206/3550/1447
f 2203/3538/1447 3111/5610/1447 3104/5609/1447 2205/3546/1447 2204/3542/1447
f 2201/3530/1447 3120/5611/1447 3111/5610/1447 2203/3538/1447 2202/3534/1447
f 2199/3522/1447 3128/5612/1447 3120/5611/1447 2201/3530/1447 2200/3526/1447
f 2197/3514/1447 3135/5613/1447 3128/5612/1447 2199/3522/1447 2198/3518/1447
f 2195/3506/1447 3142/5614/1447 3135/5613/1447 2197/3514/1447 2196/3510/1447
f 2193/3498/1447 3149/5751/1447 3142/5614/1447 2195/3506/1447 2194/3502/1447
f 2191/3490/1447 3095/5752/1447 3149/5751/1447 2193/3498/1447 2192/3494/1447
f 2189/3482/1447 3096/5753/1447 3095/5752/1447 2191/3490/1447 2190/3486/1447
f 2187/3470/1447 3106/5754/1447 3096/5753/1447 2189/3482/1447 2188/3476/1447
f 2185/3456/1447 3113/5755/1447 3106/5754/1447 2187/3470/1447 2186/3464/1447
f 2183/3702/1447 3122/5756/1447 3113/5755/1447 2185/3456/1447 2184/3455/1447
f 2181/3690/1447 3130/5757/1447 3122/5756/1447 2183/3702/1447 2182/3696/1447
f 2179/3678/1447 3137/5825/1447 3130/5757/1447 2181/3690/1447 2180/3684/1447
f 2177/3666/1447 3144/5826/1447 3137/5825/1447 2179/3678/1447 2178/3672/1447
f 2175/3654/1447 3151/5827/1447 3144/5826/1447 2177/3666/1447 2176/3660/1447
f 2173/3642/1447 3099/5828/1447 3151/5827/1447 2175/3654/1447 2174/3648/1447
f 2171/3630/1447 3100/5829/1447 3099/5828/1447 2173/3642/1447 2172/3636/1447
f 2169/3618/1447 3108/5830/1447 3100/5829/1447 2171/3630/1447 2170/3624/1447
f 2167/3606/1447 3117/5831/1447 3108/5830/1447 2169/3618/1447 2168/3612/1447
f 2165/3594/1447 3124/5832/1447 3117/5831/1447 2167/3606/1447 2166/3600/1447
f 4441/5991/807 3938/2545/807 3937/2544/807 4437/5992/807
f 4029/5993/808 3835/2549/808 3834/2548/808 4025/5994/808
f 4233/5995/809 3886/2553/809 3885/2552/809 4229/5996/809
f 4437/5992/810 3937/2544/810 3936/2555/810 4433/5997/810
f 4025/5994/811 3834/2548/811 3833/2557/811 4021/5998/811
f 4229/5996/812 3885/2552/812 3884/2559/812 4225/5999/812
f 4433/5997/813 3936/2555/813 3935/2561/813 4429/6000/813
f 4021/5998/814 3833/2557/814 3832/2563/814 4017/6001/814
f 4225/5999/815 3884/2559/815 3883/2565/815 4221/6002/815
f 4429/6000/816 3935/2561/816 3934/2567/816 4425/6003/816
f 4017/6001/817 3832/2563/817 3831/2569/817 4013/6004/817
f 4221/6002/818 3883/2565/818 3882/2571/818 4217/6005/818
f 4425/6003/819 3934/2567/819 3933/2573/819 4421/6006/819
f 4013/6004/820 3831/2569/820 3830/2575/820 4009/6007/820
f 4217/6005/821 3882/2571/821 3881/2577/821 4213/6008/821
f 4421/6006/822 3933/2573/822 3932/2579/822 4417/6009/822
f 4009/6007/823 3830/2575/823 3829/2581/823 4005/6010/823
f 4213/6008/824 3881/2577/824 3880/2583/824 4209/6011/824
f 4417/6009/825 3932/2579/825 3931/2585/825 4413/6012/825
f 4005/6010/826 3829/2581/826 3828/2587/826 4001/6013/826
f 4209/6011/827 3880/2583/827 3879/2589/827 4205/6014/827
f 4413/6012/828 3931/2585/828 3930/2591/828 4409/6015/828
f 4001/6013/829 3828/2587/829 3827/2593/829 3997/6016/829
f 4205/6014/830 3879/2589/830 3878/2595/830 4201/6017/830
f 4409/6015/831 3930/2591/831 3929/2597/831 4405/6018/831
f 3997/6016/832 3827/2593/832 3826/2599/832 3993/6019/832
f 4201/6017/833 3878/2595/833 3877/2601/833 4197/6020/833
f 4405/6018/834 3929/2597/834 3928/2603/834 4401/6021/834
f 3993/6019/835 3826/2599/835 3825/2605/835 3989/6022/835
f 4197/6020/836 3877/2601/836 3876/2607/836 4193/6023/836
f 4401/6021/837 3928/2603/837 3927/2609/837 4397/6024/837
f 3989/6022/838 3825/2605/838 3824/2611/838 3985/6025/838
f 4193/6023/839 3876/2607/839 3875/2613/839 4189/6026/839
f 4397/6024/840 3927/2609/840 3926/2615/840 4393/6027/840
f 3985/6025/841 3824/2611/841 3823/2617/841 3981/6028/841
f 4189/6026/842 3875/2613/842 3874/2619/842 4185/6029/842
f 4393/6027/843 3926/2615/843 3925/2621/843 4389/6030/843
f 3981/6028/844 3823/2617/844 3822/2623/844 3977/6031/844
f 4185/6032/845 3874/2627/845 3873/2626/845 4181/6033/845
f 4389/6030/846 3925/2621/846 3924/2629/846 4385/6034/846
f 3977/6031/847 3822/2623/847 3821/2631/847 3973/6035/847
f 4181/6033/848 3873/2626/848 3872/2633/848 4177/6036/848
f 4385/6034/849 3924/2629/849 3923/2635/849 4381/6037/849
f 3973/6035/850 3821/2631/850 3820/2637/850 3969/6038/850
f 4177/6036/851 3872/2633/851 3871/2639/851 4173/6039/851
f 4381/6037/852 3923/2635/852 3922/2641/852 4377/6040/852
f 3969/6038/853 3820/2637/853 3819/2643/853 3965/6041/853
f 4173/6039/854 3871/2639/854 3870/2645/854 4169/6042/854
f 4377/6040/855 3922/2641/855 3921/2647/855 4373/6043/855
f 3965/6041/856 3819/2643/856 3818/2649/856 3961/6044/856
f 4169/6042/857 3870/2645/857 3869/2651/857 4165/6045/857
f 4373/6043/858 3921/2647/858 3920/2653/858 4369/6046/858
f 3961/6044/859 3818/2649/859 3817/2655/859 3957/6047/859
f 4165/6045/860 3869/2651/860 3868/2657/860 4161/6048/860
f 4369/6046/861 3920/2653/861 3919/2659/861 4365/6049/861
f 3957/6047/862 3817/2655/862 3816/2661/862 3953/6050/862
f 4161/6048/863 3868/2657/863 3867/2663/863 4157/6051/863
f 4365/6049/864 3919/2659/864 3918/2665/864 4361/6052/864
f 3953/6050/865 3816/2661/865 3815/2667/865 3949/6053/865
f 4157/6051/866 3867/2663/866 3866/2669/866 4153/6054/866
f 4361/6052/867 3918/2665/867 3917/2671/867 4357/6055/867
f 3942/6056/868 3813/2675/868 3940/2674/868 4449/6057/868
f 4153/6054/869 3866/2669/869 3865/2677/869 4149/6058/869
f 4357/6055/870 3917/2671/870 3916/2679/870 4353/6059/870
f 4149/6058/871 3865/2677/871 3864/2681/871 4145/6060/871
f 4353/6059/872 3916/2679/872 3915/2683/872 4349/6061/872
f 4145/6060/873 3864/2681/873 3863/2685/873 4141/6062/873
f 4349/6061/874 3915/2683/874 3914/2687/874 4345/6063/874
f 4141/6062/875 3863/2685/875 3862/2689/875 4137/6064/875
f 4345/6063/876 3914/2687/876 3913/2691/876 4341/6065/876
f 4137/6064/877 3862/2689/877 3861/2693/877 4133/6066/877
f 4341/6065/878 3913/2691/878 3912/2695/878 4337/6067/878
f 4133/6066/879 3861/2693/879 3860/2697/879 4129/6068/879
f 4337/6067/880 3912/2695/880 3911/2699/880 4333/6069/880
f 4129/6068/881 3860/2697/881 3859/2701/881 4125/6070/881
f 4333/6069/882 3911/2699/882 3910/2703/882 4329/6071/882
f 4125/6070/883 3859/2701/883 3858/2705/883 4121/6072/883
f 4329/6071/884 3910/2703/884 3909/2707/884 4325/6073/884
f 4121/6072/885 3858/2705/885 3857/2709/885 4117/6074/885
f 4325/6073/886 3909/2707/886 3908/2711/886 4321/6075/886
f 4117/6074/887 3857/2709/887 3856/2713/887 4113/6076/887
f 4321/6075/888 3908/2711/888 3907/2715/888 4317/6077/888
f 4113/6076/889 3856/2713/889 3855/2717/889 4109/6078/889
f 4317/6079/890 3907/2721/890 3906/2720/890 4313/6080/890
f 4109/6078/891 3855/2717/891 3854/2723/891 4105/6081/891
f 4313/6080/892 3906/2720/892 3905/2725/892 4309/6082/892
f 4105/6081/893 3854/2723/893 3853/2727/893 4101/6083/893
f 4309/6082/894 3905/2725/894 3904/2729/894 4305/6084/894
f 4101/6083/895 3853/2727/895 3852/2731/895 4097/6085/895
f 4305/6084/896 3904/2729/896 3903/2733/896 4301/6086/896
f 4097/6085/897 3852/2731/897 3851/2735/897 4093/6087/897
f 4301/6086/898 3903/2733/898 3902/2737/898 4297/6088/898
f 4093/6087/899 3851/2735/899 3850/2739/899 4089/6089/899
f 4297/6088/900 3902/2737/900 3901/2741/900 4293/6090/900
f 4089/6089/901 3850/2739/901 3849/2743/901 4085/6091/901
f 4293/6090/902 3901/2741/902 3900/2745/902 4289/6092/902
f 4085/6091/903 3849/2743/903 3848/2747/903 4081/6093/903
f 4289/6092/904 3900/2745/904 3899/2749/904 4285/6094/904
f 4081/6093/905 3848/2747/905 3847/2751/905 4077/6095/905
f 4285/6094/906 3899/2749/906 3898/2753/906 4281/6096/906
f 4077/6095/907 3847/2751/907 3846/2755/907 4073/6097/907
f 4281/6096/908 3898/2753/908 3897/2757/908 4277/6098/908
f 4073/6097/909 3846/2755/909 3845/2759/909 4069/6099/909
f 4277/6098/910 3897/2757/910 3896/2761/910 4273/6100/910
f 4069/6099/911 3845/2759/911 3844/2763/911 4065/6101/911
f 4273/6100/912 3896/2761/912 3895/2765/912 4269/6102/912
f 4065/6101/913 3844/2763/913 3843/2767/913 4061/6103/913
f 4269/6102/914 3895/2765/914 3894/2769/914 4265/6104/914
f 4061/6103/915 3843/2767/915 3842/2771/915 4057/6105/915
f 4265/6104/916 3894/2769/916 3893/2773/916 4261/6106/916
f 4057/6107/917 3842/2777/917 3841/2776/917 4053/6108/917
f 4261/6106/918 3893/2773/918 3892/2779/918 4257/6109/918
f 4053/6108/919 3841/2776/919 3840/2781/919 4049/6110/919
f 4257/6109/920 3892/2779/920 3891/2783/920 4253/6111/920
f 4049/6110/921 3840/2781/921 3839/2785/921 4045/6112/921
f 4253/6111/922 3891/2783/922 3890/2787/922 4249/6113/922
f 3949/6053/923 3815/2667/923 3814/2789/923 3945/6114/923
f 4045/6112/924 3839/2785/924 3838/2791/924 4041/6115/924
f 4249/6113/925 3890/2787/925 3889/2793/925 4245/6116/925
f 4041/6115/926 3838/2791/926 3837/2795/926 4037/6117/926
f 4245/6116/927 3889/2793/927 3888/2797/927 4241/6118/927
f 4449/6057/928 3940/2674/928 3939/2799/928 4445/6119/928
f 4037/6117/929 3837/2795/929 3836/2801/929 4033/6120/929
f 4241/6118/930 3888/2797/930 3887/2803/930 4237/6121/930
f 4445/6119/931 3939/2799/931 3938/2805/931 4441/6122/931
f 4033/6120/932 3836/2801/932 3835/2549/932 4029/5993/932
f 4237/6121/933 3887/2803/933 3886/2553/933 4233/5995/933
f 3684/6123/1857 3809/3705/1857 3812/3458/1857 3561/6124/1857
f 3683/6125/1858 3808/3703/1858 3811/3454/1858 3559/6126/1858
f 3682/6127/1859 3807/3701/1859 3810/3450/1859 3557/6128/1859
f 3681/6129/1860 3806/3699/1860 3809/3705/1860 3684/6123/1860
f 3680/6130/1861 3805/3697/1861 3808/3703/1861 3683/6125/1861
f 3679/6131/1862 3804/3695/1862 3807/3701/1862 3682/6127/1862
f 3678/6132/1863 3803/3693/1863 3806/3699/1863 3681/6129/1863
f 3677/6133/1864 3802/3691/1864 3805/3697/1864 3680/6130/1864
f 3676/6134/1865 3801/3689/1865 3804/3695/1865 3679/6131/1865
f 3675/6135/1866 3800/3687/1866 3803/3693/1866 3678/6132/1866
f 3674/6136/1867 3799/3685/1867 3802/3691/1867 3677/6133/1867
f 3673/6137/1868 3798/3683/1868 3801/3689/1868 3676/6134/1868
f 3672/6138/1869 3797/3681/1869 3800/3687/1869 3675/6135/1869
f 3671/6139/1870 3796/3679/1870 3799/3685/1870 3674/6136/1870
f 3670/6140/1871 3795/3677/1871 3798/3683/1871 3673/6137/1871
f 3669/6141/1872 3794/3675/1872 3797/3681/1872 3672/6138/1872
f 3668/6142/1873 3793/3673/1873 3796/3679/1873 3671/6139/1873
f 3667/6143/1874 3792/3671/1874 3795/3677/1874 3670/6140/1874
f 3666/6144/1875 3791/3669/1875 3794/3675/1875 3669/6141/1875
f 3665/6145/1876 3790/3667/1876 3793/3673/1876 3668/6142/1876
f 3664/6146/1877 3789/3665/1877 3792/3671/1877 3667/6143/1877
f 3663/6147/1878 3788/3663/1878 3791/3669/1878 3666/6144/1878
f 3662/6148/1879 3787/3661/1879 3790/3667/1879 3665/6145/1879
f 3661/6149/1880 3786/3659/1880 3789/3665/1880 3664/6146/1880
f 3660/6150/1881 3785/3657/1881 3788/3663/1881 3663/6147/1881
f 3659/6151/1882 3784/3655/1882 3787/3661/1882 3662/6148/1882
f 3658/6152/1883 3783/3653/1883 3786/3659/1883 3661/6149/1883
f 3657/6153/1884 3782/3651/1884 3785/3657/1884 3660/6150/1884
f 3656/6154/1885 3781/3649/1885 3784/3655/1885 3659/6151/1885
f 3655/6155/1886 3780/3647/1886 3783/3653/1886 3658/6152/1886
f 3654/6156/1887 3779/3645/1887 3782/3651/1887 3657/6153/1887
f 3653/6157/1888 3778/3643/1888 3781/3649/1888 3656/6154/1888
f 3652/6158/1889 3777/3641/1889 3780/3647/1889 3655/6155/1889
f 3651/6159/1890 3776/3639/1890 3779/3645/1890 3654/6156/1890
f 3650/6160/1891 3775/3637/1891 3778/3643/1891 3653/6157/1891
f 3649/6161/1892 3774/3635/1892 3777/3641/1892 3652/6158/1892
f 3648/6162/1893 3773/3633/1893 3776/3639/1893 3651/6159/1893
f 3647/6163/1894 3772/3631/1894 3775/3637/1894 3650/6160/1894
f 3646/6164/1895 3771/3629/1895 3774/3635/1895 3649/6161/1895
f 3645/6165/1896 3770/3627/1896 3773/3633/1896 3648/6162/1896
f 3644/6166/1897 3769/3625/1897 3772/3631/1897 3647/6163/1897
f 3643/6167/1898 3768/3623/1898 3771/3629/1898 3646/6164/1898
f 3642/6168/1899 3767/3621/1899 3770/3627/1899 3645/6165/1899
f 3641/6169/1900 3766/3619/1900 3769/3625/1900 3644/6166/1900
f 3640/6170/1901 3765/3617/1901 3768/3623/1901 3643/6167/1901
f 3639/6171/1902 3764/3615/1902 3767/3621/1902 3642/6168/1902
f 3638/6172/1903 3763/3613/1903 3766/3619/1903 3641/6169/1903
f 3637/6173/1904 3762/3611/1904 3765/3617/1904 3640/6170/1904
f 3636/6174/1905 3761/3609/1905 3764/3615/1905 3639/6171/1905
f 3635/6175/1906 3760/3607/1906 3763/3613/1906 3638/6172/1906
f 3634/6176/1907 3759/3605/1907 3762/3611/1907 3637/6173/1907
f 3633/6177/1908 3758/3603/1908 3761/3609/1908 3636/6174/1908
f 3632/6178/1909 3757/3601/1909 3760/3607/1909 3635/6175/1909
f 3631/6179/1910 3756/3599/1910 3759/3605/1910 3634/6176/1910
f 3630/6180/1911 3755/3597/1911 3758/3603/1911 3633/6177/1911
f 3629/6181/1912 3754/3595/1912 3757/3601/1912 3632/6178/1912
f 3628/6182/1913 3753/3593/1913 3756/3599/1913 3631/6179/1913
f 3627/6183/1914 3752/3591/1914 3755/3597/1914 3630/6180/1914
f 3626/6184/1915 3751/3589/1915 3754/3595/1915 3629/6181/1915
f 3625/6185/1916 3750/3587/1916 3753/3593/1916 3628/6182/1916
f 3624/6186/1917 3749/3585/1917 3752/3591/1917 3627/6183/1917
f 3571/6187/1918 3696/3479/1918 3751/3589/1918 3626/6184/1918
f 3623/6188/1919 3748/3583/1919 3750/3587/1919 3625/6185/1919
f 3622/6189/1920 3747/3581/1920 3749/3585/1920 3624/6186/1920
f 3621/6190/1921 3746/3579/1921 3748/3583/1921 3623/6188/1921
f 3620/6191/1922 3745/3577/1922 3747/3581/1922 3622/6189/1922
f 3619/6192/1923 3744/3575/1923 3746/3579/1923 3621/6190/1923
f 3618/6193/1924 3743/3573/1924 3745/3577/1924 3620/6191/1924
f 3617/6194/1925 3742/3571/1925 3744/3575/1925 3619/6192/1925
f 3616/6195/1926 3741/3569/1926 3743/3573/1926 3618/6193/1926
f 3615/6196/1927 3740/3567/1927 3742/3571/1927 3617/6194/1927
f 3614/6197/1928 3739/3565/1928 3741/3569/1928 3616/6195/1928
f 3613/6198/1929 3738/3563/1929 3740/3567/1929 3615/6196/1929
f 3612/6199/1930 3737/3561/1930 3739/3565/1930 3614/6197/1930
f 3611/6200/1931 3736/3559/1931 3738/3563/1931 3613/6198/1931
f 3610/6201/1932 3735/3557/1932 3737/3561/1932 3612/6199/1932
f 3609/6202/1933 3734/3555/1933 3736/3559/1933 3611/6200/1933
f 3608/6203/1934 3733/3553/1934 3735/3557/1934 3610/6201/1934
f 3607/6204/1935 3732/3551/1935 3734/3555/1935 3609/6202/1935
f 3606/6205/1936 3731/3549/1936 3733/3553/1936 3608/6203/1936
f 3605/6206/1937 3730/3547/1937 3732/3551/1937 3607/6204/1937
f 3604/6207/1938 3729/3545/1938 3731/3549/1938 3606/6205/1938
f 3603/6208/1939 3728/3543/1939 3730/3547/1939 3605/6206/1939
f 3602/6209/1940 3727/3541/1940 3729/3545/1940 3604/6207/1940
f 3601/6210/1941 3726/3539/1941 3728/3543/1941 3603/6208/1941
f 3600/6211/1942 3725/3537/1942 3727/3541/1942 3602/6209/1942
f 3599/6212/1943 3724/3535/1943 3726/3539/1943 3601/6210/1943
f 3598/6213/1944 3723/3533/1944 3725/3537/1944 3600/6211/1944
f 3597/6214/1945 3722/3531/1945 3724/3535/1945 3599/6212/1945
f 3596/6215/1946 3721/3529/1946 3723/3533/1946 3598/6213/1946
f 3595/6216/1947 3720/3527/1947 3722/3531/1947 3597/6214/1947
f 3594/6217/1948 3719/3525/1948 3721/3529/1948 3596/6215/1948
f 3593/6218/1949 3718/3523/1949 3720/3527/1949 3595/6216/1949
f 3592/6219/1950 3717/3521/1950 3719/3525/1950 3594/6217/1950
f 3591/6220/1951 3716/3519/1951 3718/3523/1951 3593/6218/1951
f 3590/6221/1952 3715/3517/1952 3717/3521/1952 3592/6219/1952
f 3589/6222/1953 3714/3515/1953 3716/3519/1953 3591/6220/1953
f 3588/6223/1954 3713/3513/1954 3715/3517/1954 3590/6221/1954
f 3587/6224/1955 3712/3511/1955 3714/3515/1955 3589/6222/1955
f 3586/6225/1956 3711/3509/1956 3713/3513/1956 3588/6223/1956
f 3585/6226/1957 3710/3507/1957 3712/3511/1957 3587/6224/1957
f 3584/6227/1958 3709/3505/1958 3711/3509/1958 3586/6225/1958
f 3583/6228/1959 3708/3503/1959 3710/3507/1959 3585/6226/1959
f 3582/6229/1960 3707/3501/1960 3709/3505/1960 3584/6227/1960
f 3581/6230/1961 3706/3499/1961 3708/3503/1961 3583/6228/1961
f 3580/6231/1962 3705/3497/1962 3707/3501/1962 3582/6229/1962
f 3579/6232/1963 3704/3495/1963 3706/3499/1963 3581/6230/1963
f 3578/6233/1964 3703/3493/1964 3705/3497/1964 3580/6231/1964
f 3577/6234/1965 3702/3491/1965 3704/3495/1965 3579/6232/1965
f 3576/6235/1966 3701/3489/1966 3703/3493/1966 3578/6233/1966
f 3575/6236/1967 3700/3487/1967 3702/3491/1967 3577/6234/1967
f 3574/6237/1968 3699/3485/1968 3701/3489/1968 3576/6235/1968
f 3573/6238/1969 3698/3483/1969 3700/3487/1969 3575/6236/1969
f 3572/6239/1970 3697/3481/1970 3699/3485/1970 3574/6237/1970
f 3570/6240/1971 3695/3477/1971 3698/3483/1971 3573/6238/1971
f 3569/6241/1972 3694/3475/1972 3697/3481/1972 3572/6239/1972
f 3568/6242/1973 3693/3473/1973 3696/3479/1973 3571/6187/1973
f 3567/6243/1974 3692/3471/1974 3695/3477/1974 3570/6240/1974
f 3566/6244/1975 3691/3469/1975 3694/3475/1975 3569/6241/1975
f 3565/6245/1976 3690/3467/1976 3693/3473/1976 3568/6242/1976
f 3564/6246/1977 3689/3465/1977 3692/3471/1977 3567/6243/1977
f 3563/6247/1978 3688/3463/1978 3691/3469/1978 3566/6244/1978
f 3562/6248/1979 3687/3461/1979 3690/3467/1979 3565/6245/1979
f 3560/6249/1980 3686/3457/1980 3689/3465/1980 3564/6246/1980
f 3558/6250/1981 3685/3453/1981 3688/3463/1981 3563/6247/1981
f 3561/6124/1982 3812/3458/1982 3687/3461/1982 3562/6248/1982
f 3559/6126/1983 3811/3454/1983 3686/3457/1983 3560/6249/1983
f 3557/6128/1984 3810/3450/1984 3685/3453/1984 3558/6250/1984
f 4158/6251/1447 3631/6179/1447 3634/6176/1447 4162/6252/1447
f 3954/6253/1447 3632/6178/1447 3635/6175/1447 3958/6254/1447
f 4366/6255/1447 3633/6177/1447 3636/6174/1447 4370/6256/1447
f 4162/6252/1447 3634/6176/1447 3637/6173/1447 4166/6257/1447
f 3958/6254/1447 3635/6175/1447 3638/6172/1447 3962/6258/1447
f 4370/6256/1447 3636/6174/1447 3639/6171/1447 4374/6259/1447
f 4166/6257/1447 3637/6173/1447 3640/6170/1447 4170/6260/1447
f 3962/6258/1447 3638/6172/1447 3641/6169/1447 3966/6261/1447
f 4374/6259/1447 3639/6171/1447 3642/6168/1447 4378/6262/1447
f 4170/6260/1447 3640/6170/1447 3643/6167/1447 4174/6263/1447
f 3966/6261/1447 3641/6169/1447 3644/6166/1447 3970/6264/1447
f 4378/6262/1447 3642/6168/1447 3645/6165/1447 4382/6265/1447
f 4174/6263/1447 3643/6167/1447 3646/6164/1447 4178/6266/1447
f 3970/6264/1447 3644/6166/1447 3647/6163/1447 3974/6267/1447
f 4382/6265/1447 3645/6165/1447 3648/6162/1447 4386/6268/1447
f 4178/6266/1447 3646/6164/1447 3649/6161/1447 4182/6269/1447
f 3974/6267/1447 3647/6163/1447 3650/6160/1447 3978/6270/1447
f 4386/6268/1447 3648/6162/1447 3651/6159/1447 4390/6271/1447
f 4182/6269/1447 3649/6161/1447 3652/6158/1447 4186/6272/1447
f 3978/6270/1447 3650/6160/1447 3653/6157/1447 3982/6273/1447
f 4390/6271/1447 3651/6159/1447 3654/6156/1447 4394/6274/1447
f 4186/6272/1447 3652/6158/1447 3655/6155/1447 4190/6275/1447
f 3982/6273/1447 3653/6157/1447 3656/6154/1447 3986/6276/1447
f 4394/6274/1447 3654/6156/1447 3657/6153/1447 4398/6277/1447
f 4190/6275/1447 3655/6155/1447 3658/6152/1447 4194/6278/1447
f 3986/6276/1447 3656/6154/1447 3659/6151/1447 3990/6279/1447
f 4398/6277/1447 3657/6153/1447 3660/6150/1447 4402/6280/1447
f 4194/6278/1447 3658/6152/1447 3661/6149/1447 4198/6281/1447
f 3990/6279/1447 3659/6151/1447 3662/6148/1447 3994/6282/1447
f 4402/6280/1447 3660/6150/1447 3663/6147/1447 4406/6283/1447
f 4198/6281/1447 3661/6149/1447 3664/6146/1447 4202/6284/1447
f 3994/6282/1447 3662/6148/1447 3665/6145/1447 3998/6285/1447
f 4406/6283/1447 3663/6147/1447 3666/6144/1447 4410/6286/1447
f 4202/6284/1447 3664/6146/1447 3667/6143/1447 4206/6287/1447
f 3998/6285/1447 3665/6145/1447 3668/6142/1447 4002/6288/1447
f 4410/6286/1447 3666/6144/1447 3669/6141/1447 4414/6289/1447
f 4206/6287/1447 3667/6143/1447 3670/6140/1447 4210/6290/1447
f 4002/6288/1447 3668/6142/1447 3671/6139/1447 4006/6291/1447
f 4414/6289/1447 3669/6141/1447 3672/6138/1447 4418/6292/1447
f 4210/6290/1447 3670/6140/1447 3673/6137/1447 4214/6293/1447
f 4006/6291/1447 3671/6139/1447 3674/6136/1447 4010/6294/1447
f 4418/6292/1447 3672/6138/1447 3675/6135/1447 4422/6295/1447
f 4214/6293/1447 3673/6137/1447 3676/6134/1447 4218/6296/1447
f 4010/6294/1447 3674/6136/1447 3677/6133/1447 4014/6297/1447
f 4422/6295/1447 3675/6135/1447 3678/6132/1447 4426/6298/1447
f 4218/6296/1447 3676/6134/1447 3679/6131/1447 4222/6299/1447
f 4014/6297/1447 3677/6133/1447 3680/6130/1447 4018/6300/1447
f 4426/6298/1447 3678/6132/1447 3681/6129/1447 4430/6301/1447
f 4222/6299/1447 3679/6131/1447 3682/6127/1447 4226/6302/1447
f 4018/6300/1447 3680/6130/1447 3683/6125/1447 4022/6303/1447
f 4430/6301/1447 3681/6129/1447 3684/6123/1447 4434/6304/1447
f 4226/6302/1447 3682/6127/1447 3557/6128/1447 4230/6305/1447
f 4022/6303/1447 3683/6125/1447 3559/6126/1447 4026/6306/1447
f 4434/6304/1447 3684/6123/1447 3561/6124/1447 4438/6307/1447
f 4230/6305/1447 3557/6128/1447 3558/6250/1447 4234/6308/1447
f 4026/6306/1447 3559/6126/1447 3560/6249/1447 4030/6309/1447
f 4438/6307/1447 3561/6124/1447 3562/6248/1447 4442/6310/1447
f 4234/6308/1447 3558/6250/1447 3563/6247/1447 4238/6311/1447
f 4030/6309/1447 3560/6249/1447 3564/6246/1447 4034/6312/1447
f 4442/6310/1447 3562/6248/1447 3565/6245/1447 4446/6313/1447
f 4238/6311/1447 3563/6247/1447 3566/6244/1447 4242/6314/1447
f 4034/6312/1447 3564/6246/1447 3567/6243/1447 4038/6315/1447
f 4446/6313/1447 3565/6245/1447 3568/6242/1447 4450/6316/1447
f 4242/6314/1447 3566/6244/1447 3569/6241/1447 4246/6317/1447
f 4038/6315/1447 3567/6243/1447 3570/6240/1447 4042/6318/1447
f 4450/6316/1447 3568/6242/1447 3571/6187/1447 3941/6319/1447
f 4246/6317/1447 3569/6241/1447 3572/6239/1447 4250/6320/1447
f 4042/6318/1447 3570/6240/1447 3573/6238/1447 4046/6321/1447
f 4250/6320/1447 3572/6239/1447 3574/6237/1447 4254/6322/1447
f 4046/6321/1447 3573/6238/1447 3575/6236/1447 4050/6323/1447
f 4254/6322/1447 3574/6237/1447 3576/6235/1447 4258/6324/1447
f 4050/6323/1447 3575/6236/1447 3577/6234/1447 4054/6325/1447
f 4258/6324/1447 3576/6235/1447 3578/6233/1447 4262/6326/1447
f 4054/6325/1447 3577/6234/1447 3579/6232/1447 4058/6327/1447
f 4262/6326/1447 3578/6233/1447 3580/6231/1447 4266/6328/1447
f 4058/6327/1447 3579/6232/1447 3581/6230/1447 4062/6329/1447
f 4266/6328/1447 3580/6231/1447 3582/6229/1447 4270/6330/1447
f 4062/6329/1447 3581/6230/1447 3583/6228/1447 4066/6331/1447
f 4270/6330/1447 3582/6229/1447 3584/6227/1447 4274/6332/1447
f 4066/6331/1447 3583/6228/1447 3585/6226/1447 4070/6333/1447
f 4274/6332/1447 3584/6227/1447 3586/6225/1447 4278/6334/1447
f 4070/6333/1447 3585/6226/1447 3587/6224/1447 4074/6335/1447
f 4278/6334/1447 3586/6225/1447 3588/6223/1447 4282/6336/1447
f 4074/6335/1447 3587/6224/1447 3589/6222/1447 4078/6337/1447
f 4282/6336/1447 3588/6223/1447 3590/6221/1447 4286/6338/1447
f 4078/6337/1447 3589/6222/1447 3591/6220/1447 4082/6339/1447
f 4286/6338/1447 3590/6221/1447 3592/6219/1447 4290/6340/1447
f 4082/6339/1447 3591/6220/1447 3593/6218/1447 4086/6341/1447
f 4290/6340/1447 3592/6219/1447 3594/6217/1447 4294/6342/1447
f 4086/6341/1447 3593/6218/1447 3595/6216/1447 4090/6343/1447
f 4294/6342/1447 3594/6217/1447 3596/6215/1447 4298/6344/1447
f 4090/6343/1447 3595/6216/1447 3597/6214/1447 4094/6345/1447
f 4298/6344/1447 3596/6215/1447 3598/6213/1447 4302/6346/1447
f 4094/6345/1447 3597/6214/1447 3599/6212/1447 4098/6347/1447
f 4302/6346/1447 3598/6213/1447 3600/6211/1447 4306/6348/1447
f 4098/6347/1447 3599/6212/1447 3601/6210/1447 4102/6349/1447
f 4306/6348/1447 3600/6211/1447 3602/6209/1447 4310/6350/1447
f 4102/6349/1447 3601/6210/1447 3603/6208/1447 4106/6351/1447
f 4310/6350/1447 3602/6209/1447 3604/6207/1447 4314/6352/1447
f 4106/6351/1447 3603/6208/1447 3605/6206/1447 4110/6353/1447
f 4314/6352/1447 3604/6207/1447 3606/6205/1447 4318/6354/1447
f 4110/6353/1447 3605/6206/1447 3607/6204/1447 4114/6355/1447
f 4318/6354/1447 3606/6205/1447 3608/6203/1447 4322/6356/1447
f 4114/6355/1447 3607/6204/1447 3609/6202/1447 4118/6357/1447
f 4322/6356/1447 3608/6203/1447 3610/6201/1447 4326/6358/1447
f 4118/6357/1447 3609/6202/1447 3611/6200/1447 4122/6359/1447
f 4326/6358/1447 3610/6201/1447 3612/6199/1447 4330/6360/1447
f 4122/6359/1447 3611/6200/1447 3613/6198/1447 4126/6361/1447
f 4330/6360/1447 3612/6199/1447 3614/6197/1447 4334/6362/1447
f 4126/6361/1447 3613/6198/1447 3615/6196/1447 4130/6363/1447
f 4334/6362/1447 3614/6197/1447 3616/6195/1447 4338/6364/1447
f 4130/6363/1447 3615/6196/1447 3617/6194/1447 4134/6365/1447
f 4338/6364/1447 3616/6195/1447 3618/6193/1447 4342/6366/1447
f 4134/6365/1447 3617/6194/1447 3619/6192/1447 4138/6367/1447
f 4342/6366/1447 3618/6193/1447 3620/6191/1447 4346/6368/1447
f 4138/6367/1447 3619/6192/1447 3621/6190/1447 4142/6369/1447
f 4346/6368/1447 3620/6191/1447 3622/6189/1447 4350/6370/1447
f 4142/6369/1447 3621/6190/1447 3623/6188/1447 4146/6371/1447
f 4350/6370/1447 3622/6189/1447 3624/6186/1447 4354/6372/1447
f 4146/6371/1447 3623/6188/1447 3625/6185/1447 4150/6373/1447
f 3941/6319/1447 3571/6187/1447 3626/6184/1447 3946/6374/1447
f 4354/6372/1447 3624/6186/1447 3627/6183/1447 4358/6375/1447
f 4150/6373/1447 3625/6185/1447 3628/6182/1447 4154/6376/1447
f 3946/6374/1447 3626/6184/1447 3629/6181/1447 3950/6377/1447
f 4358/6375/1447 3627/6183/1447 3630/6180/1447 4362/6378/1447
f 4154/6376/1447 3628/6182/1447 3631/6179/1447 4158/6251/1447
f 3950/6377/1447 3629/6181/1447 3632/6178/1447 3954/6253/1447
f 4362/6378/1447 3630/6180/1447 3633/6177/1447 4366/6255/1447
f 3946/6374/1985 3948/6379/1985 3943/6380/1986 3941/6319/1986
f 3948/6379/1987 3947/6381/1987 3944/6382/1987 3943/6380/1987
f 3947/6383/1988 3945/6114/1988 3942/6056/1988 3944/6384/1988
f 3950/6377/1989 3952/6385/1989 3948/6379/1985 3946/6374/1985
f 3952/6385/1990 3951/6386/1990 3947/6381/1990 3948/6379/1990
f 3951/6387/1991 3949/6053/1991 3945/6114/1991 3947/6383/1991
f 3954/6253/1992 3956/6388/1992 3952/6385/1989 3950/6377/1989
f 3956/6388/1993 3955/6389/1993 3951/6386/1993 3952/6385/1993
f 3955/6390/1994 3953/6050/1994 3949/6053/1994 3951/6387/1994
f 3958/6254/1995 3960/6391/1995 3956/6388/1992 3954/6253/1992
f 3960/6391/1996 3959/6392/1996 3955/6389/1996 3956/6388/1996
f 3959/6393/1997 3957/6047/1997 3953/6050/1997 3955/6390/1997
f 3962/6258/1998 3964/6394/1998 3960/6391/1995 3958/6254/1995
f 3964/6394/1999 3963/6395/1999 3959/6392/1999 3960/6391/1999
f 3963/6396/2000 3961/6044/2000 3957/6047/2000 3959/6393/2000
f 3966/6261/2001 3968/6397/2001 3964/6394/1998 3962/6258/1998
f 3968/6397/2002 3967/6398/2002 3963/6395/2002 3964/6394/2002
f 3967/6399/2003 3965/6041/2003 3961/6044/2003 3963/6396/2003
f 3970/6264/2004 3972/6400/2004 3968/6397/2001 3966/6261/2001
f 3972/6400/2005 3971/6401/2005 3967/6398/2005 3968/6397/2005
f 3971/6402/2006 3969/6038/2006 3965/6041/2006 3967/6399/2006
f 3974/6267/2007 3976/6403/2007 3972/6400/2004 3970/6264/2004
f 3976/6403/2008 3975/6404/2008 3971/6401/2008 3972/6400/2008
f 3975/6405/2009 3973/6035/2009 3969/6038/2009 3971/6402/2009
f 3978/6270/2010 3980/6406/2010 3976/6403/2007 3974/6267/2007
f 3980/6406/2011 3979/6407/2011 3975/6404/2011 3976/6403/2011
f 3979/6408/2012 3977/6031/2012 3973/6035/2012 3975/6405/2012
f 3982/6273/2013 3984/6409/2013 3980/6406/2010 3978/6270/2010
f 3984/6409/2014 3983/6410/2014 3979/6407/2014 3980/6406/2014
f 3983/6411/2015 3981/6028/2015 3977/6031/2015 3979/6408/2015
f 3986/6276/2016 3988/6412/2016 3984/6409/2013 3982/6273/2013
f 3988/6412/2017 3987/6413/2017 3983/6410/2017 3984/6409/2017
f 3987/6414/2018 3985/6025/2018 3981/6028/2018 3983/6411/2018
f 3990/6279/2019 3992/6415/2019 3988/6412/2016 3986/6276/2016
f 3992/6415/2020 3991/6416/2020 3987/6413/2020 3988/6412/2020
f 3991/6417/2021 3989/6022/2021 3985/6025/2021 3987/6414/2021
f 3994/6282/2022 3996/6418/2022 3992/6415/2019 3990/6279/2019
f 3996/6418/2023 3995/6419/2023 3991/6416/2023 3992/6415/2023
f 3995/6420/2024 3993/6019/2024 3989/6022/2024 3991/6417/2024
f 3998/6285/2025 4000/6421/2025 3996/6418/2022 3994/6282/2022
f 4000/6421/2026 3999/6422/2026 3995/6419/2026 3996/6418/2026
f 3999/6423/2027 3997/6016/2027 3993/6019/2027 3995/6420/2027
f 4002/6288/2028 4004/6424/2028 4000/6421/2025 3998/6285/2025
f 4004/6424/2029 4003/6425/2029 3999/6422/2029 4000/6421/2029
f 4003/6426/2030 4001/6013/2030 3997/6016/2030 3999/6423/2030
f 4006/6291/2031 4008/6427/2031 4004/6424/2028 4002/6288/2028
f 4008/6427/2032 4007/6428/2032 4003/6425/2032 4004/6424/2032
f 4007/6429/2033 4005/6010/2033 4001/6013/2033 4003/6426/2033
f 4010/6294/2034 4012/6430/2034 4008/6427/2031 4006/6291/2031
f 4012/6430/2035 4011/6431/2035 4007/6428/2035 4008/6427/2035
f 4011/6432/2036 4009/6007/2036 4005/6010/2036 4007/6429/2036
f 4014/6297/2037 4016/6433/2037 4012/6430/2034 4010/6294/2034
f 4016/6433/2038 4015/6434/2038 4011/6431/2038 4012/6430/2038
f 4015/6435/2039 4013/6004/2039 4009/6007/2039 4011/6432/2039
f 4018/6300/2040 4020/6436/2040 4016/6433/2037 4014/6297/2037
f 4020/6436/2041 4019/6437/2041 4015/6434/2041 4016/6433/2041
f 4019/6438/2042 4017/6001/2042 4013/6004/2042 4015/6435/2042
f 4022/6303/2043 4024/6439/2043 4020/6436/2040 4018/6300/2040
f 4024/6439/2044 4023/6440/2044 4019/6437/2044 4020/6436/2044
f 4023/6441/2045 4021/5998/2045 4017/6001/2045 4019/6438/2045
f 4026/6306/2046 4028/6442/2046 4024/6439/2043 4022/6303/2043
f 4028/6442/2047 4027/6443/2047 4023/6440/2047 4024/6439/2047
f 4027/6444/2048 4025/5994/2048 4021/5998/2048 4023/6441/2048
f 4030/6309/2049 4032/6445/2049 4028/6442/2046 4026/6306/2046
f 4032/6445/2050 4031/6446/2050 4027/6443/2050 4028/6442/2050
f 4031/6447/2051 4029/5993/2051 4025/5994/2051 4027/6444/2051
f 4034/6312/2052 4036/6448/2052 4032/6445/2049 4030/6309/2049
f 4036/6448/2053 4035/6449/2053 4031/6446/2053 4032/6445/2053
f 4035/6450/2054 4033/6120/2054 4029/5993/2054 4031/6447/2054
f 4038/6315/2055 4040/6451/2055 4036/6448/2052 4034/6312/2052
f 4040/6451/2056 4039/6452/2056 4035/6449/2056 4036/6448/2056
f 4039/6453/2057 4037/6117/2057 4033/6120/2057 4035/6450/2057
f 4042/6318/2058 4044/6454/2058 4040/6451/2055 4038/6315/2055
f 4044/6454/2059 4043/6455/2059 4039/6452/2059 4040/6451/2059
f 4043/6456/2060 4041/6115/2060 4037/6117/2060 4039/6453/2060
f 4046/6321/2061 4048/6457/2061 4044/6454/2058 4042/6318/2058
f 4048/6457/2062 4047/6458/2062 4043/6455/2062 4044/6454/2062
f 4047/6459/2063 4045/6112/2063 4041/6115/2063 4043/6456/2063
f 4050/6323/2064 4052/6460/2064 4048/6457/2061 4046/6321/2061
f 4052/6460/2065 4051/6461/2065 4047/6458/2065 4048/6457/2065
f 4051/6462/2066 4049/6110/2066 4045/6112/2066 4047/6459/2066
f 4054/6325/2067 4056/6463/2067 4052/6460/2064 4050/6323/2064
f 4056/6463/2068 4055/6464/2068 4051/6461/2068 4052/6460/2068
f 4055/6465/2069 4053/6108/2069 4049/6110/2069 4051/6462/2069
f 4058/6327/2070 4060/6466/2070 4056/6463/2067 4054/6325/2067
f 4060/6466/2071 4059/6467/2071 4055/6464/2071 4056/6463/2071
f 4059/6468/2072 4057/6107/2072 4053/6108/2072 4055/6465/2072
f 4062/6329/2073 4064/6469/2073 4060/6466/2070 4058/6327/2070
f 4064/6469/2074 4063/6470/2074 4059/6467/2074 4060/6466/2074
f 4063/6471/2075 4061/6103/2075 4057/6105/2075 4059/6472/2075
f 4066/6331/2076 4068/6473/2076 4064/6469/2073 4062/6329/2073
f 4068/6473/2077 4067/6474/2077 4063/6470/2077 4064/6469/2077
f 4067/6475/2078 4065/6101/2078 4061/6103/2078 4063/6471/2078
f 4070/6333/2079 4072/6476/2079 4068/6473/2076 4066/6331/2076
f 4072/6476/2080 4071/6477/2080 4067/6474/2080 4068/6473/2080
f 4071/6478/2081 4069/6099/2081 4065/6101/2081 4067/6475/2081
f 4074/6335/2082 4076/6479/2082 4072/6476/2079 4070/6333/2079
f 4076/6479/2083 4075/6480/2083 4071/6477/2083 4072/6476/2083
f 4075/6481/2084 4073/6097/2084 4069/6099/2084 4071/6478/2084
f 4078/6337/2085 4080/6482/2085 4076/6479/2082 4074/6335/2082
f 4080/6482/2086 4079/6483/2086 4075/6480/2086 4076/6479/2086
f 4079/6484/2087 4077/6095/2087 4073/6097/2087 4075/6481/2087
f 4082/6339/2088 4084/6485/2088 4080/6482/2085 4078/6337/2085
f 4084/6485/2089 4083/6486/2089 4079/6483/2089 4080/6482/2089
f 4083/6487/2090 4081/6093/2090 4077/6095/2090 4079/6484/2090
f 4086/6341/2091 4088/6488/2091 4084/6485/2088 4082/6339/2088
f 4088/6488/2092 4087/6489/2092 4083/6486/2092 4084/6485/2092
f 4087/6490/2093 4085/6091/2093 4081/6093/2093 4083/6487/2093
f 4090/6343/2094 4092/6491/2094 4088/6488/2091 4086/6341/2091
f 4092/6491/2095 4091/6492/2095 4087/6489/2095 4088/6488/2095
f 4091/6493/2096 4089/6089/2096 4085/6091/2096 4087/6490/2096
f 4094/6345/2097 4096/6494/2097 4092/6491/2094 4090/6343/2094
f 4096/6494/2098 4095/6495/2098 4091/6492/2098 4092/6491/2098
f 4095/6496/2099 4093/6087/2099 4089/6089/2099 4091/6493/2099
f 4098/6347/2100 4100/6497/2100 4096/6494/2097 4094/6345/2097
f 4100/6497/2101 4099/6498/2101 4095/6495/2101 4096/6494/2101
f 4099/6499/2102 4097/6085/2102 4093/6087/2102 4095/6496/2102
f 4102/6349/2103 4104/6500/2103 4100/6497/2100 4098/6347/2100
f 4104/6500/2104 4103/6501/2104 4099/6498/2104 4100/6497/2104
f 4103/6502/2105 4101/6083/2105 4097/6085/2105 4099/6499/2105
f 4106/6351/2106 4108/6503/2106 4104/6500/2103 4102/6349/2103
f 4108/6503/2107 4107/6504/2107 4103/6501/2107 4104/6500/2107
f 4107/6505/2108 4105/6081/2108 4101/6083/2108 4103/6502/2108
f 4110/6353/2109 4112/6506/2109 4108/6503/2106 4106/6351/2106
f 4112/6506/2110 4111/6507/2110 4107/6504/2110 4108/6503/2110
f 4111/6508/2111 4109/6078/2111 4105/6081/2111 4107/6505/2111
f 4114/6355/2112 4116/6509/2112 4112/6506/2109 4110/6353/2109
f 4116/6509/2113 4115/6510/2113 4111/6507/2113 4112/6506/2113
f 4115/6511/2114 4113/6076/2114 4109/6078/2114 4111/6508/2114
f 4118/6357/2115 4120/6512/2115 4116/6509/2112 4114/6355/2112
f 4120/6512/2116 4119/6513/2116 4115/6510/2116 4116/6509/2116
f 4119/6514/2117 4117/6074/2117 4113/6076/2117 4115/6511/2117
f 4122/6359/2118 4124/6515/2118 4120/6512/2115 4118/6357/2115
f 4124/6515/2119 4123/6516/2119 4119/6513/2119 4120/6512/2119
f 4123/6517/2120 4121/6072/2120 4117/6074/2120 4119/6514/2120
f 4126/6361/2121 4128/6518/2121 4124/6515/2118 4122/6359/2118
f 4128/6518/2122 4127/6519/2122 4123/6516/2122 4124/6515/2122
f 4127/6520/2123 4125/6070/2123 4121/6072/2123 4123/6517/2123
f 4130/6363/2124 4132/6521/2124 4128/6518/2121 4126/6361/2121
f 4132/6521/2125 4131/6522/2125 4127/6519/2125 4128/6518/2125
f 4131/6523/2126 4129/6068/2126 4125/6070/2126 4127/6520/2126
f 4134/6365/2127 4136/6524/2127 4132/6521/2124 4130/6363/2124
f 4136/6524/2128 4135/6525/2128 4131/6522/2128 4132/6521/2128
f 4135/6526/2129 4133/6066/2129 4129/6068/2129 4131/6523/2129
f 4138/6367/2130 4140/6527/2130 4136/6524/2127 4134/6365/2127
f 4140/6527/2131 4139/6528/2131 4135/6525/2131 4136/6524/2131
f 4139/6529/2132 4137/6064/2132 4133/6066/2132 4135/6526/2132
f 4142/6369/2133 4144/6530/2133 4140/6527/2130 4138/6367/2130
f 4144/6530/2134 4143/6531/2134 4139/6528/2134 4140/6527/2134
f 4143/6532/2135 4141/6062/2135 4137/6064/2135 4139/6529/2135
f 4146/6371/2136 4148/6533/2136 4144/6530/2133 4142/6369/2133
f 4148/6533/2137 4147/6534/2137 4143/6531/2137 4144/6530/2137
f 4147/6535/2138 4145/6060/2138 4141/6062/2138 4143/6532/2138
f 4150/6373/2139 4152/6536/2139 4148/6533/2136 4146/6371/2136
f 4152/6536/2140 4151/6537/2140 4147/6534/2140 4148/6533/2140
f 4151/6538/2141 4149/6058/2141 4145/6060/2141 4147/6535/2141
f 4154/6376/2142 4156/6539/2142 4152/6536/2139 4150/6373/2139
f 4156/6539/2143 4155/6540/2143 4151/6537/2143 4152/6536/2143
f 4155/6541/2144 4153/6054/2144 4149/6058/2144 4151/6538/2144
f 4158/6251/2145 4160/6542/2145 4156/6539/2142 4154/6376/2142
f 4160/6542/2146 4159/6543/2146 4155/6540/2146 4156/6539/2146
f 4159/6544/2147 4157/6051/2147 4153/6054/2147 4155/6541/2147
f 4162/6252/2148 4164/6545/2148 4160/6542/2145 4158/6251/2145
f 4164/6545/2149 4163/6546/2149 4159/6543/2149 4160/6542/2149
f 4163/6547/2150 4161/6048/2150 4157/6051/2150 4159/6544/2150
f 4166/6257/2151 4168/6548/2151 4164/6545/2148 4162/6252/2148
f 4168/6548/2152 4167/6549/2152 4163/6546/2152 4164/6545/2152
f 4167/6550/2153 4165/6045/2153 4161/6048/2153 4163/6547/2153
f 4170/6260/2154 4172/6551/2154 4168/6548/2151 4166/6257/2151
f 4172/6551/2155 4171/6552/2155 4167/6549/2155 4168/6548/2155
f 4171/6553/2156 4169/6042/2156 4165/6045/2156 4167/6550/2156
f 4174/6263/2157 4176/6554/2157 4172/6551/2154 4170/6260/2154
f 4176/6554/2158 4175/6555/2158 4171/6552/2158 4172/6551/2158
f 4175/6556/2159 4173/6039/2159 4169/6042/2159 4171/6553/2159
f 4178/6266/2160 4180/6557/2160 4176/6554/2157 4174/6263/2157
f 4180/6557/2161 4179/6558/2161 4175/6555/2161 4176/6554/2161
f 4179/6559/2162 4177/6036/2162 4173/6039/2162 4175/6556/2162
f 4182/6269/2163 4184/6560/2163 4180/6557/2160 4178/6266/2160
f 4184/6560/2164 4183/6561/2164 4179/6558/2164 4180/6557/2164
f 4183/6562/2165 4181/6033/2165 4177/6036/2165 4179/6559/2165
f 4186/6272/2166 4188/6563/2166 4184/6560/2163 4182/6269/2163
f 4188/6563/2167 4187/6564/2167 4183/6561/2167 4184/6560/2167
f 4187/6565/2168 4185/6032/2168 4181/6033/2168 4183/6562/2168
f 4190/6275/2169 4192/6566/2169 4188/6563/2166 4186/6272/2166
f 4192/6566/2170 4191/6567/2170 4187/6564/2170 4188/6563/2170
f 4191/6568/2171 4189/6026/2171 4185/6029/2171 4187/6569/2171
f 4194/6278/2172 4196/6570/2172 4192/6566/2169 4190/6275/2169
f 4196/6570/2173 4195/6571/2173 4191/6567/2173 4192/6566/2173
f 4195/6572/2174 4193/6023/2174 4189/6026/2174 4191/6568/2174
f 4198/6281/2175 4200/6573/2175 4196/6570/2172 4194/6278/2172
f 4200/6573/2176 4199/6574/2176 4195/6571/2176 4196/6570/2176
f 4199/6575/2177 4197/6020/2177 4193/6023/2177 4195/6572/2177
f 4202/6284/2178 4204/6576/2178 4200/6573/2175 4198/6281/2175
f 4204/6576/2179 4203/6577/2179 4199/6574/2179 4200/6573/2179
f 4203/6578/2180 4201/6017/2180 4197/6020/2180 4199/6575/2180
f 4206/6287/2181 4208/6579/2181 4204/6576/2178 4202/6284/2178
f 4208/6579/2182 4207/6580/2182 4203/6577/2182 4204/6576/2182
f 4207/6581/2183 4205/6014/2183 4201/6017/2183 4203/6578/2183
f 4210/6290/2184 4212/6582/2184 4208/6579/2181 4206/6287/2181
f 4212/6582/2185 4211/6583/2185 4207/6580/2185 4208/6579/2185
f 4211/6584/2186 4209/6011/2186 4205/6014/2186 4207/6581/2186
f 4214/6293/2187 4216/6585/2187 4212/6582/2184 4210/6290/2184
f 4216/6585/2188 4215/6586/2188 4211/6583/2188 4212/6582/2188
f 4215/6587/2189 4213/6008/2189 4209/6011/2189 4211/6584/2189
f 4218/6296/2190 4220/6588/2190 4216/6585/2187 4214/6293/2187
f 4220/6588/2191 4219/6589/2191 4215/6586/2191 4216/6585/2191
f 4219/6590/2192 4217/6005/2192 4213/6008/2192 4215/6587/2192
f 4222/6299/2193 4224/6591/2193 4220/6588/2190 4218/6296/2190
f 4224/6591/2194 4223/6592/2194 4219/6589/2194 4220/6588/2194
f 4223/6593/2195 4221/6002/2195 4217/6005/2195 4219/6590/2195
f 4226/6302/2196 4228/6594/2196 4224/6591/2193 4222/6299/2193
f 4228/6594/2197 4227/6595/2197 4223/6592/2197 4224/6591/2197
f 4227/6596/2198 4225/5999/2198 4221/6002/2198 4223/6593/2198
f 4230/6305/2199 4232/6597/2199 4228/6594/2196 4226/6302/2196
f 4232/6597/2200 4231/6598/2200 4227/6595/2200 4228/6594/2200
f 4231/6599/2201 4229/5996/2201 4225/5999/2201 4227/6596/2201
f 4234/6308/2202 4236/6600/2202 4232/6597/2199 4230/6305/2199
f 4236/6600/2203 4235/6601/2203 4231/6598/2203 4232/6597/2203
f 4235/6602/2204 4233/5995/2204 4229/5996/2204 4231/6599/2204
f 4238/6311/2205 4240/6603/2205 4236/6600/2202 4234/6308/2202
f 4240/6603/2206 4239/6604/2206 4235/6601/2206 4236/6600/2206
f 4239/6605/2207 4237/6121/2207 4233/5995/2207 4235/6602/2207
f 4242/6314/2208 4244/6606/2208 4240/6603/2205 4238/6311/2205
f 4244/6606/2209 4243/6607/2209 4239/6604/2209 4240/6603/2209
f 4243/6608/2210 4241/6118/2210 4237/6121/2210 4239/6605/2210
f 4246/6317/2211 4248/6609/2211 4244/6606/2208 4242/6314/2208
f 4248/6609/2212 4247/6610/2212 4243/6607/2212 4244/6606/2212
f 4247/6611/2213 4245/6116/2213 4241/6118/2213 4243/6608/2213
f 4250/6320/2214 4252/6612/2214 4248/6609/2211 4246/6317/2211
f 4252/6612/2215 4251/6613/2215 4247/6610/2215 4248/6609/2215
f 4251/6614/2216 4249/6113/2216 4245/6116/2216 4247/6611/2216
f 4254/6322/2217 4256/6615/2217 4252/6612/2214 4250/6320/2214
f 4256/6615/2218 4255/6616/2218 4251/6613/2218 4252/6612/2218
f 4255/6617/2219 4253/6111/2219 4249/6113/2219 4251/6614/2219
f 4258/6324/2220 4260/6618/2220 4256/6615/2217 4254/6322/2217
f 4260/6618/2221 4259/6619/2221 4255/6616/2221 4256/6615/2221
f 4259/6620/2222 4257/6109/2222 4253/6111/2222 4255/6617/2222
f 4262/6326/2223 4264/6621/2223 4260/6618/2220 4258/6324/2220
f 4264/6621/2224 4263/6622/2224 4259/6619/2224 4260/6618/2224
f 4263/6623/2225 4261/6106/2225 4257/6109/2225 4259/6620/2225
f 4266/6328/2226 4268/6624/2226 4264/6621/2223 4262/6326/2223
f 4268/6624/2227 4267/6625/2227 4263/6622/2227 4264/6621/2227
f 4267/6626/2228 4265/6104/2228 4261/6106/2228 4263/6623/2228
f 4270/6330/2229 4272/6627/2229 4268/6624/2226 4266/6328/2226
f 4272/6627/2230 4271/6628/2230 4267/6625/2230 4268/6624/2230
f 4271/6629/2231 4269/6102/2231 4265/6104/2231 4267/6626/2231
f 4274/6332/2232 4276/6630/2232 4272/6627/2229 4270/6330/2229
f 4276/6630/2233 4275/6631/2233 4271/6628/2233 4272/6627/2233
f 4275/6632/2234 4273/6100/2234 4269/6102/2234 4271/6629/2234
f 4278/6334/2235 4280/6633/2235 4276/6630/2232 4274/6332/2232
f 4280/6633/2236 4279/6634/2236 4275/6631/2236 4276/6630/2236
f 4279/6635/2237 4277/6098/2237 4273/6100/2237 4275/6632/2237
f 4282/6336/2238 4284/6636/2238 4280/6633/2235 4278/6334/2235
f 4284/6636/2239 4283/6637/2239 4279/6634/2239 4280/6633/2239
f 4283/6638/2240 4281/6096/2240 4277/6098/2240 4279/6635/2240
f 4286/6338/2241 4288/6639/2241 4284/6636/2238 4282/6336/2238
f 4288/6639/2242 4287/6640/2242 4283/6637/2242 4284/6636/2242
f 4287/6641/2243 4285/6094/2243 4281/6096/2243 4283/6638/2243
f 4290/6340/2244 4292/6642/2244 4288/6639/2241 4286/6338/2241
f 4292/6642/2245 4291/6643/2245 4287/6640/2245 4288/6639/2245
f 4291/6644/2246 4289/6092/2246 4285/6094/2246 4287/6641/2246
f 4294/6342/2247 4296/6645/2247 4292/6642/2244 4290/6340/2244
f 4296/6645/2248 4295/6646/2248 4291/6643/2248 4292/6642/2248
f 4295/6647/2249 4293/6090/2249 4289/6092/2249 4291/6644/2249
f 4298/6344/2250 4300/6648/2250 4296/6645/2247 4294/6342/2247
f 4300/6648/2251 4299/6649/2251 4295/6646/2251 4296/6645/2251
f 4299/6650/2252 4297/6088/2252 4293/6090/2252 4295/6647/2252
f 4302/6346/2253 4304/6651/2253 4300/6648/2250 4298/6344/2250
f 4304/6651/2254 4303/6652/2254 4299/6649/2254 4300/6648/2254
f 4303/6653/2255 4301/6086/2255 4297/6088/2255 4299/6650/2255
f 4306/6348/2256 4308/6654/2256 4304/6651/2253 4302/6346/2253
f 4308/6654/2257 4307/6655/2257 4303/6652/2257 4304/6651/2257
f 4307/6656/2258 4305/6084/2258 4301/6086/2258 4303/6653/2258
f 4310/6350/2259 4312/6657/2259 4308/6654/2256 4306/6348/2256
f 4312/6657/2260 4311/6658/2260 4307/6655/2260 4308/6654/2260
f 4311/6659/2261 4309/6082/2261 4305/6084/2261 4307/6656/2261
f 4314/6352/2262 4316/6660/2262 4312/6657/2259 4310/6350/2259
f 4316/6660/2263 4315/6661/2263 4311/6658/2263 4312/6657/2263
f 4315/6662/2264 4313/6080/2264 4309/6082/2264 4311/6659/2264
f 4318/6354/2265 4320/6663/2265 4316/6660/2262 4314/6352/2262
f 4320/6663/2266 4319/6664/2266 4315/6661/2266 4316/6660/2266
f 4319/6665/2267 4317/6079/2267 4313/6080/2267 4315/6662/2267
f 4322/6356/2268 4324/6666/2268 4320/6663/2265 4318/6354/2265
f 4324/6666/2269 4323/6667/2269 4319/6664/2269 4320/6663/2269
f 4323/6668/2270 4321/6075/2270 4317/6077/2270 4319/6669/2270
f 4326/6358/2271 4328/6670/2271 4324/6666/2268 4322/6356/2268
f 4328/6670/2272 4327/6671/2272 4323/6667/2272 4324/6666/2272
f 4327/6672/2273 4325/6073/2273 4321/6075/2273 4323/6668/2273
f 4330/6360/2274 4332/6673/2274 4328/6670/2271 4326/6358/2271
f 4332/6673/2275 4331/6674/2275 4327/6671/2275 4328/6670/2275
f 4331/6675/2276 4329/6071/2276 4325/6073/2276 4327/6672/2276
f 4334/6362/2277 4336/6676/2277 4332/6673/2274 4330/6360/2274
f 4336/6676/2278 4335/6677/2278 4331/6674/2278 4332/6673/2278
f 4335/6678/2279 4333/6069/2279 4329/6071/2279 4331/6675/2279
f 4338/6364/2280 4340/6679/2280 4336/6676/2277 4334/6362/2277
f 4340/6679/2281 4339/6680/2281 4335/6677/2281 4336/6676/2281
f 4339/6681/2282 4337/6067/2282 4333/6069/2282 4335/6678/2282
f 4342/6366/2283 4344/6682/2283 4340/6679/2280 4338/6364/2280
f 4344/6682/2284 4343/6683/2284 4339/6680/2284 4340/6679/2284
f 4343/6684/2285 4341/6065/2285 4337/6067/2285 4339/6681/2285
f 4346/6368/2286 4348/6685/2286 4344/6682/2283 4342/6366/2283
f 4348/6685/2287 4347/6686/2287 4343/6683/2287 4344/6682/2287
f 4347/6687/2288 4345/6063/2288 4341/6065/2288 4343/6684/2288
f 4350/6370/2289 4352/6688/2289 4348/6685/2286 4346/6368/2286
f 4352/6688/2290 4351/6689/2290 4347/6686/2290 4348/6685/2290
f 4351/6690/2291 4349/6061/2291 4345/6063/2291 4347/6687/2291
f 4354/6372/2292 4356/6691/2292 4352/6688/2289 4350/6370/2289
f 4356/6691/2293 4355/6692/2293 4351/6689/2293 4352/6688/2293
f 4355/6693/2294 4353/6059/2294 4349/6061/2294 4351/6690/2294
f 4358/6375/2295 4360/6694/2295 4356/6691/2292 4354/6372/2292
f 4360/6694/2296 4359/6695/2296 4355/6692/2296 4356/6691/2296
f 4359/6696/2297 4357/6055/2297 4353/6059/2297 4355/6693/2297
f 4362/6378/2298 4364/6697/2298 4360/6694/2295 4358/6375/2295
f 4364/6697/2299 4363/6698/2299 4359/6695/2299 4360/6694/2299
f 4363/6699/2300 4361/6052/2300 4357/6055/2300 4359/6696/2300
f 4366/6255/2301 4368/6700/2301 4364/6697/2298 4362/6378/2298
f 4368/6700/2302 4367/6701/2302 4363/6698/2302 4364/6697/2302
f 4367/6702/2303 4365/6049/2303 4361/6052/2303 4363/6699/2303
f 4370/6256/2304 4372/6703/2304 4368/6700/2301 4366/6255/2301
f 4372/6703/2305 4371/6704/2305 4367/6701/2305 4368/6700/2305
f 4371/6705/2306 4369/6046/2306 4365/6049/2306 4367/6702/2306
f 4374/6259/2307 4376/6706/2307 4372/6703/2304 4370/6256/2304
f 4376/6706/2308 4375/6707/2308 4371/6704/2308 4372/6703/2308
f 4375/6708/2309 4373/6043/2309 4369/6046/2309 4371/6705/2309
f 4378/6262/2310 4380/6709/2310 4376/6706/2307 4374/6259/2307
f 4380/6709/2311 4379/6710/2311 4375/6707/2311 4376/6706/2311
f 4379/6711/2312 4377/6040/2312 4373/6043/2312 4375/6708/2312
f 4382/6265/2313 4384/6712/2313 4380/6709/2310 4378/6262/2310
f 4384/6712/2314 4383/6713/2314 4379/6710/2314 4380/6709/2314
f 4383/6714/2315 4381/6037/2315 4377/6040/2315 4379/6711/2315
f 4386/6268/2316 4388/6715/2316 4384/6712/2313 4382/6265/2313
f 4388/6715/2317 4387/6716/2317 4383/6713/2317 4384/6712/2317
f 4387/6717/2318 4385/6034/2318 4381/6037/2318 4383/6714/2318
f 4390/6271/2319 4392/6718/2319 4388/6715/2316 4386/6268/2316
f 4392/6718/2320 4391/6719/2320 4387/6716/2320 4388/6715/2320
f 4391/6720/2321 4389/6030/2321 4385/6034/2321 4387/6717/2321
f 4394/6274/2322 4396/6721/2322 4392/6718/2319 4390/6271/2319
f 4396/6721/2323 4395/6722/2323 4391/6719/2323 4392/6718/2323
f 4395/6723/2324 4393/6027/2324 4389/6030/2324 4391/6720/2324
f 4398/6277/2325 4400/6724/2325 4396/6721/2322 4394/6274/2322
f 4400/6724/2326 4399/6725/2326 4395/6722/2326 4396/6721/2326
f 4399/6726/2327 4397/6024/2327 4393/6027/2327 4395/6723/2327
f 4402/6280/2328 4404/6727/2328 4400/6724/2325 4398/6277/2325
f 4404/6727/2329 4403/6728/2329 4399/6725/2329 4400/6724/2329
f 4403/6729/2330 4401/6021/2330 4397/6024/2330 4399/6726/2330
f 4406/6283/2331 4408/6730/2331 4404/6727/2328 4402/6280/2328
f 4408/6730/2332 4407/6731/2332 4403/6728/2332 4404/6727/2332
f 4407/6732/2333 4405/6018/2333 4401/6021/2333 4403/6729/2333
f 4410/6286/2334 4412/6733/2334 4408/6730/2331 4406/6283/2331
f 4412/6733/2335 4411/6734/2335 4407/6731/2335 4408/6730/2335
f 4411/6735/2336 4409/6015/2336 4405/6018/2336 4407/6732/2336
f 4414/6289/2337 4416/6736/2337 4412/6733/2334 4410/6286/2334
f 4416/6736/2338 4415/6737/2338 4411/6734/2338 4412/6733/2338
f 4415/6738/2339 4413/6012/2339 4409/6015/2339 4411/6735/2339
f 4418/6292/2340 4420/6739/2340 4416/6736/2337 4414/6289/2337
f 4420/6739/2341 4419/6740/2341 4415/6737/2341 4416/6736/2341
f 4419/6741/2342 4417/6009/2342 4413/6012/2342 4415/6738/2342
f 4422/6295/2343 4424/6742/2343 4420/6739/2340 4418/6292/2340
f 4424/6742/2344 4423/6743/2344 4419/6740/2344 4420/6739/2344
f 4423/6744/2345 4421/6006/2345 4417/6009/2345 4419/6741/2345
f 4426/6298/2346 4428/6745/2346 4424/6742/2343 4422/6295/2343
f 4428/6745/2347 4427/6746/2347 4423/6743/2347 4424/6742/2347
f 4427/6747/2348 4425/6003/2348 4421/6006/2348 4423/6744/2348
f 4430/6301/2349 4432/6748/2349 4428/6745/2346 4426/6298/2346
f 4432/6748/2350 4431/6749/2350 4427/6746/2350 4428/6745/2350
f 4431/6750/2351 4429/6000/2351 4425/6003/2351 4427/6747/2351
f 4434/6304/2352 4436/6751/2352 4432/6748/2349 4430/6301/2349
f 4436/6751/2353 4435/6752/2353 4431/6749/2353 4432/6748/2353
f 4435/6753/2354 4433/5997/2354 4429/6000/2354 4431/6750/2354
f 4438/6307/2355 4440/6754/2355 4436/6751/2352 4434/6304/2352
f 4440/6754/2356 4439/6755/2356 4435/6752/2356 4436/6751/2356
f 4439/6756/2357 4437/5992/2357 4433/5997/2357 4435/6753/2357
f 4442/6310/2358 4444/6757/2358 4440/6754/2355 4438/6307/2355
f 4444/6757/2359 4443/6758/2359 4439/6755/2359 4440/6754/2359
f 4443/6759/2360 4441/5991/2360 4437/5992/2360 4439/6756/2360
f 4446/6313/2361 4448/6760/2361 4444/6757/2358 4442/6310/2358
f 4448/6760/2362 4447/6761/2362 4443/6758/2362 4444/6757/2362
f 4447/6762/2363 4445/6119/2363 4441/6122/2363 4443/6763/2363
f 4450/6316/2364 4452/6764/2364 4448/6760/2361 4446/6313/2361
f 4452/6764/2365 4451/6765/2365 4447/6761/2365 4448/6760/2365
f 4451/6766/2366 4449/6057/2366 4445/6119/2366 4447/6762/2366
f 3941/6319/1986 3943/6380/1986 4452/6764/2364 4450/6316/2364
f 3943/6380/2367 3944/6382/2367 4451/6765/2367 4452/6764/2367
f 3944/6384/2368 3942/6056/2368 4449/6057/2368 4451/6766/2368
f 3945/6114/1446 3814/2789/1446 3813/2675/1446 3942/6056/1446
